scenario,threshold,alerts,alert_rate,precision,recall,f1,fraud_amount_recall,missed_fraud_cost,residual_detected_fraud_cost,review_cost,friction_cost,total_proxy_cost
low,0.001,6156,0.048045704295704296,0.13482781026640675,0.9845788849347569,0.23717673953421917,0.9948249406025882,655.05,35273.389500000005,6156.0,15978.0,58062.43950000001
low,0.002,5384,0.04202047952047952,0.15397473997028233,0.9833926453143536,0.2662598361972057,0.9929028101392575,879.2075,35206.142250000004,5384.0,13665.0,55134.34975
low,0.003,5384,0.04202047952047952,0.15397473997028233,0.9833926453143536,0.2662598361972057,0.9929028101392575,879.2075,35206.142250000004,5384.0,13665.0,55134.34975
low,0.004,3594,0.028050074925074924,0.22927100723427934,0.9774614472123369,0.37142213207121927,0.9922087092991404,983.3475000000001,35174.900250000006,3594.0,8310.0,48062.24775000001
low,0.005,3594,0.028050074925074924,0.22927100723427934,0.9774614472123369,0.37142213207121927,0.9922087092991404,983.3475000000001,35174.900250000006,3594.0,8310.0,48062.24775000001
low,0.006,3593,0.028042270229770228,0.22933481770108544,0.9774614472123369,0.3715058611361587,0.9922087092991404,983.3475000000001,35174.900250000006,3593.0,8307.0,48058.24775000001
low,0.007,2977,0.023234577922077924,0.27611689620423246,0.9750889679715302,0.43036649214659684,0.9919343666875802,1024.6275,35162.51625000001,2977.0,6465.0,45629.14375000001
low,0.008,2318,0.018091283716283716,0.35202761000862814,0.9679715302491103,0.5162923125593166,0.9882760851432119,1471.7375000000002,35028.383250000006,2318.0,4506.0,43324.12075000001
low,0.009000000000000001,2129,0.016616196303696304,0.38139971817754814,0.963226571767497,0.5464333781965006,0.986441002327571,1700.9700000000005,34959.61350000001,2129.0,3951.0,42740.58350000001
low,0.010000000000000002,2129,0.016616196303696304,0.38139971817754814,0.963226571767497,0.5464333781965006,0.986441002327571,1700.9700000000005,34959.61350000001,2129.0,3951.0,42740.58350000001
low,0.011,2129,0.016616196303696304,0.38139971817754814,0.963226571767497,0.5464333781965006,0.986441002327571,1700.9700000000005,34959.61350000001,2129.0,3951.0,42740.58350000001
low,0.012,1904,0.01486013986013986,0.4254201680672269,0.9608540925266904,0.5897342555515107,0.9859414760027178,1767.9249999999997,34939.527,1904.0,3282.0,41893.452000000005
low,0.013000000000000001,1904,0.01486013986013986,0.4254201680672269,0.9608540925266904,0.5897342555515107,0.9859414760027178,1767.9249999999997,34939.527,1904.0,3282.0,41893.452000000005
low,0.014000000000000002,1904,0.01486013986013986,0.4254201680672269,0.9608540925266904,0.5897342555515107,0.9859414760027178,1767.9249999999997,34939.527,1904.0,3282.0,41893.452000000005
low,0.015,1904,0.01486013986013986,0.4254201680672269,0.9608540925266904,0.5897342555515107,0.9859414760027178,1767.9249999999997,34939.527,1904.0,3282.0,41893.452000000005
low,0.016,1837,0.014337225274725274,0.43984757757212845,0.9584816132858838,0.6029850746268657,0.9859217422790603,1780.175,34935.852000000006,1837.0,3087.0,41640.02700000001
low,0.017,1837,0.014337225274725274,0.43984757757212845,0.9584816132858838,0.6029850746268657,0.9859217422790603,1780.175,34935.852000000006,1837.0,3087.0,41640.02700000001
low,0.018000000000000002,1837,0.014337225274725274,0.43984757757212845,0.9584816132858838,0.6029850746268657,0.9859217422790603,1780.175,34935.852000000006,1837.0,3087.0,41640.02700000001
low,0.019000000000000003,1637,0.012776286213786214,0.48869883934025654,0.9489916963226572,0.6451612903225806,0.9785681894216456,2658.6124999999997,34672.320750000006,1637.0,2511.0,41478.93325000001
low,0.02,1637,0.012776286213786214,0.48869883934025654,0.9489916963226572,0.6451612903225806,0.9785681894216456,2658.6124999999997,34672.320750000006,1637.0,2511.0,41478.93325000001
low,0.021,1637,0.012776286213786214,0.48869883934025654,0.9489916963226572,0.6451612903225806,0.9785681894216456,2658.6124999999997,34672.320750000006,1637.0,2511.0,41478.93325000001
low,0.022000000000000002,1637,0.012776286213786214,0.48869883934025654,0.9489916963226572,0.6451612903225806,0.9785681894216456,2658.6124999999997,34672.320750000006,1637.0,2511.0,41478.93325000001
low,0.023,1390,0.010848526473526474,0.5683453237410072,0.9371293001186239,0.7075682937751904,0.9729963725469174,3343.899999999999,34466.734500000006,1390.0,1800.0,41000.63450000001
low,0.024,1390,0.010848526473526474,0.5683453237410072,0.9371293001186239,0.7075682937751904,0.9729963725469174,3343.899999999999,34466.734500000006,1390.0,1800.0,41000.63450000001
low,0.025,1390,0.010848526473526474,0.5683453237410072,0.9371293001186239,0.7075682937751904,0.9729963725469174,3343.899999999999,34466.734500000006,1390.0,1800.0,41000.63450000001
low,0.026000000000000002,1390,0.010848526473526474,0.5683453237410072,0.9371293001186239,0.7075682937751904,0.9729963725469174,3343.899999999999,34466.734500000006,1390.0,1800.0,41000.63450000001
low,0.027000000000000003,1390,0.010848526473526474,0.5683453237410072,0.9371293001186239,0.7075682937751904,0.9729963725469174,3343.899999999999,34466.734500000006,1390.0,1800.0,41000.63450000001
low,0.028,1390,0.010848526473526474,0.5683453237410072,0.9371293001186239,0.7075682937751904,0.9729963725469174,3343.899999999999,34466.734500000006,1390.0,1800.0,41000.63450000001
low,0.029,1390,0.010848526473526474,0.5683453237410072,0.9371293001186239,0.7075682937751904,0.9729963725469174,3343.899999999999,34466.734500000006,1390.0,1800.0,41000.63450000001
low,0.030000000000000002,1390,0.010848526473526474,0.5683453237410072,0.9371293001186239,0.7075682937751904,0.9729963725469174,3343.899999999999,34466.734500000006,1390.0,1800.0,41000.63450000001
low,0.031,1390,0.010848526473526474,0.5683453237410072,0.9371293001186239,0.7075682937751904,0.9729963725469174,3343.899999999999,34466.734500000006,1390.0,1800.0,41000.63450000001
low,0.032,1390,0.010848526473526474,0.5683453237410072,0.9371293001186239,0.7075682937751904,0.9729963725469174,3343.899999999999,34466.734500000006,1390.0,1800.0,41000.63450000001
low,0.033,1390,0.010848526473526474,0.5683453237410072,0.9371293001186239,0.7075682937751904,0.9729963725469174,3343.899999999999,34466.734500000006,1390.0,1800.0,41000.63450000001
low,0.034,1390,0.010848526473526474,0.5683453237410072,0.9371293001186239,0.7075682937751904,0.9729963725469174,3343.899999999999,34466.734500000006,1390.0,1800.0,41000.63450000001
low,0.035,1390,0.010848526473526474,0.5683453237410072,0.9371293001186239,0.7075682937751904,0.9729963725469174,3343.899999999999,34466.734500000006,1390.0,1800.0,41000.63450000001
low,0.036000000000000004,1390,0.010848526473526474,0.5683453237410072,0.9371293001186239,0.7075682937751904,0.9729963725469174,3343.899999999999,34466.734500000006,1390.0,1800.0,41000.63450000001
low,0.037000000000000005,1390,0.010848526473526474,0.5683453237410072,0.9371293001186239,0.7075682937751904,0.9729963725469174,3343.899999999999,34466.734500000006,1390.0,1800.0,41000.63450000001
low,0.038,1390,0.010848526473526474,0.5683453237410072,0.9371293001186239,0.7075682937751904,0.9729963725469174,3343.899999999999,34466.734500000006,1390.0,1800.0,41000.63450000001
low,0.039,1390,0.010848526473526474,0.5683453237410072,0.9371293001186239,0.7075682937751904,0.9729963725469174,3343.899999999999,34466.734500000006,1390.0,1800.0,41000.63450000001
low,0.04,1390,0.010848526473526474,0.5683453237410072,0.9371293001186239,0.7075682937751904,0.9729963725469174,3343.899999999999,34466.734500000006,1390.0,1800.0,41000.63450000001
low,0.041,1390,0.010848526473526474,0.5683453237410072,0.9371293001186239,0.7075682937751904,0.9729963725469174,3343.899999999999,34466.734500000006,1390.0,1800.0,41000.63450000001
low,0.042,1390,0.010848526473526474,0.5683453237410072,0.9371293001186239,0.7075682937751904,0.9729963725469174,3343.899999999999,34466.734500000006,1390.0,1800.0,41000.63450000001
low,0.043000000000000003,1390,0.010848526473526474,0.5683453237410072,0.9371293001186239,0.7075682937751904,0.9729963725469174,3343.899999999999,34466.734500000006,1390.0,1800.0,41000.63450000001
low,0.044000000000000004,1390,0.010848526473526474,0.5683453237410072,0.9371293001186239,0.7075682937751904,0.9729963725469174,3343.899999999999,34466.734500000006,1390.0,1800.0,41000.63450000001
low,0.045,1390,0.010848526473526474,0.5683453237410072,0.9371293001186239,0.7075682937751904,0.9729963725469174,3343.899999999999,34466.734500000006,1390.0,1800.0,41000.63450000001
low,0.046,1390,0.010848526473526474,0.5683453237410072,0.9371293001186239,0.7075682937751904,0.9729963725469174,3343.899999999999,34466.734500000006,1390.0,1800.0,41000.63450000001
low,0.047,1390,0.010848526473526474,0.5683453237410072,0.9371293001186239,0.7075682937751904,0.9729963725469174,3343.899999999999,34466.734500000006,1390.0,1800.0,41000.63450000001
low,0.048,1390,0.010848526473526474,0.5683453237410072,0.9371293001186239,0.7075682937751904,0.9729963725469174,3343.899999999999,34466.734500000006,1390.0,1800.0,41000.63450000001
low,0.049,1390,0.010848526473526474,0.5683453237410072,0.9371293001186239,0.7075682937751904,0.9729963725469174,3343.899999999999,34466.734500000006,1390.0,1800.0,41000.63450000001
low,0.05,1390,0.010848526473526474,0.5683453237410072,0.9371293001186239,0.7075682937751904,0.9729963725469174,3343.899999999999,34466.734500000006,1390.0,1800.0,41000.63450000001
low,0.051000000000000004,1375,0.010731456043956044,0.5738181818181818,0.9359430604982206,0.7114517583408476,0.9729496036218488,3354.232499999999,34463.634750000005,1375.0,1758.0,40950.86725
low,0.052000000000000005,1375,0.010731456043956044,0.5738181818181818,0.9359430604982206,0.7114517583408476,0.9729496036218488,3354.232499999999,34463.634750000005,1375.0,1758.0,40950.86725
low,0.053000000000000005,1375,0.010731456043956044,0.5738181818181818,0.9359430604982206,0.7114517583408476,0.9729496036218488,3354.232499999999,34463.634750000005,1375.0,1758.0,40950.86725
low,0.054,1375,0.010731456043956044,0.5738181818181818,0.9359430604982206,0.7114517583408476,0.9729496036218488,3354.232499999999,34463.634750000005,1375.0,1758.0,40950.86725
low,0.055,1375,0.010731456043956044,0.5738181818181818,0.9359430604982206,0.7114517583408476,0.9729496036218488,3354.232499999999,34463.634750000005,1375.0,1758.0,40950.86725
low,0.056,1375,0.010731456043956044,0.5738181818181818,0.9359430604982206,0.7114517583408476,0.9729496036218488,3354.232499999999,34463.634750000005,1375.0,1758.0,40950.86725
low,0.057,1375,0.010731456043956044,0.5738181818181818,0.9359430604982206,0.7114517583408476,0.9729496036218488,3354.232499999999,34463.634750000005,1375.0,1758.0,40950.86725
low,0.058,1375,0.010731456043956044,0.5738181818181818,0.9359430604982206,0.7114517583408476,0.9729496036218488,3354.232499999999,34463.634750000005,1375.0,1758.0,40950.86725
low,0.059000000000000004,1375,0.010731456043956044,0.5738181818181818,0.9359430604982206,0.7114517583408476,0.9729496036218488,3354.232499999999,34463.634750000005,1375.0,1758.0,40950.86725
low,0.060000000000000005,1135,0.00885832917082917,0.6792951541850221,0.9145907473309609,0.7795753286147624,0.9599873099001067,4922.1675,33993.254250000005,1135.0,1092.0,41142.42175000001
low,0.061,1134,0.008850524475524476,0.6798941798941799,0.9145907473309609,0.779969650986343,0.9599873099001067,4922.1675,33993.254250000005,1134.0,1089.0,41138.42175000001
low,0.062,1134,0.008850524475524476,0.6798941798941799,0.9145907473309609,0.779969650986343,0.9599873099001067,4922.1675,33993.254250000005,1134.0,1089.0,41138.42175000001
low,0.063,1134,0.008850524475524476,0.6798941798941799,0.9145907473309609,0.779969650986343,0.9599873099001067,4922.1675,33993.254250000005,1134.0,1089.0,41138.42175000001
low,0.064,1134,0.008850524475524476,0.6798941798941799,0.9145907473309609,0.779969650986343,0.9599873099001067,4922.1675,33993.254250000005,1134.0,1089.0,41138.42175000001
low,0.065,1134,0.008850524475524476,0.6798941798941799,0.9145907473309609,0.779969650986343,0.9599873099001067,4922.1675,33993.254250000005,1134.0,1089.0,41138.42175000001
low,0.066,1134,0.008850524475524476,0.6798941798941799,0.9145907473309609,0.779969650986343,0.9599873099001067,4922.1675,33993.254250000005,1134.0,1089.0,41138.42175000001
low,0.067,1134,0.008850524475524476,0.6798941798941799,0.9145907473309609,0.779969650986343,0.9599873099001067,4922.1675,33993.254250000005,1134.0,1089.0,41138.42175000001
low,0.068,1134,0.008850524475524476,0.6798941798941799,0.9145907473309609,0.779969650986343,0.9599873099001067,4922.1675,33993.254250000005,1134.0,1089.0,41138.42175000001
low,0.069,1134,0.008850524475524476,0.6798941798941799,0.9145907473309609,0.779969650986343,0.9599873099001067,4922.1675,33993.254250000005,1134.0,1089.0,41138.42175000001
low,0.07,1134,0.008850524475524476,0.6798941798941799,0.9145907473309609,0.779969650986343,0.9599873099001067,4922.1675,33993.254250000005,1134.0,1089.0,41138.42175000001
low,0.07100000000000001,1134,0.008850524475524476,0.6798941798941799,0.9145907473309609,0.779969650986343,0.9599873099001067,4922.1675,33993.254250000005,1134.0,1089.0,41138.42175000001
low,0.07200000000000001,1134,0.008850524475524476,0.6798941798941799,0.9145907473309609,0.779969650986343,0.9599873099001067,4922.1675,33993.254250000005,1134.0,1089.0,41138.42175000001
low,0.07300000000000001,1134,0.008850524475524476,0.6798941798941799,0.9145907473309609,0.779969650986343,0.9599873099001067,4922.1675,33993.254250000005,1134.0,1089.0,41138.42175000001
low,0.074,1134,0.008850524475524476,0.6798941798941799,0.9145907473309609,0.779969650986343,0.9599873099001067,4922.1675,33993.254250000005,1134.0,1089.0,41138.42175000001
low,0.075,1134,0.008850524475524476,0.6798941798941799,0.9145907473309609,0.779969650986343,0.9599873099001067,4922.1675,33993.254250000005,1134.0,1089.0,41138.42175000001
low,0.076,1134,0.008850524475524476,0.6798941798941799,0.9145907473309609,0.779969650986343,0.9599873099001067,4922.1675,33993.254250000005,1134.0,1089.0,41138.42175000001
low,0.077,1134,0.008850524475524476,0.6798941798941799,0.9145907473309609,0.779969650986343,0.9599873099001067,4922.1675,33993.254250000005,1134.0,1089.0,41138.42175000001
low,0.078,1134,0.008850524475524476,0.6798941798941799,0.9145907473309609,0.779969650986343,0.9599873099001067,4922.1675,33993.254250000005,1134.0,1089.0,41138.42175000001
low,0.079,1134,0.008850524475524476,0.6798941798941799,0.9145907473309609,0.779969650986343,0.9599873099001067,4922.1675,33993.254250000005,1134.0,1089.0,41138.42175000001
low,0.08,1134,0.008850524475524476,0.6798941798941799,0.9145907473309609,0.779969650986343,0.9599873099001067,4922.1675,33993.254250000005,1134.0,1089.0,41138.42175000001
low,0.081,1134,0.008850524475524476,0.6798941798941799,0.9145907473309609,0.779969650986343,0.9599873099001067,4922.1675,33993.254250000005,1134.0,1089.0,41138.42175000001
low,0.082,1134,0.008850524475524476,0.6798941798941799,0.9145907473309609,0.779969650986343,0.9599873099001067,4922.1675,33993.254250000005,1134.0,1089.0,41138.42175000001
low,0.083,1134,0.008850524475524476,0.6798941798941799,0.9145907473309609,0.779969650986343,0.9599873099001067,4922.1675,33993.254250000005,1134.0,1089.0,41138.42175000001
low,0.084,1134,0.008850524475524476,0.6798941798941799,0.9145907473309609,0.779969650986343,0.9599873099001067,4922.1675,33993.254250000005,1134.0,1089.0,41138.42175000001
low,0.085,1134,0.008850524475524476,0.6798941798941799,0.9145907473309609,0.779969650986343,0.9599873099001067,4922.1675,33993.254250000005,1134.0,1089.0,41138.42175000001
low,0.08600000000000001,1134,0.008850524475524476,0.6798941798941799,0.9145907473309609,0.779969650986343,0.9599873099001067,4922.1675,33993.254250000005,1134.0,1089.0,41138.42175000001
low,0.08700000000000001,1134,0.008850524475524476,0.6798941798941799,0.9145907473309609,0.779969650986343,0.9599873099001067,4922.1675,33993.254250000005,1134.0,1089.0,41138.42175000001
low,0.08800000000000001,1134,0.008850524475524476,0.6798941798941799,0.9145907473309609,0.779969650986343,0.9599873099001067,4922.1675,33993.254250000005,1134.0,1089.0,41138.42175000001
low,0.089,1134,0.008850524475524476,0.6798941798941799,0.9145907473309609,0.779969650986343,0.9599873099001067,4922.1675,33993.254250000005,1134.0,1089.0,41138.42175000001
low,0.09,1134,0.008850524475524476,0.6798941798941799,0.9145907473309609,0.779969650986343,0.9599873099001067,4922.1675,33993.254250000005,1134.0,1089.0,41138.42175000001
low,0.091,1134,0.008850524475524476,0.6798941798941799,0.9145907473309609,0.779969650986343,0.9599873099001067,4922.1675,33993.254250000005,1134.0,1089.0,41138.42175000001
low,0.092,1069,0.00834321928071928,0.715622076707203,0.9074733096085409,0.8002092050209205,0.9568653471120332,5308.1275,33877.466250000005,1069.0,912.0,41166.59375000001
low,0.093,1069,0.00834321928071928,0.715622076707203,0.9074733096085409,0.8002092050209205,0.9568653471120332,5308.1275,33877.466250000005,1069.0,912.0,41166.59375000001
low,0.094,1069,0.00834321928071928,0.715622076707203,0.9074733096085409,0.8002092050209205,0.9568653471120332,5308.1275,33877.466250000005,1069.0,912.0,41166.59375000001
low,0.095,1069,0.00834321928071928,0.715622076707203,0.9074733096085409,0.8002092050209205,0.9568653471120332,5308.1275,33877.466250000005,1069.0,912.0,41166.59375000001
low,0.096,1069,0.00834321928071928,0.715622076707203,0.9074733096085409,0.8002092050209205,0.9568653471120332,5308.1275,33877.466250000005,1069.0,912.0,41166.59375000001
low,0.097,1069,0.00834321928071928,0.715622076707203,0.9074733096085409,0.8002092050209205,0.9568653471120332,5308.1275,33877.466250000005,1069.0,912.0,41166.59375000001
low,0.098,1069,0.00834321928071928,0.715622076707203,0.9074733096085409,0.8002092050209205,0.9568653471120332,5308.1275,33877.466250000005,1069.0,912.0,41166.59375000001
low,0.099,1069,0.00834321928071928,0.715622076707203,0.9074733096085409,0.8002092050209205,0.9568653471120332,5308.1275,33877.466250000005,1069.0,912.0,41166.59375000001
low,0.1,1069,0.00834321928071928,0.715622076707203,0.9074733096085409,0.8002092050209205,0.9568653471120332,5308.1275,33877.466250000005,1069.0,912.0,41166.59375000001
low,0.101,1015,0.007921765734265734,0.7467980295566502,0.8991696322657177,0.8159311087190527,0.9516864067489686,5933.619999999999,33689.8185,1015.0,771.0,41409.438500000004
low,0.10200000000000001,971,0.007578359140859141,0.7744593202883625,0.8920521945432978,0.8291069459757442,0.9460746181206541,6603.464999999998,33488.865,971.0,657.0,41720.329999999994
low,0.10300000000000001,971,0.007578359140859141,0.7744593202883625,0.8920521945432978,0.8291069459757442,0.9460746181206541,6603.464999999998,33488.865,971.0,657.0,41720.329999999994
low,0.10400000000000001,971,0.007578359140859141,0.7744593202883625,0.8920521945432978,0.8291069459757442,0.9460746181206541,6603.464999999998,33488.865,971.0,657.0,41720.329999999994
low,0.10500000000000001,971,0.007578359140859141,0.7744593202883625,0.8920521945432978,0.8291069459757442,0.9460746181206541,6603.464999999998,33488.865,971.0,657.0,41720.329999999994
low,0.106,971,0.007578359140859141,0.7744593202883625,0.8920521945432978,0.8291069459757442,0.9460746181206541,6603.464999999998,33488.865,971.0,657.0,41720.329999999994
low,0.107,971,0.007578359140859141,0.7744593202883625,0.8920521945432978,0.8291069459757442,0.9460746181206541,6603.464999999998,33488.865,971.0,657.0,41720.329999999994
low,0.108,971,0.007578359140859141,0.7744593202883625,0.8920521945432978,0.8291069459757442,0.9460746181206541,6603.464999999998,33488.865,971.0,657.0,41720.329999999994
low,0.109,971,0.007578359140859141,0.7744593202883625,0.8920521945432978,0.8291069459757442,0.9460746181206541,6603.464999999998,33488.865,971.0,657.0,41720.329999999994
low,0.11,971,0.007578359140859141,0.7744593202883625,0.8920521945432978,0.8291069459757442,0.9460746181206541,6603.464999999998,33488.865,971.0,657.0,41720.329999999994
low,0.111,971,0.007578359140859141,0.7744593202883625,0.8920521945432978,0.8291069459757442,0.9460746181206541,6603.464999999998,33488.865,971.0,657.0,41720.329999999994
low,0.112,971,0.007578359140859141,0.7744593202883625,0.8920521945432978,0.8291069459757442,0.9460746181206541,6603.464999999998,33488.865,971.0,657.0,41720.329999999994
low,0.113,971,0.007578359140859141,0.7744593202883625,0.8920521945432978,0.8291069459757442,0.9460746181206541,6603.464999999998,33488.865,971.0,657.0,41720.329999999994
low,0.114,971,0.007578359140859141,0.7744593202883625,0.8920521945432978,0.8291069459757442,0.9460746181206541,6603.464999999998,33488.865,971.0,657.0,41720.329999999994
low,0.115,971,0.007578359140859141,0.7744593202883625,0.8920521945432978,0.8291069459757442,0.9460746181206541,6603.464999999998,33488.865,971.0,657.0,41720.329999999994
low,0.116,971,0.007578359140859141,0.7744593202883625,0.8920521945432978,0.8291069459757442,0.9460746181206541,6603.464999999998,33488.865,971.0,657.0,41720.329999999994
low,0.117,971,0.007578359140859141,0.7744593202883625,0.8920521945432978,0.8291069459757442,0.9460746181206541,6603.464999999998,33488.865,971.0,657.0,41720.329999999994
low,0.11800000000000001,971,0.007578359140859141,0.7744593202883625,0.8920521945432978,0.8291069459757442,0.9460746181206541,6603.464999999998,33488.865,971.0,657.0,41720.329999999994
low,0.11900000000000001,971,0.007578359140859141,0.7744593202883625,0.8920521945432978,0.8291069459757442,0.9460746181206541,6603.464999999998,33488.865,971.0,657.0,41720.329999999994
low,0.12000000000000001,971,0.007578359140859141,0.7744593202883625,0.8920521945432978,0.8291069459757442,0.9460746181206541,6603.464999999998,33488.865,971.0,657.0,41720.329999999994
low,0.121,971,0.007578359140859141,0.7744593202883625,0.8920521945432978,0.8291069459757442,0.9460746181206541,6603.464999999998,33488.865,971.0,657.0,41720.329999999994
low,0.122,971,0.007578359140859141,0.7744593202883625,0.8920521945432978,0.8291069459757442,0.9460746181206541,6603.464999999998,33488.865,971.0,657.0,41720.329999999994
low,0.123,971,0.007578359140859141,0.7744593202883625,0.8920521945432978,0.8291069459757442,0.9460746181206541,6603.464999999998,33488.865,971.0,657.0,41720.329999999994
low,0.124,971,0.007578359140859141,0.7744593202883625,0.8920521945432978,0.8291069459757442,0.9460746181206541,6603.464999999998,33488.865,971.0,657.0,41720.329999999994
low,0.125,971,0.007578359140859141,0.7744593202883625,0.8920521945432978,0.8291069459757442,0.9460746181206541,6603.464999999998,33488.865,971.0,657.0,41720.329999999994
low,0.126,971,0.007578359140859141,0.7744593202883625,0.8920521945432978,0.8291069459757442,0.9460746181206541,6603.464999999998,33488.865,971.0,657.0,41720.329999999994
low,0.127,971,0.007578359140859141,0.7744593202883625,0.8920521945432978,0.8291069459757442,0.9460746181206541,6603.464999999998,33488.865,971.0,657.0,41720.329999999994
low,0.128,971,0.007578359140859141,0.7744593202883625,0.8920521945432978,0.8291069459757442,0.9460746181206541,6603.464999999998,33488.865,971.0,657.0,41720.329999999994
low,0.129,971,0.007578359140859141,0.7744593202883625,0.8920521945432978,0.8291069459757442,0.9460746181206541,6603.464999999998,33488.865,971.0,657.0,41720.329999999994
low,0.13,971,0.007578359140859141,0.7744593202883625,0.8920521945432978,0.8291069459757442,0.9460746181206541,6603.464999999998,33488.865,971.0,657.0,41720.329999999994
low,0.131,971,0.007578359140859141,0.7744593202883625,0.8920521945432978,0.8291069459757442,0.9460746181206541,6603.464999999998,33488.865,971.0,657.0,41720.329999999994
low,0.132,971,0.007578359140859141,0.7744593202883625,0.8920521945432978,0.8291069459757442,0.9460746181206541,6603.464999999998,33488.865,971.0,657.0,41720.329999999994
low,0.133,971,0.007578359140859141,0.7744593202883625,0.8920521945432978,0.8291069459757442,0.9460746181206541,6603.464999999998,33488.865,971.0,657.0,41720.329999999994
low,0.134,971,0.007578359140859141,0.7744593202883625,0.8920521945432978,0.8291069459757442,0.9460746181206541,6603.464999999998,33488.865,971.0,657.0,41720.329999999994
low,0.135,971,0.007578359140859141,0.7744593202883625,0.8920521945432978,0.8291069459757442,0.9460746181206541,6603.464999999998,33488.865,971.0,657.0,41720.329999999994
low,0.136,886,0.00691496003996004,0.8250564334085779,0.867141162514828,0.8455754771544245,0.9198725087434649,9695.9775,32561.111250000005,886.0,465.0,43608.08875000001
low,0.137,886,0.00691496003996004,0.8250564334085779,0.867141162514828,0.8455754771544245,0.9198725087434649,9695.9775,32561.111250000005,886.0,465.0,43608.08875000001
low,0.138,886,0.00691496003996004,0.8250564334085779,0.867141162514828,0.8455754771544245,0.9198725087434649,9695.9775,32561.111250000005,886.0,465.0,43608.08875000001
low,0.139,886,0.00691496003996004,0.8250564334085779,0.867141162514828,0.8455754771544245,0.9198725087434649,9695.9775,32561.111250000005,886.0,465.0,43608.08875000001
low,0.14,886,0.00691496003996004,0.8250564334085779,0.867141162514828,0.8455754771544245,0.9198725087434649,9695.9775,32561.111250000005,886.0,465.0,43608.08875000001
low,0.14100000000000001,886,0.00691496003996004,0.8250564334085779,0.867141162514828,0.8455754771544245,0.9198725087434649,9695.9775,32561.111250000005,886.0,465.0,43608.08875000001
low,0.14200000000000002,886,0.00691496003996004,0.8250564334085779,0.867141162514828,0.8455754771544245,0.9198725087434649,9695.9775,32561.111250000005,886.0,465.0,43608.08875000001
low,0.14300000000000002,836,0.006524725274725275,0.8660287081339713,0.8588374851720048,0.8624181060154854,0.914909959623486,10296.797500000002,32380.865250000006,836.0,336.0,43849.66275000001
low,0.14400000000000002,836,0.006524725274725275,0.8660287081339713,0.8588374851720048,0.8624181060154854,0.914909959623486,10296.797500000002,32380.865250000006,836.0,336.0,43849.66275000001
low,0.14500000000000002,836,0.006524725274725275,0.8660287081339713,0.8588374851720048,0.8624181060154854,0.914909959623486,10296.797500000002,32380.865250000006,836.0,336.0,43849.66275000001
low,0.146,836,0.006524725274725275,0.8660287081339713,0.8588374851720048,0.8624181060154854,0.914909959623486,10296.797500000002,32380.865250000006,836.0,336.0,43849.66275000001
low,0.147,836,0.006524725274725275,0.8660287081339713,0.8588374851720048,0.8624181060154854,0.914909959623486,10296.797500000002,32380.865250000006,836.0,336.0,43849.66275000001
low,0.148,836,0.006524725274725275,0.8660287081339713,0.8588374851720048,0.8624181060154854,0.914909959623486,10296.797500000002,32380.865250000006,836.0,336.0,43849.66275000001
low,0.149,836,0.006524725274725275,0.8660287081339713,0.8588374851720048,0.8624181060154854,0.914909959623486,10296.797500000002,32380.865250000006,836.0,336.0,43849.66275000001
low,0.15,836,0.006524725274725275,0.8660287081339713,0.8588374851720048,0.8624181060154854,0.914909959623486,10296.797500000002,32380.865250000006,836.0,336.0,43849.66275000001
low,0.151,821,0.006407654845154845,0.8757612667478685,0.8529062870699882,0.8641826923076923,0.9081766596269898,11089.515,32143.050000000007,821.0,306.0,44359.565
low,0.152,821,0.006407654845154845,0.8757612667478685,0.8529062870699882,0.8641826923076923,0.9081766596269898,11089.515,32143.050000000007,821.0,306.0,44359.565
low,0.153,821,0.006407654845154845,0.8757612667478685,0.8529062870699882,0.8641826923076923,0.9081766596269898,11089.515,32143.050000000007,821.0,306.0,44359.565
low,0.154,821,0.006407654845154845,0.8757612667478685,0.8529062870699882,0.8641826923076923,0.9081766596269898,11089.515,32143.050000000007,821.0,306.0,44359.565
low,0.155,821,0.006407654845154845,0.8757612667478685,0.8529062870699882,0.8641826923076923,0.9081766596269898,11089.515,32143.050000000007,821.0,306.0,44359.565
low,0.156,821,0.006407654845154845,0.8757612667478685,0.8529062870699882,0.8641826923076923,0.9081766596269898,11089.515,32143.050000000007,821.0,306.0,44359.565
low,0.157,821,0.006407654845154845,0.8757612667478685,0.8529062870699882,0.8641826923076923,0.9081766596269898,11089.515,32143.050000000007,821.0,306.0,44359.565
low,0.158,821,0.006407654845154845,0.8757612667478685,0.8529062870699882,0.8641826923076923,0.9081766596269898,11089.515,32143.050000000007,821.0,306.0,44359.565
low,0.159,821,0.006407654845154845,0.8757612667478685,0.8529062870699882,0.8641826923076923,0.9081766596269898,11089.515,32143.050000000007,821.0,306.0,44359.565
low,0.16,821,0.006407654845154845,0.8757612667478685,0.8529062870699882,0.8641826923076923,0.9081766596269898,11089.515,32143.050000000007,821.0,306.0,44359.565
low,0.161,821,0.006407654845154845,0.8757612667478685,0.8529062870699882,0.8641826923076923,0.9081766596269898,11089.515,32143.050000000007,821.0,306.0,44359.565
low,0.162,821,0.006407654845154845,0.8757612667478685,0.8529062870699882,0.8641826923076923,0.9081766596269898,11089.515,32143.050000000007,821.0,306.0,44359.565
low,0.163,821,0.006407654845154845,0.8757612667478685,0.8529062870699882,0.8641826923076923,0.9081766596269898,11089.515,32143.050000000007,821.0,306.0,44359.565
low,0.164,821,0.006407654845154845,0.8757612667478685,0.8529062870699882,0.8641826923076923,0.9081766596269898,11089.515,32143.050000000007,821.0,306.0,44359.565
low,0.165,821,0.006407654845154845,0.8757612667478685,0.8529062870699882,0.8641826923076923,0.9081766596269898,11089.515,32143.050000000007,821.0,306.0,44359.565
low,0.166,821,0.006407654845154845,0.8757612667478685,0.8529062870699882,0.8641826923076923,0.9081766596269898,11089.515,32143.050000000007,821.0,306.0,44359.565
low,0.167,821,0.006407654845154845,0.8757612667478685,0.8529062870699882,0.8641826923076923,0.9081766596269898,11089.515,32143.050000000007,821.0,306.0,44359.565
low,0.168,821,0.006407654845154845,0.8757612667478685,0.8529062870699882,0.8641826923076923,0.9081766596269898,11089.515,32143.050000000007,821.0,306.0,44359.565
low,0.169,821,0.006407654845154845,0.8757612667478685,0.8529062870699882,0.8641826923076923,0.9081766596269898,11089.515,32143.050000000007,821.0,306.0,44359.565
low,0.17,821,0.006407654845154845,0.8757612667478685,0.8529062870699882,0.8641826923076923,0.9081766596269898,11089.515,32143.050000000007,821.0,306.0,44359.565
low,0.171,821,0.006407654845154845,0.8757612667478685,0.8529062870699882,0.8641826923076923,0.9081766596269898,11089.515,32143.050000000007,821.0,306.0,44359.565
low,0.17200000000000001,821,0.006407654845154845,0.8757612667478685,0.8529062870699882,0.8641826923076923,0.9081766596269898,11089.515,32143.050000000007,821.0,306.0,44359.565
low,0.17300000000000001,821,0.006407654845154845,0.8757612667478685,0.8529062870699882,0.8641826923076923,0.9081766596269898,11089.515,32143.050000000007,821.0,306.0,44359.565
low,0.17400000000000002,821,0.006407654845154845,0.8757612667478685,0.8529062870699882,0.8641826923076923,0.9081766596269898,11089.515,32143.050000000007,821.0,306.0,44359.565
low,0.17500000000000002,821,0.006407654845154845,0.8757612667478685,0.8529062870699882,0.8641826923076923,0.9081766596269898,11089.515,32143.050000000007,821.0,306.0,44359.565
low,0.17600000000000002,821,0.006407654845154845,0.8757612667478685,0.8529062870699882,0.8641826923076923,0.9081766596269898,11089.515,32143.050000000007,821.0,306.0,44359.565
low,0.177,821,0.006407654845154845,0.8757612667478685,0.8529062870699882,0.8641826923076923,0.9081766596269898,11089.515,32143.050000000007,821.0,306.0,44359.565
low,0.178,821,0.006407654845154845,0.8757612667478685,0.8529062870699882,0.8641826923076923,0.9081766596269898,11089.515,32143.050000000007,821.0,306.0,44359.565
low,0.179,821,0.006407654845154845,0.8757612667478685,0.8529062870699882,0.8641826923076923,0.9081766596269898,11089.515,32143.050000000007,821.0,306.0,44359.565
low,0.18,821,0.006407654845154845,0.8757612667478685,0.8529062870699882,0.8641826923076923,0.9081766596269898,11089.515,32143.050000000007,821.0,306.0,44359.565
low,0.181,821,0.006407654845154845,0.8757612667478685,0.8529062870699882,0.8641826923076923,0.9081766596269898,11089.515,32143.050000000007,821.0,306.0,44359.565
low,0.182,821,0.006407654845154845,0.8757612667478685,0.8529062870699882,0.8641826923076923,0.9081766596269898,11089.515,32143.050000000007,821.0,306.0,44359.565
low,0.183,821,0.006407654845154845,0.8757612667478685,0.8529062870699882,0.8641826923076923,0.9081766596269898,11089.515,32143.050000000007,821.0,306.0,44359.565
low,0.184,821,0.006407654845154845,0.8757612667478685,0.8529062870699882,0.8641826923076923,0.9081766596269898,11089.515,32143.050000000007,821.0,306.0,44359.565
low,0.185,821,0.006407654845154845,0.8757612667478685,0.8529062870699882,0.8641826923076923,0.9081766596269898,11089.515,32143.050000000007,821.0,306.0,44359.565
low,0.186,821,0.006407654845154845,0.8757612667478685,0.8529062870699882,0.8641826923076923,0.9081766596269898,11089.515,32143.050000000007,821.0,306.0,44359.565
low,0.187,821,0.006407654845154845,0.8757612667478685,0.8529062870699882,0.8641826923076923,0.9081766596269898,11089.515,32143.050000000007,821.0,306.0,44359.565
low,0.188,821,0.006407654845154845,0.8757612667478685,0.8529062870699882,0.8641826923076923,0.9081766596269898,11089.515,32143.050000000007,821.0,306.0,44359.565
low,0.189,821,0.006407654845154845,0.8757612667478685,0.8529062870699882,0.8641826923076923,0.9081766596269898,11089.515,32143.050000000007,821.0,306.0,44359.565
low,0.19,821,0.006407654845154845,0.8757612667478685,0.8529062870699882,0.8641826923076923,0.9081766596269898,11089.515,32143.050000000007,821.0,306.0,44359.565
low,0.191,821,0.006407654845154845,0.8757612667478685,0.8529062870699882,0.8641826923076923,0.9081766596269898,11089.515,32143.050000000007,821.0,306.0,44359.565
low,0.192,821,0.006407654845154845,0.8757612667478685,0.8529062870699882,0.8641826923076923,0.9081766596269898,11089.515,32143.050000000007,821.0,306.0,44359.565
low,0.193,821,0.006407654845154845,0.8757612667478685,0.8529062870699882,0.8641826923076923,0.9081766596269898,11089.515,32143.050000000007,821.0,306.0,44359.565
low,0.194,821,0.006407654845154845,0.8757612667478685,0.8529062870699882,0.8641826923076923,0.9081766596269898,11089.515,32143.050000000007,821.0,306.0,44359.565
low,0.195,821,0.006407654845154845,0.8757612667478685,0.8529062870699882,0.8641826923076923,0.9081766596269898,11089.515,32143.050000000007,821.0,306.0,44359.565
low,0.196,821,0.006407654845154845,0.8757612667478685,0.8529062870699882,0.8641826923076923,0.9081766596269898,11089.515,32143.050000000007,821.0,306.0,44359.565
low,0.197,821,0.006407654845154845,0.8757612667478685,0.8529062870699882,0.8641826923076923,0.9081766596269898,11089.515,32143.050000000007,821.0,306.0,44359.565
low,0.198,821,0.006407654845154845,0.8757612667478685,0.8529062870699882,0.8641826923076923,0.9081766596269898,11089.515,32143.050000000007,821.0,306.0,44359.565
low,0.199,821,0.006407654845154845,0.8757612667478685,0.8529062870699882,0.8641826923076923,0.9081766596269898,11089.515,32143.050000000007,821.0,306.0,44359.565
low,0.2,821,0.006407654845154845,0.8757612667478685,0.8529062870699882,0.8641826923076923,0.9081766596269898,11089.515,32143.050000000007,821.0,306.0,44359.565
low,0.201,821,0.006407654845154845,0.8757612667478685,0.8529062870699882,0.8641826923076923,0.9081766596269898,11089.515,32143.050000000007,821.0,306.0,44359.565
low,0.202,821,0.006407654845154845,0.8757612667478685,0.8529062870699882,0.8641826923076923,0.9081766596269898,11089.515,32143.050000000007,821.0,306.0,44359.565
low,0.203,821,0.006407654845154845,0.8757612667478685,0.8529062870699882,0.8641826923076923,0.9081766596269898,11089.515,32143.050000000007,821.0,306.0,44359.565
low,0.20400000000000001,821,0.006407654845154845,0.8757612667478685,0.8529062870699882,0.8641826923076923,0.9081766596269898,11089.515,32143.050000000007,821.0,306.0,44359.565
low,0.20500000000000002,821,0.006407654845154845,0.8757612667478685,0.8529062870699882,0.8641826923076923,0.9081766596269898,11089.515,32143.050000000007,821.0,306.0,44359.565
low,0.20600000000000002,821,0.006407654845154845,0.8757612667478685,0.8529062870699882,0.8641826923076923,0.9081766596269898,11089.515,32143.050000000007,821.0,306.0,44359.565
low,0.20700000000000002,821,0.006407654845154845,0.8757612667478685,0.8529062870699882,0.8641826923076923,0.9081766596269898,11089.515,32143.050000000007,821.0,306.0,44359.565
low,0.20800000000000002,821,0.006407654845154845,0.8757612667478685,0.8529062870699882,0.8641826923076923,0.9081766596269898,11089.515,32143.050000000007,821.0,306.0,44359.565
low,0.20900000000000002,821,0.006407654845154845,0.8757612667478685,0.8529062870699882,0.8641826923076923,0.9081766596269898,11089.515,32143.050000000007,821.0,306.0,44359.565
low,0.21,821,0.006407654845154845,0.8757612667478685,0.8529062870699882,0.8641826923076923,0.9081766596269898,11089.515,32143.050000000007,821.0,306.0,44359.565
low,0.211,821,0.006407654845154845,0.8757612667478685,0.8529062870699882,0.8641826923076923,0.9081766596269898,11089.515,32143.050000000007,821.0,306.0,44359.565
low,0.212,821,0.006407654845154845,0.8757612667478685,0.8529062870699882,0.8641826923076923,0.9081766596269898,11089.515,32143.050000000007,821.0,306.0,44359.565
low,0.213,821,0.006407654845154845,0.8757612667478685,0.8529062870699882,0.8641826923076923,0.9081766596269898,11089.515,32143.050000000007,821.0,306.0,44359.565
low,0.214,821,0.006407654845154845,0.8757612667478685,0.8529062870699882,0.8641826923076923,0.9081766596269898,11089.515,32143.050000000007,821.0,306.0,44359.565
low,0.215,821,0.006407654845154845,0.8757612667478685,0.8529062870699882,0.8641826923076923,0.9081766596269898,11089.515,32143.050000000007,821.0,306.0,44359.565
low,0.216,821,0.006407654845154845,0.8757612667478685,0.8529062870699882,0.8641826923076923,0.9081766596269898,11089.515,32143.050000000007,821.0,306.0,44359.565
low,0.217,821,0.006407654845154845,0.8757612667478685,0.8529062870699882,0.8641826923076923,0.9081766596269898,11089.515,32143.050000000007,821.0,306.0,44359.565
low,0.218,821,0.006407654845154845,0.8757612667478685,0.8529062870699882,0.8641826923076923,0.9081766596269898,11089.515,32143.050000000007,821.0,306.0,44359.565
low,0.219,821,0.006407654845154845,0.8757612667478685,0.8529062870699882,0.8641826923076923,0.9081766596269898,11089.515,32143.050000000007,821.0,306.0,44359.565
low,0.22,821,0.006407654845154845,0.8757612667478685,0.8529062870699882,0.8641826923076923,0.9081766596269898,11089.515,32143.050000000007,821.0,306.0,44359.565
low,0.221,821,0.006407654845154845,0.8757612667478685,0.8529062870699882,0.8641826923076923,0.9081766596269898,11089.515,32143.050000000007,821.0,306.0,44359.565
low,0.222,821,0.006407654845154845,0.8757612667478685,0.8529062870699882,0.8641826923076923,0.9081766596269898,11089.515,32143.050000000007,821.0,306.0,44359.565
low,0.223,821,0.006407654845154845,0.8757612667478685,0.8529062870699882,0.8641826923076923,0.9081766596269898,11089.515,32143.050000000007,821.0,306.0,44359.565
low,0.224,821,0.006407654845154845,0.8757612667478685,0.8529062870699882,0.8641826923076923,0.9081766596269898,11089.515,32143.050000000007,821.0,306.0,44359.565
low,0.225,821,0.006407654845154845,0.8757612667478685,0.8529062870699882,0.8641826923076923,0.9081766596269898,11089.515,32143.050000000007,821.0,306.0,44359.565
low,0.226,821,0.006407654845154845,0.8757612667478685,0.8529062870699882,0.8641826923076923,0.9081766596269898,11089.515,32143.050000000007,821.0,306.0,44359.565
low,0.227,821,0.006407654845154845,0.8757612667478685,0.8529062870699882,0.8641826923076923,0.9081766596269898,11089.515,32143.050000000007,821.0,306.0,44359.565
low,0.228,821,0.006407654845154845,0.8757612667478685,0.8529062870699882,0.8641826923076923,0.9081766596269898,11089.515,32143.050000000007,821.0,306.0,44359.565
low,0.229,821,0.006407654845154845,0.8757612667478685,0.8529062870699882,0.8641826923076923,0.9081766596269898,11089.515,32143.050000000007,821.0,306.0,44359.565
low,0.23,821,0.006407654845154845,0.8757612667478685,0.8529062870699882,0.8641826923076923,0.9081766596269898,11089.515,32143.050000000007,821.0,306.0,44359.565
low,0.231,821,0.006407654845154845,0.8757612667478685,0.8529062870699882,0.8641826923076923,0.9081766596269898,11089.515,32143.050000000007,821.0,306.0,44359.565
low,0.232,821,0.006407654845154845,0.8757612667478685,0.8529062870699882,0.8641826923076923,0.9081766596269898,11089.515,32143.050000000007,821.0,306.0,44359.565
low,0.233,821,0.006407654845154845,0.8757612667478685,0.8529062870699882,0.8641826923076923,0.9081766596269898,11089.515,32143.050000000007,821.0,306.0,44359.565
low,0.234,821,0.006407654845154845,0.8757612667478685,0.8529062870699882,0.8641826923076923,0.9081766596269898,11089.515,32143.050000000007,821.0,306.0,44359.565
low,0.23500000000000001,821,0.006407654845154845,0.8757612667478685,0.8529062870699882,0.8641826923076923,0.9081766596269898,11089.515,32143.050000000007,821.0,306.0,44359.565
low,0.23600000000000002,821,0.006407654845154845,0.8757612667478685,0.8529062870699882,0.8641826923076923,0.9081766596269898,11089.515,32143.050000000007,821.0,306.0,44359.565
low,0.23700000000000002,821,0.006407654845154845,0.8757612667478685,0.8529062870699882,0.8641826923076923,0.9081766596269898,11089.515,32143.050000000007,821.0,306.0,44359.565
low,0.23800000000000002,821,0.006407654845154845,0.8757612667478685,0.8529062870699882,0.8641826923076923,0.9081766596269898,11089.515,32143.050000000007,821.0,306.0,44359.565
low,0.23900000000000002,821,0.006407654845154845,0.8757612667478685,0.8529062870699882,0.8641826923076923,0.9081766596269898,11089.515,32143.050000000007,821.0,306.0,44359.565
low,0.24000000000000002,821,0.006407654845154845,0.8757612667478685,0.8529062870699882,0.8641826923076923,0.9081766596269898,11089.515,32143.050000000007,821.0,306.0,44359.565
low,0.241,821,0.006407654845154845,0.8757612667478685,0.8529062870699882,0.8641826923076923,0.9081766596269898,11089.515,32143.050000000007,821.0,306.0,44359.565
low,0.242,821,0.006407654845154845,0.8757612667478685,0.8529062870699882,0.8641826923076923,0.9081766596269898,11089.515,32143.050000000007,821.0,306.0,44359.565
low,0.243,821,0.006407654845154845,0.8757612667478685,0.8529062870699882,0.8641826923076923,0.9081766596269898,11089.515,32143.050000000007,821.0,306.0,44359.565
low,0.244,821,0.006407654845154845,0.8757612667478685,0.8529062870699882,0.8641826923076923,0.9081766596269898,11089.515,32143.050000000007,821.0,306.0,44359.565
low,0.245,821,0.006407654845154845,0.8757612667478685,0.8529062870699882,0.8641826923076923,0.9081766596269898,11089.515,32143.050000000007,821.0,306.0,44359.565
low,0.246,821,0.006407654845154845,0.8757612667478685,0.8529062870699882,0.8641826923076923,0.9081766596269898,11089.515,32143.050000000007,821.0,306.0,44359.565
low,0.247,821,0.006407654845154845,0.8757612667478685,0.8529062870699882,0.8641826923076923,0.9081766596269898,11089.515,32143.050000000007,821.0,306.0,44359.565
low,0.248,821,0.006407654845154845,0.8757612667478685,0.8529062870699882,0.8641826923076923,0.9081766596269898,11089.515,32143.050000000007,821.0,306.0,44359.565
low,0.249,821,0.006407654845154845,0.8757612667478685,0.8529062870699882,0.8641826923076923,0.9081766596269898,11089.515,32143.050000000007,821.0,306.0,44359.565
low,0.25,821,0.006407654845154845,0.8757612667478685,0.8529062870699882,0.8641826923076923,0.9081766596269898,11089.515,32143.050000000007,821.0,306.0,44359.565
low,0.251,821,0.006407654845154845,0.8757612667478685,0.8529062870699882,0.8641826923076923,0.9081766596269898,11089.515,32143.050000000007,821.0,306.0,44359.565
low,0.252,821,0.006407654845154845,0.8757612667478685,0.8529062870699882,0.8641826923076923,0.9081766596269898,11089.515,32143.050000000007,821.0,306.0,44359.565
low,0.253,821,0.006407654845154845,0.8757612667478685,0.8529062870699882,0.8641826923076923,0.9081766596269898,11089.515,32143.050000000007,821.0,306.0,44359.565
low,0.254,821,0.006407654845154845,0.8757612667478685,0.8529062870699882,0.8641826923076923,0.9081766596269898,11089.515,32143.050000000007,821.0,306.0,44359.565
low,0.255,821,0.006407654845154845,0.8757612667478685,0.8529062870699882,0.8641826923076923,0.9081766596269898,11089.515,32143.050000000007,821.0,306.0,44359.565
low,0.256,821,0.006407654845154845,0.8757612667478685,0.8529062870699882,0.8641826923076923,0.9081766596269898,11089.515,32143.050000000007,821.0,306.0,44359.565
low,0.257,821,0.006407654845154845,0.8757612667478685,0.8529062870699882,0.8641826923076923,0.9081766596269898,11089.515,32143.050000000007,821.0,306.0,44359.565
low,0.258,821,0.006407654845154845,0.8757612667478685,0.8529062870699882,0.8641826923076923,0.9081766596269898,11089.515,32143.050000000007,821.0,306.0,44359.565
low,0.259,821,0.006407654845154845,0.8757612667478685,0.8529062870699882,0.8641826923076923,0.9081766596269898,11089.515,32143.050000000007,821.0,306.0,44359.565
low,0.26,821,0.006407654845154845,0.8757612667478685,0.8529062870699882,0.8641826923076923,0.9081766596269898,11089.515,32143.050000000007,821.0,306.0,44359.565
low,0.261,821,0.006407654845154845,0.8757612667478685,0.8529062870699882,0.8641826923076923,0.9081766596269898,11089.515,32143.050000000007,821.0,306.0,44359.565
low,0.262,821,0.006407654845154845,0.8757612667478685,0.8529062870699882,0.8641826923076923,0.9081766596269898,11089.515,32143.050000000007,821.0,306.0,44359.565
low,0.263,821,0.006407654845154845,0.8757612667478685,0.8529062870699882,0.8641826923076923,0.9081766596269898,11089.515,32143.050000000007,821.0,306.0,44359.565
low,0.264,821,0.006407654845154845,0.8757612667478685,0.8529062870699882,0.8641826923076923,0.9081766596269898,11089.515,32143.050000000007,821.0,306.0,44359.565
low,0.265,821,0.006407654845154845,0.8757612667478685,0.8529062870699882,0.8641826923076923,0.9081766596269898,11089.515,32143.050000000007,821.0,306.0,44359.565
low,0.266,821,0.006407654845154845,0.8757612667478685,0.8529062870699882,0.8641826923076923,0.9081766596269898,11089.515,32143.050000000007,821.0,306.0,44359.565
low,0.267,821,0.006407654845154845,0.8757612667478685,0.8529062870699882,0.8641826923076923,0.9081766596269898,11089.515,32143.050000000007,821.0,306.0,44359.565
low,0.268,821,0.006407654845154845,0.8757612667478685,0.8529062870699882,0.8641826923076923,0.9081766596269898,11089.515,32143.050000000007,821.0,306.0,44359.565
low,0.269,821,0.006407654845154845,0.8757612667478685,0.8529062870699882,0.8641826923076923,0.9081766596269898,11089.515,32143.050000000007,821.0,306.0,44359.565
low,0.27,821,0.006407654845154845,0.8757612667478685,0.8529062870699882,0.8641826923076923,0.9081766596269898,11089.515,32143.050000000007,821.0,306.0,44359.565
low,0.271,821,0.006407654845154845,0.8757612667478685,0.8529062870699882,0.8641826923076923,0.9081766596269898,11089.515,32143.050000000007,821.0,306.0,44359.565
low,0.272,821,0.006407654845154845,0.8757612667478685,0.8529062870699882,0.8641826923076923,0.9081766596269898,11089.515,32143.050000000007,821.0,306.0,44359.565
low,0.273,821,0.006407654845154845,0.8757612667478685,0.8529062870699882,0.8641826923076923,0.9081766596269898,11089.515,32143.050000000007,821.0,306.0,44359.565
low,0.274,821,0.006407654845154845,0.8757612667478685,0.8529062870699882,0.8641826923076923,0.9081766596269898,11089.515,32143.050000000007,821.0,306.0,44359.565
low,0.275,752,0.005869130869130869,0.9228723404255319,0.8232502965599051,0.8702194357366771,0.8871219605077321,13615.129999999997,31385.365500000004,752.0,174.0,45926.495500000005
low,0.276,752,0.005869130869130869,0.9228723404255319,0.8232502965599051,0.8702194357366771,0.8871219605077321,13615.129999999997,31385.365500000004,752.0,174.0,45926.495500000005
low,0.277,752,0.005869130869130869,0.9228723404255319,0.8232502965599051,0.8702194357366771,0.8871219605077321,13615.129999999997,31385.365500000004,752.0,174.0,45926.495500000005
low,0.278,752,0.005869130869130869,0.9228723404255319,0.8232502965599051,0.8702194357366771,0.8871219605077321,13615.129999999997,31385.365500000004,752.0,174.0,45926.495500000005
low,0.279,752,0.005869130869130869,0.9228723404255319,0.8232502965599051,0.8702194357366771,0.8871219605077321,13615.129999999997,31385.365500000004,752.0,174.0,45926.495500000005
low,0.28,752,0.005869130869130869,0.9228723404255319,0.8232502965599051,0.8702194357366771,0.8871219605077321,13615.129999999997,31385.365500000004,752.0,174.0,45926.495500000005
low,0.281,752,0.005869130869130869,0.9228723404255319,0.8232502965599051,0.8702194357366771,0.8871219605077321,13615.129999999997,31385.365500000004,752.0,174.0,45926.495500000005
low,0.28200000000000003,752,0.005869130869130869,0.9228723404255319,0.8232502965599051,0.8702194357366771,0.8871219605077321,13615.129999999997,31385.365500000004,752.0,174.0,45926.495500000005
low,0.28300000000000003,752,0.005869130869130869,0.9228723404255319,0.8232502965599051,0.8702194357366771,0.8871219605077321,13615.129999999997,31385.365500000004,752.0,174.0,45926.495500000005
low,0.28400000000000003,752,0.005869130869130869,0.9228723404255319,0.8232502965599051,0.8702194357366771,0.8871219605077321,13615.129999999997,31385.365500000004,752.0,174.0,45926.495500000005
low,0.28500000000000003,752,0.005869130869130869,0.9228723404255319,0.8232502965599051,0.8702194357366771,0.8871219605077321,13615.129999999997,31385.365500000004,752.0,174.0,45926.495500000005
low,0.28600000000000003,752,0.005869130869130869,0.9228723404255319,0.8232502965599051,0.8702194357366771,0.8871219605077321,13615.129999999997,31385.365500000004,752.0,174.0,45926.495500000005
low,0.28700000000000003,752,0.005869130869130869,0.9228723404255319,0.8232502965599051,0.8702194357366771,0.8871219605077321,13615.129999999997,31385.365500000004,752.0,174.0,45926.495500000005
low,0.28800000000000003,752,0.005869130869130869,0.9228723404255319,0.8232502965599051,0.8702194357366771,0.8871219605077321,13615.129999999997,31385.365500000004,752.0,174.0,45926.495500000005
low,0.28900000000000003,752,0.005869130869130869,0.9228723404255319,0.8232502965599051,0.8702194357366771,0.8871219605077321,13615.129999999997,31385.365500000004,752.0,174.0,45926.495500000005
low,0.29,752,0.005869130869130869,0.9228723404255319,0.8232502965599051,0.8702194357366771,0.8871219605077321,13615.129999999997,31385.365500000004,752.0,174.0,45926.495500000005
low,0.291,752,0.005869130869130869,0.9228723404255319,0.8232502965599051,0.8702194357366771,0.8871219605077321,13615.129999999997,31385.365500000004,752.0,174.0,45926.495500000005
low,0.292,752,0.005869130869130869,0.9228723404255319,0.8232502965599051,0.8702194357366771,0.8871219605077321,13615.129999999997,31385.365500000004,752.0,174.0,45926.495500000005
low,0.293,752,0.005869130869130869,0.9228723404255319,0.8232502965599051,0.8702194357366771,0.8871219605077321,13615.129999999997,31385.365500000004,752.0,174.0,45926.495500000005
low,0.294,752,0.005869130869130869,0.9228723404255319,0.8232502965599051,0.8702194357366771,0.8871219605077321,13615.129999999997,31385.365500000004,752.0,174.0,45926.495500000005
low,0.295,752,0.005869130869130869,0.9228723404255319,0.8232502965599051,0.8702194357366771,0.8871219605077321,13615.129999999997,31385.365500000004,752.0,174.0,45926.495500000005
low,0.296,752,0.005869130869130869,0.9228723404255319,0.8232502965599051,0.8702194357366771,0.8871219605077321,13615.129999999997,31385.365500000004,752.0,174.0,45926.495500000005
low,0.297,752,0.005869130869130869,0.9228723404255319,0.8232502965599051,0.8702194357366771,0.8871219605077321,13615.129999999997,31385.365500000004,752.0,174.0,45926.495500000005
low,0.298,752,0.005869130869130869,0.9228723404255319,0.8232502965599051,0.8702194357366771,0.8871219605077321,13615.129999999997,31385.365500000004,752.0,174.0,45926.495500000005
low,0.299,752,0.005869130869130869,0.9228723404255319,0.8232502965599051,0.8702194357366771,0.8871219605077321,13615.129999999997,31385.365500000004,752.0,174.0,45926.495500000005
low,0.3,752,0.005869130869130869,0.9228723404255319,0.8232502965599051,0.8702194357366771,0.8871219605077321,13615.129999999997,31385.365500000004,752.0,174.0,45926.495500000005
low,0.301,752,0.005869130869130869,0.9228723404255319,0.8232502965599051,0.8702194357366771,0.8871219605077321,13615.129999999997,31385.365500000004,752.0,174.0,45926.495500000005
low,0.302,751,0.005861326173826174,0.9241011984021305,0.8232502965599051,0.8707653701380176,0.8871219605077321,13615.129999999997,31385.365500000004,751.0,171.0,45922.495500000005
low,0.303,751,0.005861326173826174,0.9241011984021305,0.8232502965599051,0.8707653701380176,0.8871219605077321,13615.129999999997,31385.365500000004,751.0,171.0,45922.495500000005
low,0.304,751,0.005861326173826174,0.9241011984021305,0.8232502965599051,0.8707653701380176,0.8871219605077321,13615.129999999997,31385.365500000004,751.0,171.0,45922.495500000005
low,0.305,751,0.005861326173826174,0.9241011984021305,0.8232502965599051,0.8707653701380176,0.8871219605077321,13615.129999999997,31385.365500000004,751.0,171.0,45922.495500000005
low,0.306,751,0.005861326173826174,0.9241011984021305,0.8232502965599051,0.8707653701380176,0.8871219605077321,13615.129999999997,31385.365500000004,751.0,171.0,45922.495500000005
low,0.307,751,0.005861326173826174,0.9241011984021305,0.8232502965599051,0.8707653701380176,0.8871219605077321,13615.129999999997,31385.365500000004,751.0,171.0,45922.495500000005
low,0.308,751,0.005861326173826174,0.9241011984021305,0.8232502965599051,0.8707653701380176,0.8871219605077321,13615.129999999997,31385.365500000004,751.0,171.0,45922.495500000005
low,0.309,751,0.005861326173826174,0.9241011984021305,0.8232502965599051,0.8707653701380176,0.8871219605077321,13615.129999999997,31385.365500000004,751.0,171.0,45922.495500000005
low,0.31,751,0.005861326173826174,0.9241011984021305,0.8232502965599051,0.8707653701380176,0.8871219605077321,13615.129999999997,31385.365500000004,751.0,171.0,45922.495500000005
low,0.311,751,0.005861326173826174,0.9241011984021305,0.8232502965599051,0.8707653701380176,0.8871219605077321,13615.129999999997,31385.365500000004,751.0,171.0,45922.495500000005
low,0.312,751,0.005861326173826174,0.9241011984021305,0.8232502965599051,0.8707653701380176,0.8871219605077321,13615.129999999997,31385.365500000004,751.0,171.0,45922.495500000005
low,0.313,751,0.005861326173826174,0.9241011984021305,0.8232502965599051,0.8707653701380176,0.8871219605077321,13615.129999999997,31385.365500000004,751.0,171.0,45922.495500000005
low,0.314,751,0.005861326173826174,0.9241011984021305,0.8232502965599051,0.8707653701380176,0.8871219605077321,13615.129999999997,31385.365500000004,751.0,171.0,45922.495500000005
low,0.315,751,0.005861326173826174,0.9241011984021305,0.8232502965599051,0.8707653701380176,0.8871219605077321,13615.129999999997,31385.365500000004,751.0,171.0,45922.495500000005
low,0.316,743,0.005798888611388611,0.9300134589502019,0.8196915776986952,0.8713745271122321,0.8844311138024987,13936.935000000001,31288.824000000004,743.0,156.0,46124.759000000005
low,0.317,743,0.005798888611388611,0.9300134589502019,0.8196915776986952,0.8713745271122321,0.8844311138024987,13936.935000000001,31288.824000000004,743.0,156.0,46124.759000000005
low,0.318,743,0.005798888611388611,0.9300134589502019,0.8196915776986952,0.8713745271122321,0.8844311138024987,13936.935000000001,31288.824000000004,743.0,156.0,46124.759000000005
low,0.319,743,0.005798888611388611,0.9300134589502019,0.8196915776986952,0.8713745271122321,0.8844311138024987,13936.935000000001,31288.824000000004,743.0,156.0,46124.759000000005
low,0.32,743,0.005798888611388611,0.9300134589502019,0.8196915776986952,0.8713745271122321,0.8844311138024987,13936.935000000001,31288.824000000004,743.0,156.0,46124.759000000005
low,0.321,743,0.005798888611388611,0.9300134589502019,0.8196915776986952,0.8713745271122321,0.8844311138024987,13936.935000000001,31288.824000000004,743.0,156.0,46124.759000000005
low,0.322,743,0.005798888611388611,0.9300134589502019,0.8196915776986952,0.8713745271122321,0.8844311138024987,13936.935000000001,31288.824000000004,743.0,156.0,46124.759000000005
low,0.323,743,0.005798888611388611,0.9300134589502019,0.8196915776986952,0.8713745271122321,0.8844311138024987,13936.935000000001,31288.824000000004,743.0,156.0,46124.759000000005
low,0.324,743,0.005798888611388611,0.9300134589502019,0.8196915776986952,0.8713745271122321,0.8844311138024987,13936.935000000001,31288.824000000004,743.0,156.0,46124.759000000005
low,0.325,743,0.005798888611388611,0.9300134589502019,0.8196915776986952,0.8713745271122321,0.8844311138024987,13936.935000000001,31288.824000000004,743.0,156.0,46124.759000000005
low,0.326,743,0.005798888611388611,0.9300134589502019,0.8196915776986952,0.8713745271122321,0.8844311138024987,13936.935000000001,31288.824000000004,743.0,156.0,46124.759000000005
low,0.327,743,0.005798888611388611,0.9300134589502019,0.8196915776986952,0.8713745271122321,0.8844311138024987,13936.935000000001,31288.824000000004,743.0,156.0,46124.759000000005
low,0.328,743,0.005798888611388611,0.9300134589502019,0.8196915776986952,0.8713745271122321,0.8844311138024987,13936.935000000001,31288.824000000004,743.0,156.0,46124.759000000005
low,0.329,743,0.005798888611388611,0.9300134589502019,0.8196915776986952,0.8713745271122321,0.8844311138024987,13936.935000000001,31288.824000000004,743.0,156.0,46124.759000000005
low,0.33,743,0.005798888611388611,0.9300134589502019,0.8196915776986952,0.8713745271122321,0.8844311138024987,13936.935000000001,31288.824000000004,743.0,156.0,46124.759000000005
low,0.331,743,0.005798888611388611,0.9300134589502019,0.8196915776986952,0.8713745271122321,0.8844311138024987,13936.935000000001,31288.824000000004,743.0,156.0,46124.759000000005
low,0.332,743,0.005798888611388611,0.9300134589502019,0.8196915776986952,0.8713745271122321,0.8844311138024987,13936.935000000001,31288.824000000004,743.0,156.0,46124.759000000005
low,0.333,743,0.005798888611388611,0.9300134589502019,0.8196915776986952,0.8713745271122321,0.8844311138024987,13936.935000000001,31288.824000000004,743.0,156.0,46124.759000000005
low,0.334,740,0.005775474525474525,0.9310810810810811,0.8173190984578885,0.8704990524320909,0.8818497234844863,14241.259999999998,31197.526500000007,740.0,153.0,46331.7865
low,0.335,740,0.005775474525474525,0.9310810810810811,0.8173190984578885,0.8704990524320909,0.8818497234844863,14241.259999999998,31197.526500000007,740.0,153.0,46331.7865
low,0.336,740,0.005775474525474525,0.9310810810810811,0.8173190984578885,0.8704990524320909,0.8818497234844863,14241.259999999998,31197.526500000007,740.0,153.0,46331.7865
low,0.337,740,0.005775474525474525,0.9310810810810811,0.8173190984578885,0.8704990524320909,0.8818497234844863,14241.259999999998,31197.526500000007,740.0,153.0,46331.7865
low,0.338,740,0.005775474525474525,0.9310810810810811,0.8173190984578885,0.8704990524320909,0.8818497234844863,14241.259999999998,31197.526500000007,740.0,153.0,46331.7865
low,0.339,740,0.005775474525474525,0.9310810810810811,0.8173190984578885,0.8704990524320909,0.8818497234844863,14241.259999999998,31197.526500000007,740.0,153.0,46331.7865
low,0.34,740,0.005775474525474525,0.9310810810810811,0.8173190984578885,0.8704990524320909,0.8818497234844863,14241.259999999998,31197.526500000007,740.0,153.0,46331.7865
low,0.341,740,0.005775474525474525,0.9310810810810811,0.8173190984578885,0.8704990524320909,0.8818497234844863,14241.259999999998,31197.526500000007,740.0,153.0,46331.7865
low,0.342,740,0.005775474525474525,0.9310810810810811,0.8173190984578885,0.8704990524320909,0.8818497234844863,14241.259999999998,31197.526500000007,740.0,153.0,46331.7865
low,0.343,740,0.005775474525474525,0.9310810810810811,0.8173190984578885,0.8704990524320909,0.8818497234844863,14241.259999999998,31197.526500000007,740.0,153.0,46331.7865
low,0.34400000000000003,740,0.005775474525474525,0.9310810810810811,0.8173190984578885,0.8704990524320909,0.8818497234844863,14241.259999999998,31197.526500000007,740.0,153.0,46331.7865
low,0.34500000000000003,740,0.005775474525474525,0.9310810810810811,0.8173190984578885,0.8704990524320909,0.8818497234844863,14241.259999999998,31197.526500000007,740.0,153.0,46331.7865
low,0.34600000000000003,740,0.005775474525474525,0.9310810810810811,0.8173190984578885,0.8704990524320909,0.8818497234844863,14241.259999999998,31197.526500000007,740.0,153.0,46331.7865
low,0.34700000000000003,740,0.005775474525474525,0.9310810810810811,0.8173190984578885,0.8704990524320909,0.8818497234844863,14241.259999999998,31197.526500000007,740.0,153.0,46331.7865
low,0.34800000000000003,740,0.005775474525474525,0.9310810810810811,0.8173190984578885,0.8704990524320909,0.8818497234844863,14241.259999999998,31197.526500000007,740.0,153.0,46331.7865
low,0.34900000000000003,740,0.005775474525474525,0.9310810810810811,0.8173190984578885,0.8704990524320909,0.8818497234844863,14241.259999999998,31197.526500000007,740.0,153.0,46331.7865
low,0.35000000000000003,740,0.005775474525474525,0.9310810810810811,0.8173190984578885,0.8704990524320909,0.8818497234844863,14241.259999999998,31197.526500000007,740.0,153.0,46331.7865
low,0.35100000000000003,740,0.005775474525474525,0.9310810810810811,0.8173190984578885,0.8704990524320909,0.8818497234844863,14241.259999999998,31197.526500000007,740.0,153.0,46331.7865
low,0.35200000000000004,740,0.005775474525474525,0.9310810810810811,0.8173190984578885,0.8704990524320909,0.8818497234844863,14241.259999999998,31197.526500000007,740.0,153.0,46331.7865
low,0.353,740,0.005775474525474525,0.9310810810810811,0.8173190984578885,0.8704990524320909,0.8818497234844863,14241.259999999998,31197.526500000007,740.0,153.0,46331.7865
low,0.354,740,0.005775474525474525,0.9310810810810811,0.8173190984578885,0.8704990524320909,0.8818497234844863,14241.259999999998,31197.526500000007,740.0,153.0,46331.7865
low,0.355,740,0.005775474525474525,0.9310810810810811,0.8173190984578885,0.8704990524320909,0.8818497234844863,14241.259999999998,31197.526500000007,740.0,153.0,46331.7865
low,0.356,740,0.005775474525474525,0.9310810810810811,0.8173190984578885,0.8704990524320909,0.8818497234844863,14241.259999999998,31197.526500000007,740.0,153.0,46331.7865
low,0.357,740,0.005775474525474525,0.9310810810810811,0.8173190984578885,0.8704990524320909,0.8818497234844863,14241.259999999998,31197.526500000007,740.0,153.0,46331.7865
low,0.358,740,0.005775474525474525,0.9310810810810811,0.8173190984578885,0.8704990524320909,0.8818497234844863,14241.259999999998,31197.526500000007,740.0,153.0,46331.7865
low,0.359,740,0.005775474525474525,0.9310810810810811,0.8173190984578885,0.8704990524320909,0.8818497234844863,14241.259999999998,31197.526500000007,740.0,153.0,46331.7865
low,0.36,740,0.005775474525474525,0.9310810810810811,0.8173190984578885,0.8704990524320909,0.8818497234844863,14241.259999999998,31197.526500000007,740.0,153.0,46331.7865
low,0.361,740,0.005775474525474525,0.9310810810810811,0.8173190984578885,0.8704990524320909,0.8818497234844863,14241.259999999998,31197.526500000007,740.0,153.0,46331.7865
low,0.362,740,0.005775474525474525,0.9310810810810811,0.8173190984578885,0.8704990524320909,0.8818497234844863,14241.259999999998,31197.526500000007,740.0,153.0,46331.7865
low,0.363,740,0.005775474525474525,0.9310810810810811,0.8173190984578885,0.8704990524320909,0.8818497234844863,14241.259999999998,31197.526500000007,740.0,153.0,46331.7865
low,0.364,740,0.005775474525474525,0.9310810810810811,0.8173190984578885,0.8704990524320909,0.8818497234844863,14241.259999999998,31197.526500000007,740.0,153.0,46331.7865
low,0.365,740,0.005775474525474525,0.9310810810810811,0.8173190984578885,0.8704990524320909,0.8818497234844863,14241.259999999998,31197.526500000007,740.0,153.0,46331.7865
low,0.366,740,0.005775474525474525,0.9310810810810811,0.8173190984578885,0.8704990524320909,0.8818497234844863,14241.259999999998,31197.526500000007,740.0,153.0,46331.7865
low,0.367,740,0.005775474525474525,0.9310810810810811,0.8173190984578885,0.8704990524320909,0.8818497234844863,14241.259999999998,31197.526500000007,740.0,153.0,46331.7865
low,0.368,740,0.005775474525474525,0.9310810810810811,0.8173190984578885,0.8704990524320909,0.8818497234844863,14241.259999999998,31197.526500000007,740.0,153.0,46331.7865
low,0.369,740,0.005775474525474525,0.9310810810810811,0.8173190984578885,0.8704990524320909,0.8818497234844863,14241.259999999998,31197.526500000007,740.0,153.0,46331.7865
low,0.37,740,0.005775474525474525,0.9310810810810811,0.8173190984578885,0.8704990524320909,0.8818497234844863,14241.259999999998,31197.526500000007,740.0,153.0,46331.7865
low,0.371,740,0.005775474525474525,0.9310810810810811,0.8173190984578885,0.8704990524320909,0.8818497234844863,14241.259999999998,31197.526500000007,740.0,153.0,46331.7865
low,0.372,740,0.005775474525474525,0.9310810810810811,0.8173190984578885,0.8704990524320909,0.8818497234844863,14241.259999999998,31197.526500000007,740.0,153.0,46331.7865
low,0.373,740,0.005775474525474525,0.9310810810810811,0.8173190984578885,0.8704990524320909,0.8818497234844863,14241.259999999998,31197.526500000007,740.0,153.0,46331.7865
low,0.374,740,0.005775474525474525,0.9310810810810811,0.8173190984578885,0.8704990524320909,0.8818497234844863,14241.259999999998,31197.526500000007,740.0,153.0,46331.7865
low,0.375,740,0.005775474525474525,0.9310810810810811,0.8173190984578885,0.8704990524320909,0.8818497234844863,14241.259999999998,31197.526500000007,740.0,153.0,46331.7865
low,0.376,740,0.005775474525474525,0.9310810810810811,0.8173190984578885,0.8704990524320909,0.8818497234844863,14241.259999999998,31197.526500000007,740.0,153.0,46331.7865
low,0.377,740,0.005775474525474525,0.9310810810810811,0.8173190984578885,0.8704990524320909,0.8818497234844863,14241.259999999998,31197.526500000007,740.0,153.0,46331.7865
low,0.378,740,0.005775474525474525,0.9310810810810811,0.8173190984578885,0.8704990524320909,0.8818497234844863,14241.259999999998,31197.526500000007,740.0,153.0,46331.7865
low,0.379,740,0.005775474525474525,0.9310810810810811,0.8173190984578885,0.8704990524320909,0.8818497234844863,14241.259999999998,31197.526500000007,740.0,153.0,46331.7865
low,0.38,740,0.005775474525474525,0.9310810810810811,0.8173190984578885,0.8704990524320909,0.8818497234844863,14241.259999999998,31197.526500000007,740.0,153.0,46331.7865
low,0.381,740,0.005775474525474525,0.9310810810810811,0.8173190984578885,0.8704990524320909,0.8818497234844863,14241.259999999998,31197.526500000007,740.0,153.0,46331.7865
low,0.382,740,0.005775474525474525,0.9310810810810811,0.8173190984578885,0.8704990524320909,0.8818497234844863,14241.259999999998,31197.526500000007,740.0,153.0,46331.7865
low,0.383,740,0.005775474525474525,0.9310810810810811,0.8173190984578885,0.8704990524320909,0.8818497234844863,14241.259999999998,31197.526500000007,740.0,153.0,46331.7865
low,0.384,740,0.005775474525474525,0.9310810810810811,0.8173190984578885,0.8704990524320909,0.8818497234844863,14241.259999999998,31197.526500000007,740.0,153.0,46331.7865
low,0.385,740,0.005775474525474525,0.9310810810810811,0.8173190984578885,0.8704990524320909,0.8818497234844863,14241.259999999998,31197.526500000007,740.0,153.0,46331.7865
low,0.386,740,0.005775474525474525,0.9310810810810811,0.8173190984578885,0.8704990524320909,0.8818497234844863,14241.259999999998,31197.526500000007,740.0,153.0,46331.7865
low,0.387,740,0.005775474525474525,0.9310810810810811,0.8173190984578885,0.8704990524320909,0.8818497234844863,14241.259999999998,31197.526500000007,740.0,153.0,46331.7865
low,0.388,740,0.005775474525474525,0.9310810810810811,0.8173190984578885,0.8704990524320909,0.8818497234844863,14241.259999999998,31197.526500000007,740.0,153.0,46331.7865
low,0.389,740,0.005775474525474525,0.9310810810810811,0.8173190984578885,0.8704990524320909,0.8818497234844863,14241.259999999998,31197.526500000007,740.0,153.0,46331.7865
low,0.39,740,0.005775474525474525,0.9310810810810811,0.8173190984578885,0.8704990524320909,0.8818497234844863,14241.259999999998,31197.526500000007,740.0,153.0,46331.7865
low,0.391,740,0.005775474525474525,0.9310810810810811,0.8173190984578885,0.8704990524320909,0.8818497234844863,14241.259999999998,31197.526500000007,740.0,153.0,46331.7865
low,0.392,740,0.005775474525474525,0.9310810810810811,0.8173190984578885,0.8704990524320909,0.8818497234844863,14241.259999999998,31197.526500000007,740.0,153.0,46331.7865
low,0.393,740,0.005775474525474525,0.9310810810810811,0.8173190984578885,0.8704990524320909,0.8818497234844863,14241.259999999998,31197.526500000007,740.0,153.0,46331.7865
low,0.394,740,0.005775474525474525,0.9310810810810811,0.8173190984578885,0.8704990524320909,0.8818497234844863,14241.259999999998,31197.526500000007,740.0,153.0,46331.7865
low,0.395,740,0.005775474525474525,0.9310810810810811,0.8173190984578885,0.8704990524320909,0.8818497234844863,14241.259999999998,31197.526500000007,740.0,153.0,46331.7865
low,0.396,740,0.005775474525474525,0.9310810810810811,0.8173190984578885,0.8704990524320909,0.8818497234844863,14241.259999999998,31197.526500000007,740.0,153.0,46331.7865
low,0.397,740,0.005775474525474525,0.9310810810810811,0.8173190984578885,0.8704990524320909,0.8818497234844863,14241.259999999998,31197.526500000007,740.0,153.0,46331.7865
low,0.398,740,0.005775474525474525,0.9310810810810811,0.8173190984578885,0.8704990524320909,0.8818497234844863,14241.259999999998,31197.526500000007,740.0,153.0,46331.7865
low,0.399,740,0.005775474525474525,0.9310810810810811,0.8173190984578885,0.8704990524320909,0.8818497234844863,14241.259999999998,31197.526500000007,740.0,153.0,46331.7865
low,0.4,740,0.005775474525474525,0.9310810810810811,0.8173190984578885,0.8704990524320909,0.8818497234844863,14241.259999999998,31197.526500000007,740.0,153.0,46331.7865
low,0.401,740,0.005775474525474525,0.9310810810810811,0.8173190984578885,0.8704990524320909,0.8818497234844863,14241.259999999998,31197.526500000007,740.0,153.0,46331.7865
low,0.402,740,0.005775474525474525,0.9310810810810811,0.8173190984578885,0.8704990524320909,0.8818497234844863,14241.259999999998,31197.526500000007,740.0,153.0,46331.7865
low,0.403,740,0.005775474525474525,0.9310810810810811,0.8173190984578885,0.8704990524320909,0.8818497234844863,14241.259999999998,31197.526500000007,740.0,153.0,46331.7865
low,0.404,740,0.005775474525474525,0.9310810810810811,0.8173190984578885,0.8704990524320909,0.8818497234844863,14241.259999999998,31197.526500000007,740.0,153.0,46331.7865
low,0.405,740,0.005775474525474525,0.9310810810810811,0.8173190984578885,0.8704990524320909,0.8818497234844863,14241.259999999998,31197.526500000007,740.0,153.0,46331.7865
low,0.406,740,0.005775474525474525,0.9310810810810811,0.8173190984578885,0.8704990524320909,0.8818497234844863,14241.259999999998,31197.526500000007,740.0,153.0,46331.7865
low,0.40700000000000003,740,0.005775474525474525,0.9310810810810811,0.8173190984578885,0.8704990524320909,0.8818497234844863,14241.259999999998,31197.526500000007,740.0,153.0,46331.7865
low,0.40800000000000003,740,0.005775474525474525,0.9310810810810811,0.8173190984578885,0.8704990524320909,0.8818497234844863,14241.259999999998,31197.526500000007,740.0,153.0,46331.7865
low,0.40900000000000003,740,0.005775474525474525,0.9310810810810811,0.8173190984578885,0.8704990524320909,0.8818497234844863,14241.259999999998,31197.526500000007,740.0,153.0,46331.7865
low,0.41000000000000003,740,0.005775474525474525,0.9310810810810811,0.8173190984578885,0.8704990524320909,0.8818497234844863,14241.259999999998,31197.526500000007,740.0,153.0,46331.7865
low,0.41100000000000003,740,0.005775474525474525,0.9310810810810811,0.8173190984578885,0.8704990524320909,0.8818497234844863,14241.259999999998,31197.526500000007,740.0,153.0,46331.7865
low,0.41200000000000003,740,0.005775474525474525,0.9310810810810811,0.8173190984578885,0.8704990524320909,0.8818497234844863,14241.259999999998,31197.526500000007,740.0,153.0,46331.7865
low,0.41300000000000003,740,0.005775474525474525,0.9310810810810811,0.8173190984578885,0.8704990524320909,0.8818497234844863,14241.259999999998,31197.526500000007,740.0,153.0,46331.7865
low,0.41400000000000003,740,0.005775474525474525,0.9310810810810811,0.8173190984578885,0.8704990524320909,0.8818497234844863,14241.259999999998,31197.526500000007,740.0,153.0,46331.7865
low,0.41500000000000004,740,0.005775474525474525,0.9310810810810811,0.8173190984578885,0.8704990524320909,0.8818497234844863,14241.259999999998,31197.526500000007,740.0,153.0,46331.7865
low,0.41600000000000004,740,0.005775474525474525,0.9310810810810811,0.8173190984578885,0.8704990524320909,0.8818497234844863,14241.259999999998,31197.526500000007,740.0,153.0,46331.7865
low,0.41700000000000004,740,0.005775474525474525,0.9310810810810811,0.8173190984578885,0.8704990524320909,0.8818497234844863,14241.259999999998,31197.526500000007,740.0,153.0,46331.7865
low,0.418,740,0.005775474525474525,0.9310810810810811,0.8173190984578885,0.8704990524320909,0.8818497234844863,14241.259999999998,31197.526500000007,740.0,153.0,46331.7865
low,0.419,740,0.005775474525474525,0.9310810810810811,0.8173190984578885,0.8704990524320909,0.8818497234844863,14241.259999999998,31197.526500000007,740.0,153.0,46331.7865
low,0.42,740,0.005775474525474525,0.9310810810810811,0.8173190984578885,0.8704990524320909,0.8818497234844863,14241.259999999998,31197.526500000007,740.0,153.0,46331.7865
low,0.421,740,0.005775474525474525,0.9310810810810811,0.8173190984578885,0.8704990524320909,0.8818497234844863,14241.259999999998,31197.526500000007,740.0,153.0,46331.7865
low,0.422,740,0.005775474525474525,0.9310810810810811,0.8173190984578885,0.8704990524320909,0.8818497234844863,14241.259999999998,31197.526500000007,740.0,153.0,46331.7865
low,0.423,740,0.005775474525474525,0.9310810810810811,0.8173190984578885,0.8704990524320909,0.8818497234844863,14241.259999999998,31197.526500000007,740.0,153.0,46331.7865
low,0.424,740,0.005775474525474525,0.9310810810810811,0.8173190984578885,0.8704990524320909,0.8818497234844863,14241.259999999998,31197.526500000007,740.0,153.0,46331.7865
low,0.425,740,0.005775474525474525,0.9310810810810811,0.8173190984578885,0.8704990524320909,0.8818497234844863,14241.259999999998,31197.526500000007,740.0,153.0,46331.7865
low,0.426,740,0.005775474525474525,0.9310810810810811,0.8173190984578885,0.8704990524320909,0.8818497234844863,14241.259999999998,31197.526500000007,740.0,153.0,46331.7865
low,0.427,740,0.005775474525474525,0.9310810810810811,0.8173190984578885,0.8704990524320909,0.8818497234844863,14241.259999999998,31197.526500000007,740.0,153.0,46331.7865
low,0.428,740,0.005775474525474525,0.9310810810810811,0.8173190984578885,0.8704990524320909,0.8818497234844863,14241.259999999998,31197.526500000007,740.0,153.0,46331.7865
low,0.429,740,0.005775474525474525,0.9310810810810811,0.8173190984578885,0.8704990524320909,0.8818497234844863,14241.259999999998,31197.526500000007,740.0,153.0,46331.7865
low,0.43,740,0.005775474525474525,0.9310810810810811,0.8173190984578885,0.8704990524320909,0.8818497234844863,14241.259999999998,31197.526500000007,740.0,153.0,46331.7865
low,0.431,740,0.005775474525474525,0.9310810810810811,0.8173190984578885,0.8704990524320909,0.8818497234844863,14241.259999999998,31197.526500000007,740.0,153.0,46331.7865
low,0.432,740,0.005775474525474525,0.9310810810810811,0.8173190984578885,0.8704990524320909,0.8818497234844863,14241.259999999998,31197.526500000007,740.0,153.0,46331.7865
low,0.433,740,0.005775474525474525,0.9310810810810811,0.8173190984578885,0.8704990524320909,0.8818497234844863,14241.259999999998,31197.526500000007,740.0,153.0,46331.7865
low,0.434,740,0.005775474525474525,0.9310810810810811,0.8173190984578885,0.8704990524320909,0.8818497234844863,14241.259999999998,31197.526500000007,740.0,153.0,46331.7865
low,0.435,740,0.005775474525474525,0.9310810810810811,0.8173190984578885,0.8704990524320909,0.8818497234844863,14241.259999999998,31197.526500000007,740.0,153.0,46331.7865
low,0.436,740,0.005775474525474525,0.9310810810810811,0.8173190984578885,0.8704990524320909,0.8818497234844863,14241.259999999998,31197.526500000007,740.0,153.0,46331.7865
low,0.437,740,0.005775474525474525,0.9310810810810811,0.8173190984578885,0.8704990524320909,0.8818497234844863,14241.259999999998,31197.526500000007,740.0,153.0,46331.7865
low,0.438,740,0.005775474525474525,0.9310810810810811,0.8173190984578885,0.8704990524320909,0.8818497234844863,14241.259999999998,31197.526500000007,740.0,153.0,46331.7865
low,0.439,740,0.005775474525474525,0.9310810810810811,0.8173190984578885,0.8704990524320909,0.8818497234844863,14241.259999999998,31197.526500000007,740.0,153.0,46331.7865
low,0.44,740,0.005775474525474525,0.9310810810810811,0.8173190984578885,0.8704990524320909,0.8818497234844863,14241.259999999998,31197.526500000007,740.0,153.0,46331.7865
low,0.441,740,0.005775474525474525,0.9310810810810811,0.8173190984578885,0.8704990524320909,0.8818497234844863,14241.259999999998,31197.526500000007,740.0,153.0,46331.7865
low,0.442,740,0.005775474525474525,0.9310810810810811,0.8173190984578885,0.8704990524320909,0.8818497234844863,14241.259999999998,31197.526500000007,740.0,153.0,46331.7865
low,0.443,740,0.005775474525474525,0.9310810810810811,0.8173190984578885,0.8704990524320909,0.8818497234844863,14241.259999999998,31197.526500000007,740.0,153.0,46331.7865
low,0.444,740,0.005775474525474525,0.9310810810810811,0.8173190984578885,0.8704990524320909,0.8818497234844863,14241.259999999998,31197.526500000007,740.0,153.0,46331.7865
low,0.445,740,0.005775474525474525,0.9310810810810811,0.8173190984578885,0.8704990524320909,0.8818497234844863,14241.259999999998,31197.526500000007,740.0,153.0,46331.7865
low,0.446,740,0.005775474525474525,0.9310810810810811,0.8173190984578885,0.8704990524320909,0.8818497234844863,14241.259999999998,31197.526500000007,740.0,153.0,46331.7865
low,0.447,740,0.005775474525474525,0.9310810810810811,0.8173190984578885,0.8704990524320909,0.8818497234844863,14241.259999999998,31197.526500000007,740.0,153.0,46331.7865
low,0.448,740,0.005775474525474525,0.9310810810810811,0.8173190984578885,0.8704990524320909,0.8818497234844863,14241.259999999998,31197.526500000007,740.0,153.0,46331.7865
low,0.449,740,0.005775474525474525,0.9310810810810811,0.8173190984578885,0.8704990524320909,0.8818497234844863,14241.259999999998,31197.526500000007,740.0,153.0,46331.7865
low,0.45,740,0.005775474525474525,0.9310810810810811,0.8173190984578885,0.8704990524320909,0.8818497234844863,14241.259999999998,31197.526500000007,740.0,153.0,46331.7865
low,0.451,740,0.005775474525474525,0.9310810810810811,0.8173190984578885,0.8704990524320909,0.8818497234844863,14241.259999999998,31197.526500000007,740.0,153.0,46331.7865
low,0.452,740,0.005775474525474525,0.9310810810810811,0.8173190984578885,0.8704990524320909,0.8818497234844863,14241.259999999998,31197.526500000007,740.0,153.0,46331.7865
low,0.453,740,0.005775474525474525,0.9310810810810811,0.8173190984578885,0.8704990524320909,0.8818497234844863,14241.259999999998,31197.526500000007,740.0,153.0,46331.7865
low,0.454,740,0.005775474525474525,0.9310810810810811,0.8173190984578885,0.8704990524320909,0.8818497234844863,14241.259999999998,31197.526500000007,740.0,153.0,46331.7865
low,0.455,740,0.005775474525474525,0.9310810810810811,0.8173190984578885,0.8704990524320909,0.8818497234844863,14241.259999999998,31197.526500000007,740.0,153.0,46331.7865
low,0.456,740,0.005775474525474525,0.9310810810810811,0.8173190984578885,0.8704990524320909,0.8818497234844863,14241.259999999998,31197.526500000007,740.0,153.0,46331.7865
low,0.457,740,0.005775474525474525,0.9310810810810811,0.8173190984578885,0.8704990524320909,0.8818497234844863,14241.259999999998,31197.526500000007,740.0,153.0,46331.7865
low,0.458,740,0.005775474525474525,0.9310810810810811,0.8173190984578885,0.8704990524320909,0.8818497234844863,14241.259999999998,31197.526500000007,740.0,153.0,46331.7865
low,0.459,740,0.005775474525474525,0.9310810810810811,0.8173190984578885,0.8704990524320909,0.8818497234844863,14241.259999999998,31197.526500000007,740.0,153.0,46331.7865
low,0.46,740,0.005775474525474525,0.9310810810810811,0.8173190984578885,0.8704990524320909,0.8818497234844863,14241.259999999998,31197.526500000007,740.0,153.0,46331.7865
low,0.461,740,0.005775474525474525,0.9310810810810811,0.8173190984578885,0.8704990524320909,0.8818497234844863,14241.259999999998,31197.526500000007,740.0,153.0,46331.7865
low,0.462,740,0.005775474525474525,0.9310810810810811,0.8173190984578885,0.8704990524320909,0.8818497234844863,14241.259999999998,31197.526500000007,740.0,153.0,46331.7865
low,0.463,740,0.005775474525474525,0.9310810810810811,0.8173190984578885,0.8704990524320909,0.8818497234844863,14241.259999999998,31197.526500000007,740.0,153.0,46331.7865
low,0.464,740,0.005775474525474525,0.9310810810810811,0.8173190984578885,0.8704990524320909,0.8818497234844863,14241.259999999998,31197.526500000007,740.0,153.0,46331.7865
low,0.465,740,0.005775474525474525,0.9310810810810811,0.8173190984578885,0.8704990524320909,0.8818497234844863,14241.259999999998,31197.526500000007,740.0,153.0,46331.7865
low,0.466,740,0.005775474525474525,0.9310810810810811,0.8173190984578885,0.8704990524320909,0.8818497234844863,14241.259999999998,31197.526500000007,740.0,153.0,46331.7865
low,0.467,740,0.005775474525474525,0.9310810810810811,0.8173190984578885,0.8704990524320909,0.8818497234844863,14241.259999999998,31197.526500000007,740.0,153.0,46331.7865
low,0.468,740,0.005775474525474525,0.9310810810810811,0.8173190984578885,0.8704990524320909,0.8818497234844863,14241.259999999998,31197.526500000007,740.0,153.0,46331.7865
low,0.46900000000000003,740,0.005775474525474525,0.9310810810810811,0.8173190984578885,0.8704990524320909,0.8818497234844863,14241.259999999998,31197.526500000007,740.0,153.0,46331.7865
low,0.47000000000000003,740,0.005775474525474525,0.9310810810810811,0.8173190984578885,0.8704990524320909,0.8818497234844863,14241.259999999998,31197.526500000007,740.0,153.0,46331.7865
low,0.47100000000000003,740,0.005775474525474525,0.9310810810810811,0.8173190984578885,0.8704990524320909,0.8818497234844863,14241.259999999998,31197.526500000007,740.0,153.0,46331.7865
low,0.47200000000000003,740,0.005775474525474525,0.9310810810810811,0.8173190984578885,0.8704990524320909,0.8818497234844863,14241.259999999998,31197.526500000007,740.0,153.0,46331.7865
low,0.47300000000000003,740,0.005775474525474525,0.9310810810810811,0.8173190984578885,0.8704990524320909,0.8818497234844863,14241.259999999998,31197.526500000007,740.0,153.0,46331.7865
low,0.47400000000000003,740,0.005775474525474525,0.9310810810810811,0.8173190984578885,0.8704990524320909,0.8818497234844863,14241.259999999998,31197.526500000007,740.0,153.0,46331.7865
low,0.47500000000000003,740,0.005775474525474525,0.9310810810810811,0.8173190984578885,0.8704990524320909,0.8818497234844863,14241.259999999998,31197.526500000007,740.0,153.0,46331.7865
low,0.47600000000000003,740,0.005775474525474525,0.9310810810810811,0.8173190984578885,0.8704990524320909,0.8818497234844863,14241.259999999998,31197.526500000007,740.0,153.0,46331.7865
low,0.47700000000000004,740,0.005775474525474525,0.9310810810810811,0.8173190984578885,0.8704990524320909,0.8818497234844863,14241.259999999998,31197.526500000007,740.0,153.0,46331.7865
low,0.47800000000000004,740,0.005775474525474525,0.9310810810810811,0.8173190984578885,0.8704990524320909,0.8818497234844863,14241.259999999998,31197.526500000007,740.0,153.0,46331.7865
low,0.47900000000000004,740,0.005775474525474525,0.9310810810810811,0.8173190984578885,0.8704990524320909,0.8818497234844863,14241.259999999998,31197.526500000007,740.0,153.0,46331.7865
low,0.48000000000000004,740,0.005775474525474525,0.9310810810810811,0.8173190984578885,0.8704990524320909,0.8818497234844863,14241.259999999998,31197.526500000007,740.0,153.0,46331.7865
low,0.481,740,0.005775474525474525,0.9310810810810811,0.8173190984578885,0.8704990524320909,0.8818497234844863,14241.259999999998,31197.526500000007,740.0,153.0,46331.7865
low,0.482,740,0.005775474525474525,0.9310810810810811,0.8173190984578885,0.8704990524320909,0.8818497234844863,14241.259999999998,31197.526500000007,740.0,153.0,46331.7865
low,0.483,740,0.005775474525474525,0.9310810810810811,0.8173190984578885,0.8704990524320909,0.8818497234844863,14241.259999999998,31197.526500000007,740.0,153.0,46331.7865
low,0.484,740,0.005775474525474525,0.9310810810810811,0.8173190984578885,0.8704990524320909,0.8818497234844863,14241.259999999998,31197.526500000007,740.0,153.0,46331.7865
low,0.485,740,0.005775474525474525,0.9310810810810811,0.8173190984578885,0.8704990524320909,0.8818497234844863,14241.259999999998,31197.526500000007,740.0,153.0,46331.7865
low,0.486,740,0.005775474525474525,0.9310810810810811,0.8173190984578885,0.8704990524320909,0.8818497234844863,14241.259999999998,31197.526500000007,740.0,153.0,46331.7865
low,0.487,740,0.005775474525474525,0.9310810810810811,0.8173190984578885,0.8704990524320909,0.8818497234844863,14241.259999999998,31197.526500000007,740.0,153.0,46331.7865
low,0.488,740,0.005775474525474525,0.9310810810810811,0.8173190984578885,0.8704990524320909,0.8818497234844863,14241.259999999998,31197.526500000007,740.0,153.0,46331.7865
low,0.489,740,0.005775474525474525,0.9310810810810811,0.8173190984578885,0.8704990524320909,0.8818497234844863,14241.259999999998,31197.526500000007,740.0,153.0,46331.7865
low,0.49,740,0.005775474525474525,0.9310810810810811,0.8173190984578885,0.8704990524320909,0.8818497234844863,14241.259999999998,31197.526500000007,740.0,153.0,46331.7865
low,0.491,740,0.005775474525474525,0.9310810810810811,0.8173190984578885,0.8704990524320909,0.8818497234844863,14241.259999999998,31197.526500000007,740.0,153.0,46331.7865
low,0.492,740,0.005775474525474525,0.9310810810810811,0.8173190984578885,0.8704990524320909,0.8818497234844863,14241.259999999998,31197.526500000007,740.0,153.0,46331.7865
low,0.493,739,0.00576766983016983,0.93234100135318,0.8173190984578885,0.8710493046776233,0.8818497234844863,14241.259999999998,31197.526500000007,739.0,150.0,46327.7865
low,0.494,739,0.00576766983016983,0.93234100135318,0.8173190984578885,0.8710493046776233,0.8818497234844863,14241.259999999998,31197.526500000007,739.0,150.0,46327.7865
low,0.495,739,0.00576766983016983,0.93234100135318,0.8173190984578885,0.8710493046776233,0.8818497234844863,14241.259999999998,31197.526500000007,739.0,150.0,46327.7865
low,0.496,739,0.00576766983016983,0.93234100135318,0.8173190984578885,0.8710493046776233,0.8818497234844863,14241.259999999998,31197.526500000007,739.0,150.0,46327.7865
low,0.497,739,0.00576766983016983,0.93234100135318,0.8173190984578885,0.8710493046776233,0.8818497234844863,14241.259999999998,31197.526500000007,739.0,150.0,46327.7865
low,0.498,739,0.00576766983016983,0.93234100135318,0.8173190984578885,0.8710493046776233,0.8818497234844863,14241.259999999998,31197.526500000007,739.0,150.0,46327.7865
low,0.499,739,0.00576766983016983,0.93234100135318,0.8173190984578885,0.8710493046776233,0.8818497234844863,14241.259999999998,31197.526500000007,739.0,150.0,46327.7865
low,0.5,739,0.00576766983016983,0.93234100135318,0.8173190984578885,0.8710493046776233,0.8818497234844863,14241.259999999998,31197.526500000007,739.0,150.0,46327.7865
low,0.501,739,0.00576766983016983,0.93234100135318,0.8173190984578885,0.8710493046776233,0.8818497234844863,14241.259999999998,31197.526500000007,739.0,150.0,46327.7865
low,0.502,739,0.00576766983016983,0.93234100135318,0.8173190984578885,0.8710493046776233,0.8818497234844863,14241.259999999998,31197.526500000007,739.0,150.0,46327.7865
low,0.503,739,0.00576766983016983,0.93234100135318,0.8173190984578885,0.8710493046776233,0.8818497234844863,14241.259999999998,31197.526500000007,739.0,150.0,46327.7865
low,0.504,739,0.00576766983016983,0.93234100135318,0.8173190984578885,0.8710493046776233,0.8818497234844863,14241.259999999998,31197.526500000007,739.0,150.0,46327.7865
low,0.505,739,0.00576766983016983,0.93234100135318,0.8173190984578885,0.8710493046776233,0.8818497234844863,14241.259999999998,31197.526500000007,739.0,150.0,46327.7865
low,0.506,739,0.00576766983016983,0.93234100135318,0.8173190984578885,0.8710493046776233,0.8818497234844863,14241.259999999998,31197.526500000007,739.0,150.0,46327.7865
low,0.507,739,0.00576766983016983,0.93234100135318,0.8173190984578885,0.8710493046776233,0.8818497234844863,14241.259999999998,31197.526500000007,739.0,150.0,46327.7865
low,0.508,739,0.00576766983016983,0.93234100135318,0.8173190984578885,0.8710493046776233,0.8818497234844863,14241.259999999998,31197.526500000007,739.0,150.0,46327.7865
low,0.509,739,0.00576766983016983,0.93234100135318,0.8173190984578885,0.8710493046776233,0.8818497234844863,14241.259999999998,31197.526500000007,739.0,150.0,46327.7865
low,0.51,739,0.00576766983016983,0.93234100135318,0.8173190984578885,0.8710493046776233,0.8818497234844863,14241.259999999998,31197.526500000007,739.0,150.0,46327.7865
low,0.511,739,0.00576766983016983,0.93234100135318,0.8173190984578885,0.8710493046776233,0.8818497234844863,14241.259999999998,31197.526500000007,739.0,150.0,46327.7865
low,0.512,739,0.00576766983016983,0.93234100135318,0.8173190984578885,0.8710493046776233,0.8818497234844863,14241.259999999998,31197.526500000007,739.0,150.0,46327.7865
low,0.513,739,0.00576766983016983,0.93234100135318,0.8173190984578885,0.8710493046776233,0.8818497234844863,14241.259999999998,31197.526500000007,739.0,150.0,46327.7865
low,0.514,739,0.00576766983016983,0.93234100135318,0.8173190984578885,0.8710493046776233,0.8818497234844863,14241.259999999998,31197.526500000007,739.0,150.0,46327.7865
low,0.515,739,0.00576766983016983,0.93234100135318,0.8173190984578885,0.8710493046776233,0.8818497234844863,14241.259999999998,31197.526500000007,739.0,150.0,46327.7865
low,0.516,739,0.00576766983016983,0.93234100135318,0.8173190984578885,0.8710493046776233,0.8818497234844863,14241.259999999998,31197.526500000007,739.0,150.0,46327.7865
low,0.517,739,0.00576766983016983,0.93234100135318,0.8173190984578885,0.8710493046776233,0.8818497234844863,14241.259999999998,31197.526500000007,739.0,150.0,46327.7865
low,0.518,739,0.00576766983016983,0.93234100135318,0.8173190984578885,0.8710493046776233,0.8818497234844863,14241.259999999998,31197.526500000007,739.0,150.0,46327.7865
low,0.519,739,0.00576766983016983,0.93234100135318,0.8173190984578885,0.8710493046776233,0.8818497234844863,14241.259999999998,31197.526500000007,739.0,150.0,46327.7865
low,0.52,739,0.00576766983016983,0.93234100135318,0.8173190984578885,0.8710493046776233,0.8818497234844863,14241.259999999998,31197.526500000007,739.0,150.0,46327.7865
low,0.521,739,0.00576766983016983,0.93234100135318,0.8173190984578885,0.8710493046776233,0.8818497234844863,14241.259999999998,31197.526500000007,739.0,150.0,46327.7865
low,0.522,739,0.00576766983016983,0.93234100135318,0.8173190984578885,0.8710493046776233,0.8818497234844863,14241.259999999998,31197.526500000007,739.0,150.0,46327.7865
low,0.523,739,0.00576766983016983,0.93234100135318,0.8173190984578885,0.8710493046776233,0.8818497234844863,14241.259999999998,31197.526500000007,739.0,150.0,46327.7865
low,0.524,739,0.00576766983016983,0.93234100135318,0.8173190984578885,0.8710493046776233,0.8818497234844863,14241.259999999998,31197.526500000007,739.0,150.0,46327.7865
low,0.525,739,0.00576766983016983,0.93234100135318,0.8173190984578885,0.8710493046776233,0.8818497234844863,14241.259999999998,31197.526500000007,739.0,150.0,46327.7865
low,0.526,739,0.00576766983016983,0.93234100135318,0.8173190984578885,0.8710493046776233,0.8818497234844863,14241.259999999998,31197.526500000007,739.0,150.0,46327.7865
low,0.527,739,0.00576766983016983,0.93234100135318,0.8173190984578885,0.8710493046776233,0.8818497234844863,14241.259999999998,31197.526500000007,739.0,150.0,46327.7865
low,0.528,739,0.00576766983016983,0.93234100135318,0.8173190984578885,0.8710493046776233,0.8818497234844863,14241.259999999998,31197.526500000007,739.0,150.0,46327.7865
low,0.529,739,0.00576766983016983,0.93234100135318,0.8173190984578885,0.8710493046776233,0.8818497234844863,14241.259999999998,31197.526500000007,739.0,150.0,46327.7865
low,0.53,739,0.00576766983016983,0.93234100135318,0.8173190984578885,0.8710493046776233,0.8818497234844863,14241.259999999998,31197.526500000007,739.0,150.0,46327.7865
low,0.531,739,0.00576766983016983,0.93234100135318,0.8173190984578885,0.8710493046776233,0.8818497234844863,14241.259999999998,31197.526500000007,739.0,150.0,46327.7865
low,0.532,739,0.00576766983016983,0.93234100135318,0.8173190984578885,0.8710493046776233,0.8818497234844863,14241.259999999998,31197.526500000007,739.0,150.0,46327.7865
low,0.533,739,0.00576766983016983,0.93234100135318,0.8173190984578885,0.8710493046776233,0.8818497234844863,14241.259999999998,31197.526500000007,739.0,150.0,46327.7865
low,0.534,739,0.00576766983016983,0.93234100135318,0.8173190984578885,0.8710493046776233,0.8818497234844863,14241.259999999998,31197.526500000007,739.0,150.0,46327.7865
low,0.535,739,0.00576766983016983,0.93234100135318,0.8173190984578885,0.8710493046776233,0.8818497234844863,14241.259999999998,31197.526500000007,739.0,150.0,46327.7865
low,0.536,739,0.00576766983016983,0.93234100135318,0.8173190984578885,0.8710493046776233,0.8818497234844863,14241.259999999998,31197.526500000007,739.0,150.0,46327.7865
low,0.537,739,0.00576766983016983,0.93234100135318,0.8173190984578885,0.8710493046776233,0.8818497234844863,14241.259999999998,31197.526500000007,739.0,150.0,46327.7865
low,0.538,739,0.00576766983016983,0.93234100135318,0.8173190984578885,0.8710493046776233,0.8818497234844863,14241.259999999998,31197.526500000007,739.0,150.0,46327.7865
low,0.539,739,0.00576766983016983,0.93234100135318,0.8173190984578885,0.8710493046776233,0.8818497234844863,14241.259999999998,31197.526500000007,739.0,150.0,46327.7865
low,0.54,739,0.00576766983016983,0.93234100135318,0.8173190984578885,0.8710493046776233,0.8818497234844863,14241.259999999998,31197.526500000007,739.0,150.0,46327.7865
low,0.541,739,0.00576766983016983,0.93234100135318,0.8173190984578885,0.8710493046776233,0.8818497234844863,14241.259999999998,31197.526500000007,739.0,150.0,46327.7865
low,0.542,739,0.00576766983016983,0.93234100135318,0.8173190984578885,0.8710493046776233,0.8818497234844863,14241.259999999998,31197.526500000007,739.0,150.0,46327.7865
low,0.543,739,0.00576766983016983,0.93234100135318,0.8173190984578885,0.8710493046776233,0.8818497234844863,14241.259999999998,31197.526500000007,739.0,150.0,46327.7865
low,0.544,739,0.00576766983016983,0.93234100135318,0.8173190984578885,0.8710493046776233,0.8818497234844863,14241.259999999998,31197.526500000007,739.0,150.0,46327.7865
low,0.545,739,0.00576766983016983,0.93234100135318,0.8173190984578885,0.8710493046776233,0.8818497234844863,14241.259999999998,31197.526500000007,739.0,150.0,46327.7865
low,0.546,739,0.00576766983016983,0.93234100135318,0.8173190984578885,0.8710493046776233,0.8818497234844863,14241.259999999998,31197.526500000007,739.0,150.0,46327.7865
low,0.547,739,0.00576766983016983,0.93234100135318,0.8173190984578885,0.8710493046776233,0.8818497234844863,14241.259999999998,31197.526500000007,739.0,150.0,46327.7865
low,0.548,739,0.00576766983016983,0.93234100135318,0.8173190984578885,0.8710493046776233,0.8818497234844863,14241.259999999998,31197.526500000007,739.0,150.0,46327.7865
low,0.549,739,0.00576766983016983,0.93234100135318,0.8173190984578885,0.8710493046776233,0.8818497234844863,14241.259999999998,31197.526500000007,739.0,150.0,46327.7865
low,0.55,739,0.00576766983016983,0.93234100135318,0.8173190984578885,0.8710493046776233,0.8818497234844863,14241.259999999998,31197.526500000007,739.0,150.0,46327.7865
low,0.551,739,0.00576766983016983,0.93234100135318,0.8173190984578885,0.8710493046776233,0.8818497234844863,14241.259999999998,31197.526500000007,739.0,150.0,46327.7865
low,0.552,739,0.00576766983016983,0.93234100135318,0.8173190984578885,0.8710493046776233,0.8818497234844863,14241.259999999998,31197.526500000007,739.0,150.0,46327.7865
low,0.553,739,0.00576766983016983,0.93234100135318,0.8173190984578885,0.8710493046776233,0.8818497234844863,14241.259999999998,31197.526500000007,739.0,150.0,46327.7865
low,0.554,739,0.00576766983016983,0.93234100135318,0.8173190984578885,0.8710493046776233,0.8818497234844863,14241.259999999998,31197.526500000007,739.0,150.0,46327.7865
low,0.555,739,0.00576766983016983,0.93234100135318,0.8173190984578885,0.8710493046776233,0.8818497234844863,14241.259999999998,31197.526500000007,739.0,150.0,46327.7865
low,0.556,739,0.00576766983016983,0.93234100135318,0.8173190984578885,0.8710493046776233,0.8818497234844863,14241.259999999998,31197.526500000007,739.0,150.0,46327.7865
low,0.557,739,0.00576766983016983,0.93234100135318,0.8173190984578885,0.8710493046776233,0.8818497234844863,14241.259999999998,31197.526500000007,739.0,150.0,46327.7865
low,0.558,739,0.00576766983016983,0.93234100135318,0.8173190984578885,0.8710493046776233,0.8818497234844863,14241.259999999998,31197.526500000007,739.0,150.0,46327.7865
low,0.559,739,0.00576766983016983,0.93234100135318,0.8173190984578885,0.8710493046776233,0.8818497234844863,14241.259999999998,31197.526500000007,739.0,150.0,46327.7865
low,0.56,739,0.00576766983016983,0.93234100135318,0.8173190984578885,0.8710493046776233,0.8818497234844863,14241.259999999998,31197.526500000007,739.0,150.0,46327.7865
low,0.561,739,0.00576766983016983,0.93234100135318,0.8173190984578885,0.8710493046776233,0.8818497234844863,14241.259999999998,31197.526500000007,739.0,150.0,46327.7865
low,0.562,739,0.00576766983016983,0.93234100135318,0.8173190984578885,0.8710493046776233,0.8818497234844863,14241.259999999998,31197.526500000007,739.0,150.0,46327.7865
low,0.5630000000000001,739,0.00576766983016983,0.93234100135318,0.8173190984578885,0.8710493046776233,0.8818497234844863,14241.259999999998,31197.526500000007,739.0,150.0,46327.7865
low,0.5640000000000001,739,0.00576766983016983,0.93234100135318,0.8173190984578885,0.8710493046776233,0.8818497234844863,14241.259999999998,31197.526500000007,739.0,150.0,46327.7865
low,0.5650000000000001,739,0.00576766983016983,0.93234100135318,0.8173190984578885,0.8710493046776233,0.8818497234844863,14241.259999999998,31197.526500000007,739.0,150.0,46327.7865
low,0.5660000000000001,739,0.00576766983016983,0.93234100135318,0.8173190984578885,0.8710493046776233,0.8818497234844863,14241.259999999998,31197.526500000007,739.0,150.0,46327.7865
low,0.5670000000000001,739,0.00576766983016983,0.93234100135318,0.8173190984578885,0.8710493046776233,0.8818497234844863,14241.259999999998,31197.526500000007,739.0,150.0,46327.7865
low,0.5680000000000001,739,0.00576766983016983,0.93234100135318,0.8173190984578885,0.8710493046776233,0.8818497234844863,14241.259999999998,31197.526500000007,739.0,150.0,46327.7865
low,0.5690000000000001,739,0.00576766983016983,0.93234100135318,0.8173190984578885,0.8710493046776233,0.8818497234844863,14241.259999999998,31197.526500000007,739.0,150.0,46327.7865
low,0.5700000000000001,739,0.00576766983016983,0.93234100135318,0.8173190984578885,0.8710493046776233,0.8818497234844863,14241.259999999998,31197.526500000007,739.0,150.0,46327.7865
low,0.5710000000000001,739,0.00576766983016983,0.93234100135318,0.8173190984578885,0.8710493046776233,0.8818497234844863,14241.259999999998,31197.526500000007,739.0,150.0,46327.7865
low,0.5720000000000001,739,0.00576766983016983,0.93234100135318,0.8173190984578885,0.8710493046776233,0.8818497234844863,14241.259999999998,31197.526500000007,739.0,150.0,46327.7865
low,0.5730000000000001,739,0.00576766983016983,0.93234100135318,0.8173190984578885,0.8710493046776233,0.8818497234844863,14241.259999999998,31197.526500000007,739.0,150.0,46327.7865
low,0.5740000000000001,739,0.00576766983016983,0.93234100135318,0.8173190984578885,0.8710493046776233,0.8818497234844863,14241.259999999998,31197.526500000007,739.0,150.0,46327.7865
low,0.5750000000000001,739,0.00576766983016983,0.93234100135318,0.8173190984578885,0.8710493046776233,0.8818497234844863,14241.259999999998,31197.526500000007,739.0,150.0,46327.7865
low,0.5760000000000001,739,0.00576766983016983,0.93234100135318,0.8173190984578885,0.8710493046776233,0.8818497234844863,14241.259999999998,31197.526500000007,739.0,150.0,46327.7865
low,0.5770000000000001,739,0.00576766983016983,0.93234100135318,0.8173190984578885,0.8710493046776233,0.8818497234844863,14241.259999999998,31197.526500000007,739.0,150.0,46327.7865
low,0.578,739,0.00576766983016983,0.93234100135318,0.8173190984578885,0.8710493046776233,0.8818497234844863,14241.259999999998,31197.526500000007,739.0,150.0,46327.7865
low,0.579,739,0.00576766983016983,0.93234100135318,0.8173190984578885,0.8710493046776233,0.8818497234844863,14241.259999999998,31197.526500000007,739.0,150.0,46327.7865
low,0.58,739,0.00576766983016983,0.93234100135318,0.8173190984578885,0.8710493046776233,0.8818497234844863,14241.259999999998,31197.526500000007,739.0,150.0,46327.7865
low,0.581,721,0.005627185314685315,0.9459084604715673,0.8090154211150652,0.8721227621483376,0.8779679027037965,14718.857499999998,31054.247250000004,721.0,117.0,46611.10475
low,0.582,720,0.005619380619380619,0.9458333333333333,0.8078291814946619,0.8714011516314779,0.8763527851278591,14908.009999999998,30997.501500000006,720.0,117.0,46742.51150000001
low,0.583,719,0.005611575924075924,0.9471488178025035,0.8078291814946619,0.8719590268886044,0.8763527851278591,14908.009999999998,30997.501500000006,719.0,114.0,46738.51150000001
low,0.584,703,0.005486700799200799,0.9544807965860598,0.7959667852906287,0.8680465717981889,0.8661549229742336,16120.75,30633.679500000006,703.0,96.0,47553.429500000006
low,0.585,703,0.005486700799200799,0.9544807965860598,0.7959667852906287,0.8680465717981889,0.8661549229742336,16120.75,30633.679500000006,703.0,96.0,47553.429500000006
low,0.586,703,0.005486700799200799,0.9544807965860598,0.7959667852906287,0.8680465717981889,0.8661549229742336,16120.75,30633.679500000006,703.0,96.0,47553.429500000006
low,0.587,703,0.005486700799200799,0.9544807965860598,0.7959667852906287,0.8680465717981889,0.8661549229742336,16120.75,30633.679500000006,703.0,96.0,47553.429500000006
low,0.588,703,0.005486700799200799,0.9544807965860598,0.7959667852906287,0.8680465717981889,0.8661549229742336,16120.75,30633.679500000006,703.0,96.0,47553.429500000006
low,0.589,703,0.005486700799200799,0.9544807965860598,0.7959667852906287,0.8680465717981889,0.8661549229742336,16120.75,30633.679500000006,703.0,96.0,47553.429500000006
low,0.59,702,0.005478896103896104,0.9544159544159544,0.7947805456702254,0.8673139158576052,0.8644089488840866,16324.822500000002,30572.457750000005,702.0,96.0,47695.28025000001
low,0.591,702,0.005478896103896104,0.9544159544159544,0.7947805456702254,0.8673139158576052,0.8644089488840866,16324.822500000002,30572.457750000005,702.0,96.0,47695.28025000001
low,0.592,701,0.005471091408591409,0.9543509272467903,0.7935943060498221,0.866580310880829,0.8627351563698071,16520.665,30513.705000000005,701.0,96.0,47831.37000000001
low,0.593,701,0.005471091408591409,0.9543509272467903,0.7935943060498221,0.866580310880829,0.8627351563698071,16520.665,30513.705000000005,701.0,96.0,47831.37000000001
low,0.594,701,0.005471091408591409,0.9543509272467903,0.7935943060498221,0.866580310880829,0.8627351563698071,16520.665,30513.705000000005,701.0,96.0,47831.37000000001
low,0.595,701,0.005471091408591409,0.9543509272467903,0.7935943060498221,0.866580310880829,0.8627351563698071,16520.665,30513.705000000005,701.0,96.0,47831.37000000001
low,0.596,701,0.005471091408591409,0.9543509272467903,0.7935943060498221,0.866580310880829,0.8627351563698071,16520.665,30513.705000000005,701.0,96.0,47831.37000000001
low,0.597,701,0.005471091408591409,0.9543509272467903,0.7935943060498221,0.866580310880829,0.8627351563698071,16520.665,30513.705000000005,701.0,96.0,47831.37000000001
low,0.598,701,0.005471091408591409,0.9543509272467903,0.7935943060498221,0.866580310880829,0.8627351563698071,16520.665,30513.705000000005,701.0,96.0,47831.37000000001
low,0.599,701,0.005471091408591409,0.9543509272467903,0.7935943060498221,0.866580310880829,0.8627351563698071,16520.665,30513.705000000005,701.0,96.0,47831.37000000001
low,0.6,701,0.005471091408591409,0.9543509272467903,0.7935943060498221,0.866580310880829,0.8627351563698071,16520.665,30513.705000000005,701.0,96.0,47831.37000000001
low,0.601,701,0.005471091408591409,0.9543509272467903,0.7935943060498221,0.866580310880829,0.8627351563698071,16520.665,30513.705000000005,701.0,96.0,47831.37000000001
low,0.602,701,0.005471091408591409,0.9543509272467903,0.7935943060498221,0.866580310880829,0.8627351563698071,16520.665,30513.705000000005,701.0,96.0,47831.37000000001
low,0.603,701,0.005471091408591409,0.9543509272467903,0.7935943060498221,0.866580310880829,0.8627351563698071,16520.665,30513.705000000005,701.0,96.0,47831.37000000001
low,0.604,701,0.005471091408591409,0.9543509272467903,0.7935943060498221,0.866580310880829,0.8627351563698071,16520.665,30513.705000000005,701.0,96.0,47831.37000000001
low,0.605,701,0.005471091408591409,0.9543509272467903,0.7935943060498221,0.866580310880829,0.8627351563698071,16520.665,30513.705000000005,701.0,96.0,47831.37000000001
low,0.606,701,0.005471091408591409,0.9543509272467903,0.7935943060498221,0.866580310880829,0.8627351563698071,16520.665,30513.705000000005,701.0,96.0,47831.37000000001
low,0.607,701,0.005471091408591409,0.9543509272467903,0.7935943060498221,0.866580310880829,0.8627351563698071,16520.665,30513.705000000005,701.0,96.0,47831.37000000001
low,0.608,701,0.005471091408591409,0.9543509272467903,0.7935943060498221,0.866580310880829,0.8627351563698071,16520.665,30513.705000000005,701.0,96.0,47831.37000000001
low,0.609,701,0.005471091408591409,0.9543509272467903,0.7935943060498221,0.866580310880829,0.8627351563698071,16520.665,30513.705000000005,701.0,96.0,47831.37000000001
low,0.61,701,0.005471091408591409,0.9543509272467903,0.7935943060498221,0.866580310880829,0.8627351563698071,16520.665,30513.705000000005,701.0,96.0,47831.37000000001
low,0.611,701,0.005471091408591409,0.9543509272467903,0.7935943060498221,0.866580310880829,0.8627351563698071,16520.665,30513.705000000005,701.0,96.0,47831.37000000001
low,0.612,701,0.005471091408591409,0.9543509272467903,0.7935943060498221,0.866580310880829,0.8627351563698071,16520.665,30513.705000000005,701.0,96.0,47831.37000000001
low,0.613,685,0.005346216283716284,0.9576642335766423,0.7781731909845789,0.8586387434554974,0.8502989856471367,18003.6125,30068.820750000003,685.0,87.0,48844.43325
low,0.614,685,0.005346216283716284,0.9576642335766423,0.7781731909845789,0.8586387434554974,0.8502989856471367,18003.6125,30068.820750000003,685.0,87.0,48844.43325
low,0.615,685,0.005346216283716284,0.9576642335766423,0.7781731909845789,0.8586387434554974,0.8502989856471367,18003.6125,30068.820750000003,685.0,87.0,48844.43325
low,0.616,685,0.005346216283716284,0.9576642335766423,0.7781731909845789,0.8586387434554974,0.8502989856471367,18003.6125,30068.820750000003,685.0,87.0,48844.43325
low,0.617,685,0.005346216283716284,0.9576642335766423,0.7781731909845789,0.8586387434554974,0.8502989856471367,18003.6125,30068.820750000003,685.0,87.0,48844.43325
low,0.618,685,0.005346216283716284,0.9576642335766423,0.7781731909845789,0.8586387434554974,0.8502989856471367,18003.6125,30068.820750000003,685.0,87.0,48844.43325
low,0.619,685,0.005346216283716284,0.9576642335766423,0.7781731909845789,0.8586387434554974,0.8502989856471367,18003.6125,30068.820750000003,685.0,87.0,48844.43325
low,0.62,685,0.005346216283716284,0.9576642335766423,0.7781731909845789,0.8586387434554974,0.8502989856471367,18003.6125,30068.820750000003,685.0,87.0,48844.43325
low,0.621,685,0.005346216283716284,0.9576642335766423,0.7781731909845789,0.8586387434554974,0.8502989856471367,18003.6125,30068.820750000003,685.0,87.0,48844.43325
low,0.622,685,0.005346216283716284,0.9576642335766423,0.7781731909845789,0.8586387434554974,0.8502989856471367,18003.6125,30068.820750000003,685.0,87.0,48844.43325
low,0.623,685,0.005346216283716284,0.9576642335766423,0.7781731909845789,0.8586387434554974,0.8502989856471367,18003.6125,30068.820750000003,685.0,87.0,48844.43325
low,0.624,685,0.005346216283716284,0.9576642335766423,0.7781731909845789,0.8586387434554974,0.8502989856471367,18003.6125,30068.820750000003,685.0,87.0,48844.43325
low,0.625,685,0.005346216283716284,0.9576642335766423,0.7781731909845789,0.8586387434554974,0.8502989856471367,18003.6125,30068.820750000003,685.0,87.0,48844.43325
low,0.626,685,0.005346216283716284,0.9576642335766423,0.7781731909845789,0.8586387434554974,0.8502989856471367,18003.6125,30068.820750000003,685.0,87.0,48844.43325
low,0.627,685,0.005346216283716284,0.9576642335766423,0.7781731909845789,0.8586387434554974,0.8502989856471367,18003.6125,30068.820750000003,685.0,87.0,48844.43325
low,0.628,685,0.005346216283716284,0.9576642335766423,0.7781731909845789,0.8586387434554974,0.8502989856471367,18003.6125,30068.820750000003,685.0,87.0,48844.43325
low,0.629,685,0.005346216283716284,0.9576642335766423,0.7781731909845789,0.8586387434554974,0.8502989856471367,18003.6125,30068.820750000003,685.0,87.0,48844.43325
low,0.63,685,0.005346216283716284,0.9576642335766423,0.7781731909845789,0.8586387434554974,0.8502989856471367,18003.6125,30068.820750000003,685.0,87.0,48844.43325
low,0.631,685,0.005346216283716284,0.9576642335766423,0.7781731909845789,0.8586387434554974,0.8502989856471367,18003.6125,30068.820750000003,685.0,87.0,48844.43325
low,0.632,685,0.005346216283716284,0.9576642335766423,0.7781731909845789,0.8586387434554974,0.8502989856471367,18003.6125,30068.820750000003,685.0,87.0,48844.43325
low,0.633,685,0.005346216283716284,0.9576642335766423,0.7781731909845789,0.8586387434554974,0.8502989856471367,18003.6125,30068.820750000003,685.0,87.0,48844.43325
low,0.634,685,0.005346216283716284,0.9576642335766423,0.7781731909845789,0.8586387434554974,0.8502989856471367,18003.6125,30068.820750000003,685.0,87.0,48844.43325
low,0.635,685,0.005346216283716284,0.9576642335766423,0.7781731909845789,0.8586387434554974,0.8502989856471367,18003.6125,30068.820750000003,685.0,87.0,48844.43325
low,0.636,685,0.005346216283716284,0.9576642335766423,0.7781731909845789,0.8586387434554974,0.8502989856471367,18003.6125,30068.820750000003,685.0,87.0,48844.43325
low,0.637,685,0.005346216283716284,0.9576642335766423,0.7781731909845789,0.8586387434554974,0.8502989856471367,18003.6125,30068.820750000003,685.0,87.0,48844.43325
low,0.638,685,0.005346216283716284,0.9576642335766423,0.7781731909845789,0.8586387434554974,0.8502989856471367,18003.6125,30068.820750000003,685.0,87.0,48844.43325
low,0.639,685,0.005346216283716284,0.9576642335766423,0.7781731909845789,0.8586387434554974,0.8502989856471367,18003.6125,30068.820750000003,685.0,87.0,48844.43325
low,0.64,685,0.005346216283716284,0.9576642335766423,0.7781731909845789,0.8586387434554974,0.8502989856471367,18003.6125,30068.820750000003,685.0,87.0,48844.43325
low,0.641,685,0.005346216283716284,0.9576642335766423,0.7781731909845789,0.8586387434554974,0.8502989856471367,18003.6125,30068.820750000003,685.0,87.0,48844.43325
low,0.642,685,0.005346216283716284,0.9576642335766423,0.7781731909845789,0.8586387434554974,0.8502989856471367,18003.6125,30068.820750000003,685.0,87.0,48844.43325
low,0.643,685,0.005346216283716284,0.9576642335766423,0.7781731909845789,0.8586387434554974,0.8502989856471367,18003.6125,30068.820750000003,685.0,87.0,48844.43325
low,0.644,685,0.005346216283716284,0.9576642335766423,0.7781731909845789,0.8586387434554974,0.8502989856471367,18003.6125,30068.820750000003,685.0,87.0,48844.43325
low,0.645,685,0.005346216283716284,0.9576642335766423,0.7781731909845789,0.8586387434554974,0.8502989856471367,18003.6125,30068.820750000003,685.0,87.0,48844.43325
low,0.646,685,0.005346216283716284,0.9576642335766423,0.7781731909845789,0.8586387434554974,0.8502989856471367,18003.6125,30068.820750000003,685.0,87.0,48844.43325
low,0.647,685,0.005346216283716284,0.9576642335766423,0.7781731909845789,0.8586387434554974,0.8502989856471367,18003.6125,30068.820750000003,685.0,87.0,48844.43325
low,0.648,685,0.005346216283716284,0.9576642335766423,0.7781731909845789,0.8586387434554974,0.8502989856471367,18003.6125,30068.820750000003,685.0,87.0,48844.43325
low,0.649,685,0.005346216283716284,0.9576642335766423,0.7781731909845789,0.8586387434554974,0.8502989856471367,18003.6125,30068.820750000003,685.0,87.0,48844.43325
low,0.65,685,0.005346216283716284,0.9576642335766423,0.7781731909845789,0.8586387434554974,0.8502989856471367,18003.6125,30068.820750000003,685.0,87.0,48844.43325
low,0.651,685,0.005346216283716284,0.9576642335766423,0.7781731909845789,0.8586387434554974,0.8502989856471367,18003.6125,30068.820750000003,685.0,87.0,48844.43325
low,0.652,685,0.005346216283716284,0.9576642335766423,0.7781731909845789,0.8586387434554974,0.8502989856471367,18003.6125,30068.820750000003,685.0,87.0,48844.43325
low,0.653,685,0.005346216283716284,0.9576642335766423,0.7781731909845789,0.8586387434554974,0.8502989856471367,18003.6125,30068.820750000003,685.0,87.0,48844.43325
low,0.654,685,0.005346216283716284,0.9576642335766423,0.7781731909845789,0.8586387434554974,0.8502989856471367,18003.6125,30068.820750000003,685.0,87.0,48844.43325
low,0.655,685,0.005346216283716284,0.9576642335766423,0.7781731909845789,0.8586387434554974,0.8502989856471367,18003.6125,30068.820750000003,685.0,87.0,48844.43325
low,0.656,685,0.005346216283716284,0.9576642335766423,0.7781731909845789,0.8586387434554974,0.8502989856471367,18003.6125,30068.820750000003,685.0,87.0,48844.43325
low,0.657,685,0.005346216283716284,0.9576642335766423,0.7781731909845789,0.8586387434554974,0.8502989856471367,18003.6125,30068.820750000003,685.0,87.0,48844.43325
low,0.658,685,0.005346216283716284,0.9576642335766423,0.7781731909845789,0.8586387434554974,0.8502989856471367,18003.6125,30068.820750000003,685.0,87.0,48844.43325
low,0.659,685,0.005346216283716284,0.9576642335766423,0.7781731909845789,0.8586387434554974,0.8502989856471367,18003.6125,30068.820750000003,685.0,87.0,48844.43325
low,0.66,685,0.005346216283716284,0.9576642335766423,0.7781731909845789,0.8586387434554974,0.8502989856471367,18003.6125,30068.820750000003,685.0,87.0,48844.43325
low,0.661,685,0.005346216283716284,0.9576642335766423,0.7781731909845789,0.8586387434554974,0.8502989856471367,18003.6125,30068.820750000003,685.0,87.0,48844.43325
low,0.662,685,0.005346216283716284,0.9576642335766423,0.7781731909845789,0.8586387434554974,0.8502989856471367,18003.6125,30068.820750000003,685.0,87.0,48844.43325
low,0.663,685,0.005346216283716284,0.9576642335766423,0.7781731909845789,0.8586387434554974,0.8502989856471367,18003.6125,30068.820750000003,685.0,87.0,48844.43325
low,0.664,685,0.005346216283716284,0.9576642335766423,0.7781731909845789,0.8586387434554974,0.8502989856471367,18003.6125,30068.820750000003,685.0,87.0,48844.43325
low,0.665,685,0.005346216283716284,0.9576642335766423,0.7781731909845789,0.8586387434554974,0.8502989856471367,18003.6125,30068.820750000003,685.0,87.0,48844.43325
low,0.666,685,0.005346216283716284,0.9576642335766423,0.7781731909845789,0.8586387434554974,0.8502989856471367,18003.6125,30068.820750000003,685.0,87.0,48844.43325
low,0.667,685,0.005346216283716284,0.9576642335766423,0.7781731909845789,0.8586387434554974,0.8502989856471367,18003.6125,30068.820750000003,685.0,87.0,48844.43325
low,0.668,685,0.005346216283716284,0.9576642335766423,0.7781731909845789,0.8586387434554974,0.8502989856471367,18003.6125,30068.820750000003,685.0,87.0,48844.43325
low,0.669,685,0.005346216283716284,0.9576642335766423,0.7781731909845789,0.8586387434554974,0.8502989856471367,18003.6125,30068.820750000003,685.0,87.0,48844.43325
low,0.67,685,0.005346216283716284,0.9576642335766423,0.7781731909845789,0.8586387434554974,0.8502989856471367,18003.6125,30068.820750000003,685.0,87.0,48844.43325
low,0.671,685,0.005346216283716284,0.9576642335766423,0.7781731909845789,0.8586387434554974,0.8502989856471367,18003.6125,30068.820750000003,685.0,87.0,48844.43325
low,0.672,685,0.005346216283716284,0.9576642335766423,0.7781731909845789,0.8586387434554974,0.8502989856471367,18003.6125,30068.820750000003,685.0,87.0,48844.43325
low,0.673,685,0.005346216283716284,0.9576642335766423,0.7781731909845789,0.8586387434554974,0.8502989856471367,18003.6125,30068.820750000003,685.0,87.0,48844.43325
low,0.674,685,0.005346216283716284,0.9576642335766423,0.7781731909845789,0.8586387434554974,0.8502989856471367,18003.6125,30068.820750000003,685.0,87.0,48844.43325
low,0.675,685,0.005346216283716284,0.9576642335766423,0.7781731909845789,0.8586387434554974,0.8502989856471367,18003.6125,30068.820750000003,685.0,87.0,48844.43325
low,0.676,685,0.005346216283716284,0.9576642335766423,0.7781731909845789,0.8586387434554974,0.8502989856471367,18003.6125,30068.820750000003,685.0,87.0,48844.43325
low,0.677,685,0.005346216283716284,0.9576642335766423,0.7781731909845789,0.8586387434554974,0.8502989856471367,18003.6125,30068.820750000003,685.0,87.0,48844.43325
low,0.678,685,0.005346216283716284,0.9576642335766423,0.7781731909845789,0.8586387434554974,0.8502989856471367,18003.6125,30068.820750000003,685.0,87.0,48844.43325
low,0.679,684,0.005338411588411588,0.9590643274853801,0.7781731909845789,0.8592010478061559,0.8502989856471367,18003.6125,30068.820750000003,684.0,84.0,48840.43325
low,0.68,684,0.005338411588411588,0.9590643274853801,0.7781731909845789,0.8592010478061559,0.8502989856471367,18003.6125,30068.820750000003,684.0,84.0,48840.43325
low,0.681,684,0.005338411588411588,0.9590643274853801,0.7781731909845789,0.8592010478061559,0.8502989856471367,18003.6125,30068.820750000003,684.0,84.0,48840.43325
low,0.682,684,0.005338411588411588,0.9590643274853801,0.7781731909845789,0.8592010478061559,0.8502989856471367,18003.6125,30068.820750000003,684.0,84.0,48840.43325
low,0.683,684,0.005338411588411588,0.9590643274853801,0.7781731909845789,0.8592010478061559,0.8502989856471367,18003.6125,30068.820750000003,684.0,84.0,48840.43325
low,0.684,684,0.005338411588411588,0.9590643274853801,0.7781731909845789,0.8592010478061559,0.8502989856471367,18003.6125,30068.820750000003,684.0,84.0,48840.43325
low,0.685,684,0.005338411588411588,0.9590643274853801,0.7781731909845789,0.8592010478061559,0.8502989856471367,18003.6125,30068.820750000003,684.0,84.0,48840.43325
low,0.686,684,0.005338411588411588,0.9590643274853801,0.7781731909845789,0.8592010478061559,0.8502989856471367,18003.6125,30068.820750000003,684.0,84.0,48840.43325
low,0.687,684,0.005338411588411588,0.9590643274853801,0.7781731909845789,0.8592010478061559,0.8502989856471367,18003.6125,30068.820750000003,684.0,84.0,48840.43325
low,0.6880000000000001,684,0.005338411588411588,0.9590643274853801,0.7781731909845789,0.8592010478061559,0.8502989856471367,18003.6125,30068.820750000003,684.0,84.0,48840.43325
low,0.6890000000000001,684,0.005338411588411588,0.9590643274853801,0.7781731909845789,0.8592010478061559,0.8502989856471367,18003.6125,30068.820750000003,684.0,84.0,48840.43325
low,0.6900000000000001,684,0.005338411588411588,0.9590643274853801,0.7781731909845789,0.8592010478061559,0.8502989856471367,18003.6125,30068.820750000003,684.0,84.0,48840.43325
low,0.6910000000000001,664,0.005182317682317682,0.9668674698795181,0.7615658362989324,0.8520238885202389,0.8344380052573271,19882.050000000003,29505.289500000003,664.0,66.0,50117.3395
low,0.6920000000000001,664,0.005182317682317682,0.9668674698795181,0.7615658362989324,0.8520238885202389,0.8344380052573271,19882.050000000003,29505.289500000003,664.0,66.0,50117.3395
low,0.6930000000000001,664,0.005182317682317682,0.9668674698795181,0.7615658362989324,0.8520238885202389,0.8344380052573271,19882.050000000003,29505.289500000003,664.0,66.0,50117.3395
low,0.6940000000000001,664,0.005182317682317682,0.9668674698795181,0.7615658362989324,0.8520238885202389,0.8344380052573271,19882.050000000003,29505.289500000003,664.0,66.0,50117.3395
low,0.6950000000000001,664,0.005182317682317682,0.9668674698795181,0.7615658362989324,0.8520238885202389,0.8344380052573271,19882.050000000003,29505.289500000003,664.0,66.0,50117.3395
low,0.6960000000000001,663,0.005174512987012987,0.9683257918552036,0.7615658362989324,0.852589641434263,0.8344380052573271,19882.050000000003,29505.289500000003,663.0,63.0,50113.3395
low,0.6970000000000001,663,0.005174512987012987,0.9683257918552036,0.7615658362989324,0.852589641434263,0.8344380052573271,19882.050000000003,29505.289500000003,663.0,63.0,50113.3395
low,0.6980000000000001,663,0.005174512987012987,0.9683257918552036,0.7615658362989324,0.852589641434263,0.8344380052573271,19882.050000000003,29505.289500000003,663.0,63.0,50113.3395
low,0.6990000000000001,663,0.005174512987012987,0.9683257918552036,0.7615658362989324,0.852589641434263,0.8344380052573271,19882.050000000003,29505.289500000003,663.0,63.0,50113.3395
low,0.7000000000000001,663,0.005174512987012987,0.9683257918552036,0.7615658362989324,0.852589641434263,0.8344380052573271,19882.050000000003,29505.289500000003,663.0,63.0,50113.3395
low,0.7010000000000001,663,0.005174512987012987,0.9683257918552036,0.7615658362989324,0.852589641434263,0.8344380052573271,19882.050000000003,29505.289500000003,663.0,63.0,50113.3395
low,0.7020000000000001,663,0.005174512987012987,0.9683257918552036,0.7615658362989324,0.852589641434263,0.8344380052573271,19882.050000000003,29505.289500000003,663.0,63.0,50113.3395
low,0.7030000000000001,663,0.005174512987012987,0.9683257918552036,0.7615658362989324,0.852589641434263,0.8344380052573271,19882.050000000003,29505.289500000003,663.0,63.0,50113.3395
low,0.7040000000000001,662,0.005166708291708292,0.9697885196374623,0.7615658362989324,0.8531561461794019,0.8344380052573271,19882.050000000003,29505.289500000003,662.0,60.0,50109.3395
low,0.705,662,0.005166708291708292,0.9697885196374623,0.7615658362989324,0.8531561461794019,0.8344380052573271,19882.050000000003,29505.289500000003,662.0,60.0,50109.3395
low,0.706,662,0.005166708291708292,0.9697885196374623,0.7615658362989324,0.8531561461794019,0.8344380052573271,19882.050000000003,29505.289500000003,662.0,60.0,50109.3395
low,0.707,662,0.005166708291708292,0.9697885196374623,0.7615658362989324,0.8531561461794019,0.8344380052573271,19882.050000000003,29505.289500000003,662.0,60.0,50109.3395
low,0.708,662,0.005166708291708292,0.9697885196374623,0.7615658362989324,0.8531561461794019,0.8344380052573271,19882.050000000003,29505.289500000003,662.0,60.0,50109.3395
low,0.709,662,0.005166708291708292,0.9697885196374623,0.7615658362989324,0.8531561461794019,0.8344380052573271,19882.050000000003,29505.289500000003,662.0,60.0,50109.3395
low,0.71,662,0.005166708291708292,0.9697885196374623,0.7615658362989324,0.8531561461794019,0.8344380052573271,19882.050000000003,29505.289500000003,662.0,60.0,50109.3395
low,0.711,662,0.005166708291708292,0.9697885196374623,0.7615658362989324,0.8531561461794019,0.8344380052573271,19882.050000000003,29505.289500000003,662.0,60.0,50109.3395
low,0.712,662,0.005166708291708292,0.9697885196374623,0.7615658362989324,0.8531561461794019,0.8344380052573271,19882.050000000003,29505.289500000003,662.0,60.0,50109.3395
low,0.713,662,0.005166708291708292,0.9697885196374623,0.7615658362989324,0.8531561461794019,0.8344380052573271,19882.050000000003,29505.289500000003,662.0,60.0,50109.3395
low,0.714,662,0.005166708291708292,0.9697885196374623,0.7615658362989324,0.8531561461794019,0.8344380052573271,19882.050000000003,29505.289500000003,662.0,60.0,50109.3395
low,0.715,635,0.004955981518481518,0.9779527559055118,0.7366548042704626,0.8403247631935047,0.8026842512562599,23607.550000000003,28387.639500000005,635.0,42.0,52672.18950000001
low,0.716,635,0.004955981518481518,0.9779527559055118,0.7366548042704626,0.8403247631935047,0.8026842512562599,23607.550000000003,28387.639500000005,635.0,42.0,52672.18950000001
low,0.717,635,0.004955981518481518,0.9779527559055118,0.7366548042704626,0.8403247631935047,0.8026842512562599,23607.550000000003,28387.639500000005,635.0,42.0,52672.18950000001
low,0.718,635,0.004955981518481518,0.9779527559055118,0.7366548042704626,0.8403247631935047,0.8026842512562599,23607.550000000003,28387.639500000005,635.0,42.0,52672.18950000001
low,0.719,635,0.004955981518481518,0.9779527559055118,0.7366548042704626,0.8403247631935047,0.8026842512562599,23607.550000000003,28387.639500000005,635.0,42.0,52672.18950000001
low,0.72,635,0.004955981518481518,0.9779527559055118,0.7366548042704626,0.8403247631935047,0.8026842512562599,23607.550000000003,28387.639500000005,635.0,42.0,52672.18950000001
low,0.721,635,0.004955981518481518,0.9779527559055118,0.7366548042704626,0.8403247631935047,0.8026842512562599,23607.550000000003,28387.639500000005,635.0,42.0,52672.18950000001
low,0.722,635,0.004955981518481518,0.9779527559055118,0.7366548042704626,0.8403247631935047,0.8026842512562599,23607.550000000003,28387.639500000005,635.0,42.0,52672.18950000001
low,0.723,635,0.004955981518481518,0.9779527559055118,0.7366548042704626,0.8403247631935047,0.8026842512562599,23607.550000000003,28387.639500000005,635.0,42.0,52672.18950000001
low,0.724,635,0.004955981518481518,0.9779527559055118,0.7366548042704626,0.8403247631935047,0.8026842512562599,23607.550000000003,28387.639500000005,635.0,42.0,52672.18950000001
low,0.725,635,0.004955981518481518,0.9779527559055118,0.7366548042704626,0.8403247631935047,0.8026842512562599,23607.550000000003,28387.639500000005,635.0,42.0,52672.18950000001
low,0.726,635,0.004955981518481518,0.9779527559055118,0.7366548042704626,0.8403247631935047,0.8026842512562599,23607.550000000003,28387.639500000005,635.0,42.0,52672.18950000001
low,0.727,635,0.004955981518481518,0.9779527559055118,0.7366548042704626,0.8403247631935047,0.8026842512562599,23607.550000000003,28387.639500000005,635.0,42.0,52672.18950000001
low,0.728,635,0.004955981518481518,0.9779527559055118,0.7366548042704626,0.8403247631935047,0.8026842512562599,23607.550000000003,28387.639500000005,635.0,42.0,52672.18950000001
low,0.729,635,0.004955981518481518,0.9779527559055118,0.7366548042704626,0.8403247631935047,0.8026842512562599,23607.550000000003,28387.639500000005,635.0,42.0,52672.18950000001
low,0.73,635,0.004955981518481518,0.9779527559055118,0.7366548042704626,0.8403247631935047,0.8026842512562599,23607.550000000003,28387.639500000005,635.0,42.0,52672.18950000001
low,0.731,635,0.004955981518481518,0.9779527559055118,0.7366548042704626,0.8403247631935047,0.8026842512562599,23607.550000000003,28387.639500000005,635.0,42.0,52672.18950000001
low,0.732,635,0.004955981518481518,0.9779527559055118,0.7366548042704626,0.8403247631935047,0.8026842512562599,23607.550000000003,28387.639500000005,635.0,42.0,52672.18950000001
low,0.733,635,0.004955981518481518,0.9779527559055118,0.7366548042704626,0.8403247631935047,0.8026842512562599,23607.550000000003,28387.639500000005,635.0,42.0,52672.18950000001
low,0.734,635,0.004955981518481518,0.9779527559055118,0.7366548042704626,0.8403247631935047,0.8026842512562599,23607.550000000003,28387.639500000005,635.0,42.0,52672.18950000001
low,0.735,635,0.004955981518481518,0.9779527559055118,0.7366548042704626,0.8403247631935047,0.8026842512562599,23607.550000000003,28387.639500000005,635.0,42.0,52672.18950000001
low,0.736,635,0.004955981518481518,0.9779527559055118,0.7366548042704626,0.8403247631935047,0.8026842512562599,23607.550000000003,28387.639500000005,635.0,42.0,52672.18950000001
low,0.737,635,0.004955981518481518,0.9779527559055118,0.7366548042704626,0.8403247631935047,0.8026842512562599,23607.550000000003,28387.639500000005,635.0,42.0,52672.18950000001
low,0.738,635,0.004955981518481518,0.9779527559055118,0.7366548042704626,0.8403247631935047,0.8026842512562599,23607.550000000003,28387.639500000005,635.0,42.0,52672.18950000001
low,0.739,635,0.004955981518481518,0.9779527559055118,0.7366548042704626,0.8403247631935047,0.8026842512562599,23607.550000000003,28387.639500000005,635.0,42.0,52672.18950000001
low,0.74,621,0.004846715784215784,0.9871175523349437,0.727164887307236,0.837431693989071,0.791008333200679,24978.815000000002,27976.260000000002,621.0,24.0,53600.075000000004
low,0.741,621,0.004846715784215784,0.9871175523349437,0.727164887307236,0.837431693989071,0.791008333200679,24978.815000000002,27976.260000000002,621.0,24.0,53600.075000000004
low,0.742,621,0.004846715784215784,0.9871175523349437,0.727164887307236,0.837431693989071,0.791008333200679,24978.815000000002,27976.260000000002,621.0,24.0,53600.075000000004
low,0.743,621,0.004846715784215784,0.9871175523349437,0.727164887307236,0.837431693989071,0.791008333200679,24978.815000000002,27976.260000000002,621.0,24.0,53600.075000000004
low,0.744,621,0.004846715784215784,0.9871175523349437,0.727164887307236,0.837431693989071,0.791008333200679,24978.815000000002,27976.260000000002,621.0,24.0,53600.075000000004
low,0.745,621,0.004846715784215784,0.9871175523349437,0.727164887307236,0.837431693989071,0.791008333200679,24978.815000000002,27976.260000000002,621.0,24.0,53600.075000000004
low,0.746,621,0.004846715784215784,0.9871175523349437,0.727164887307236,0.837431693989071,0.791008333200679,24978.815000000002,27976.260000000002,621.0,24.0,53600.075000000004
low,0.747,621,0.004846715784215784,0.9871175523349437,0.727164887307236,0.837431693989071,0.791008333200679,24978.815000000002,27976.260000000002,621.0,24.0,53600.075000000004
low,0.748,621,0.004846715784215784,0.9871175523349437,0.727164887307236,0.837431693989071,0.791008333200679,24978.815000000002,27976.260000000002,621.0,24.0,53600.075000000004
low,0.749,621,0.004846715784215784,0.9871175523349437,0.727164887307236,0.837431693989071,0.791008333200679,24978.815000000002,27976.260000000002,621.0,24.0,53600.075000000004
low,0.75,621,0.004846715784215784,0.9871175523349437,0.727164887307236,0.837431693989071,0.791008333200679,24978.815000000002,27976.260000000002,621.0,24.0,53600.075000000004
low,0.751,621,0.004846715784215784,0.9871175523349437,0.727164887307236,0.837431693989071,0.791008333200679,24978.815000000002,27976.260000000002,621.0,24.0,53600.075000000004
low,0.752,621,0.004846715784215784,0.9871175523349437,0.727164887307236,0.837431693989071,0.791008333200679,24978.815000000002,27976.260000000002,621.0,24.0,53600.075000000004
low,0.753,621,0.004846715784215784,0.9871175523349437,0.727164887307236,0.837431693989071,0.791008333200679,24978.815000000002,27976.260000000002,621.0,24.0,53600.075000000004
low,0.754,621,0.004846715784215784,0.9871175523349437,0.727164887307236,0.837431693989071,0.791008333200679,24978.815000000002,27976.260000000002,621.0,24.0,53600.075000000004
low,0.755,621,0.004846715784215784,0.9871175523349437,0.727164887307236,0.837431693989071,0.791008333200679,24978.815000000002,27976.260000000002,621.0,24.0,53600.075000000004
low,0.756,621,0.004846715784215784,0.9871175523349437,0.727164887307236,0.837431693989071,0.791008333200679,24978.815000000002,27976.260000000002,621.0,24.0,53600.075000000004
low,0.757,621,0.004846715784215784,0.9871175523349437,0.727164887307236,0.837431693989071,0.791008333200679,24978.815000000002,27976.260000000002,621.0,24.0,53600.075000000004
low,0.758,621,0.004846715784215784,0.9871175523349437,0.727164887307236,0.837431693989071,0.791008333200679,24978.815000000002,27976.260000000002,621.0,24.0,53600.075000000004
low,0.759,621,0.004846715784215784,0.9871175523349437,0.727164887307236,0.837431693989071,0.791008333200679,24978.815000000002,27976.260000000002,621.0,24.0,53600.075000000004
low,0.76,621,0.004846715784215784,0.9871175523349437,0.727164887307236,0.837431693989071,0.791008333200679,24978.815000000002,27976.260000000002,621.0,24.0,53600.075000000004
low,0.761,621,0.004846715784215784,0.9871175523349437,0.727164887307236,0.837431693989071,0.791008333200679,24978.815000000002,27976.260000000002,621.0,24.0,53600.075000000004
low,0.762,621,0.004846715784215784,0.9871175523349437,0.727164887307236,0.837431693989071,0.791008333200679,24978.815000000002,27976.260000000002,621.0,24.0,53600.075000000004
low,0.763,621,0.004846715784215784,0.9871175523349437,0.727164887307236,0.837431693989071,0.791008333200679,24978.815000000002,27976.260000000002,621.0,24.0,53600.075000000004
low,0.764,621,0.004846715784215784,0.9871175523349437,0.727164887307236,0.837431693989071,0.791008333200679,24978.815000000002,27976.260000000002,621.0,24.0,53600.075000000004
low,0.765,621,0.004846715784215784,0.9871175523349437,0.727164887307236,0.837431693989071,0.791008333200679,24978.815000000002,27976.260000000002,621.0,24.0,53600.075000000004
low,0.766,621,0.004846715784215784,0.9871175523349437,0.727164887307236,0.837431693989071,0.791008333200679,24978.815000000002,27976.260000000002,621.0,24.0,53600.075000000004
low,0.767,621,0.004846715784215784,0.9871175523349437,0.727164887307236,0.837431693989071,0.791008333200679,24978.815000000002,27976.260000000002,621.0,24.0,53600.075000000004
low,0.768,621,0.004846715784215784,0.9871175523349437,0.727164887307236,0.837431693989071,0.791008333200679,24978.815000000002,27976.260000000002,621.0,24.0,53600.075000000004
low,0.769,621,0.004846715784215784,0.9871175523349437,0.727164887307236,0.837431693989071,0.791008333200679,24978.815000000002,27976.260000000002,621.0,24.0,53600.075000000004
low,0.77,621,0.004846715784215784,0.9871175523349437,0.727164887307236,0.837431693989071,0.791008333200679,24978.815000000002,27976.260000000002,621.0,24.0,53600.075000000004
low,0.771,621,0.004846715784215784,0.9871175523349437,0.727164887307236,0.837431693989071,0.791008333200679,24978.815000000002,27976.260000000002,621.0,24.0,53600.075000000004
low,0.772,621,0.004846715784215784,0.9871175523349437,0.727164887307236,0.837431693989071,0.791008333200679,24978.815000000002,27976.260000000002,621.0,24.0,53600.075000000004
low,0.773,621,0.004846715784215784,0.9871175523349437,0.727164887307236,0.837431693989071,0.791008333200679,24978.815000000002,27976.260000000002,621.0,24.0,53600.075000000004
low,0.774,621,0.004846715784215784,0.9871175523349437,0.727164887307236,0.837431693989071,0.791008333200679,24978.815000000002,27976.260000000002,621.0,24.0,53600.075000000004
low,0.775,621,0.004846715784215784,0.9871175523349437,0.727164887307236,0.837431693989071,0.791008333200679,24978.815000000002,27976.260000000002,621.0,24.0,53600.075000000004
low,0.776,621,0.004846715784215784,0.9871175523349437,0.727164887307236,0.837431693989071,0.791008333200679,24978.815000000002,27976.260000000002,621.0,24.0,53600.075000000004
low,0.777,621,0.004846715784215784,0.9871175523349437,0.727164887307236,0.837431693989071,0.791008333200679,24978.815000000002,27976.260000000002,621.0,24.0,53600.075000000004
low,0.778,621,0.004846715784215784,0.9871175523349437,0.727164887307236,0.837431693989071,0.791008333200679,24978.815000000002,27976.260000000002,621.0,24.0,53600.075000000004
low,0.779,621,0.004846715784215784,0.9871175523349437,0.727164887307236,0.837431693989071,0.791008333200679,24978.815000000002,27976.260000000002,621.0,24.0,53600.075000000004
low,0.78,621,0.004846715784215784,0.9871175523349437,0.727164887307236,0.837431693989071,0.791008333200679,24978.815000000002,27976.260000000002,621.0,24.0,53600.075000000004
low,0.781,621,0.004846715784215784,0.9871175523349437,0.727164887307236,0.837431693989071,0.791008333200679,24978.815000000002,27976.260000000002,621.0,24.0,53600.075000000004
low,0.782,621,0.004846715784215784,0.9871175523349437,0.727164887307236,0.837431693989071,0.791008333200679,24978.815000000002,27976.260000000002,621.0,24.0,53600.075000000004
low,0.783,621,0.004846715784215784,0.9871175523349437,0.727164887307236,0.837431693989071,0.791008333200679,24978.815000000002,27976.260000000002,621.0,24.0,53600.075000000004
low,0.784,621,0.004846715784215784,0.9871175523349437,0.727164887307236,0.837431693989071,0.791008333200679,24978.815000000002,27976.260000000002,621.0,24.0,53600.075000000004
low,0.785,621,0.004846715784215784,0.9871175523349437,0.727164887307236,0.837431693989071,0.791008333200679,24978.815000000002,27976.260000000002,621.0,24.0,53600.075000000004
low,0.786,621,0.004846715784215784,0.9871175523349437,0.727164887307236,0.837431693989071,0.791008333200679,24978.815000000002,27976.260000000002,621.0,24.0,53600.075000000004
low,0.787,621,0.004846715784215784,0.9871175523349437,0.727164887307236,0.837431693989071,0.791008333200679,24978.815000000002,27976.260000000002,621.0,24.0,53600.075000000004
low,0.788,621,0.004846715784215784,0.9871175523349437,0.727164887307236,0.837431693989071,0.791008333200679,24978.815000000002,27976.260000000002,621.0,24.0,53600.075000000004
low,0.789,621,0.004846715784215784,0.9871175523349437,0.727164887307236,0.837431693989071,0.791008333200679,24978.815000000002,27976.260000000002,621.0,24.0,53600.075000000004
low,0.79,621,0.004846715784215784,0.9871175523349437,0.727164887307236,0.837431693989071,0.791008333200679,24978.815000000002,27976.260000000002,621.0,24.0,53600.075000000004
low,0.791,621,0.004846715784215784,0.9871175523349437,0.727164887307236,0.837431693989071,0.791008333200679,24978.815000000002,27976.260000000002,621.0,24.0,53600.075000000004
low,0.792,621,0.004846715784215784,0.9871175523349437,0.727164887307236,0.837431693989071,0.791008333200679,24978.815000000002,27976.260000000002,621.0,24.0,53600.075000000004
low,0.793,621,0.004846715784215784,0.9871175523349437,0.727164887307236,0.837431693989071,0.791008333200679,24978.815000000002,27976.260000000002,621.0,24.0,53600.075000000004
low,0.794,621,0.004846715784215784,0.9871175523349437,0.727164887307236,0.837431693989071,0.791008333200679,24978.815000000002,27976.260000000002,621.0,24.0,53600.075000000004
low,0.795,621,0.004846715784215784,0.9871175523349437,0.727164887307236,0.837431693989071,0.791008333200679,24978.815000000002,27976.260000000002,621.0,24.0,53600.075000000004
low,0.796,621,0.004846715784215784,0.9871175523349437,0.727164887307236,0.837431693989071,0.791008333200679,24978.815000000002,27976.260000000002,621.0,24.0,53600.075000000004
low,0.797,621,0.004846715784215784,0.9871175523349437,0.727164887307236,0.837431693989071,0.791008333200679,24978.815000000002,27976.260000000002,621.0,24.0,53600.075000000004
low,0.798,621,0.004846715784215784,0.9871175523349437,0.727164887307236,0.837431693989071,0.791008333200679,24978.815000000002,27976.260000000002,621.0,24.0,53600.075000000004
low,0.799,621,0.004846715784215784,0.9871175523349437,0.727164887307236,0.837431693989071,0.791008333200679,24978.815000000002,27976.260000000002,621.0,24.0,53600.075000000004
low,0.8,621,0.004846715784215784,0.9871175523349437,0.727164887307236,0.837431693989071,0.791008333200679,24978.815000000002,27976.260000000002,621.0,24.0,53600.075000000004
low,0.801,603,0.004706231268731269,0.9917081260364843,0.7093712930011863,0.8271092669432918,0.7743788996852822,26949.87,27384.943500000005,603.0,15.0,54952.813500000004
low,0.802,603,0.004706231268731269,0.9917081260364843,0.7093712930011863,0.8271092669432918,0.7743788996852822,26949.87,27384.943500000005,603.0,15.0,54952.813500000004
low,0.803,603,0.004706231268731269,0.9917081260364843,0.7093712930011863,0.8271092669432918,0.7743788996852822,26949.87,27384.943500000005,603.0,15.0,54952.813500000004
low,0.804,603,0.004706231268731269,0.9917081260364843,0.7093712930011863,0.8271092669432918,0.7743788996852822,26949.87,27384.943500000005,603.0,15.0,54952.813500000004
low,0.805,603,0.004706231268731269,0.9917081260364843,0.7093712930011863,0.8271092669432918,0.7743788996852822,26949.87,27384.943500000005,603.0,15.0,54952.813500000004
low,0.806,603,0.004706231268731269,0.9917081260364843,0.7093712930011863,0.8271092669432918,0.7743788996852822,26949.87,27384.943500000005,603.0,15.0,54952.813500000004
low,0.807,603,0.004706231268731269,0.9917081260364843,0.7093712930011863,0.8271092669432918,0.7743788996852822,26949.87,27384.943500000005,603.0,15.0,54952.813500000004
low,0.808,603,0.004706231268731269,0.9917081260364843,0.7093712930011863,0.8271092669432918,0.7743788996852822,26949.87,27384.943500000005,603.0,15.0,54952.813500000004
low,0.809,603,0.004706231268731269,0.9917081260364843,0.7093712930011863,0.8271092669432918,0.7743788996852822,26949.87,27384.943500000005,603.0,15.0,54952.813500000004
low,0.81,602,0.004698426573426573,0.9916943521594684,0.708185053380783,0.8262975778546713,0.7719803752064971,27228.345,27301.401000000005,602.0,15.0,55146.74600000001
low,0.811,602,0.004698426573426573,0.9916943521594684,0.708185053380783,0.8262975778546713,0.7719803752064971,27228.345,27301.401000000005,602.0,15.0,55146.74600000001
low,0.812,602,0.004698426573426573,0.9916943521594684,0.708185053380783,0.8262975778546713,0.7719803752064971,27228.345,27301.401000000005,602.0,15.0,55146.74600000001
low,0.8130000000000001,602,0.004698426573426573,0.9916943521594684,0.708185053380783,0.8262975778546713,0.7719803752064971,27228.345,27301.401000000005,602.0,15.0,55146.74600000001
low,0.8140000000000001,602,0.004698426573426573,0.9916943521594684,0.708185053380783,0.8262975778546713,0.7719803752064971,27228.345,27301.401000000005,602.0,15.0,55146.74600000001
low,0.8150000000000001,602,0.004698426573426573,0.9916943521594684,0.708185053380783,0.8262975778546713,0.7719803752064971,27228.345,27301.401000000005,602.0,15.0,55146.74600000001
low,0.8160000000000001,602,0.004698426573426573,0.9916943521594684,0.708185053380783,0.8262975778546713,0.7719803752064971,27228.345,27301.401000000005,602.0,15.0,55146.74600000001
low,0.8170000000000001,602,0.004698426573426573,0.9916943521594684,0.708185053380783,0.8262975778546713,0.7719803752064971,27228.345,27301.401000000005,602.0,15.0,55146.74600000001
low,0.8180000000000001,602,0.004698426573426573,0.9916943521594684,0.708185053380783,0.8262975778546713,0.7719803752064971,27228.345,27301.401000000005,602.0,15.0,55146.74600000001
low,0.8190000000000001,602,0.004698426573426573,0.9916943521594684,0.708185053380783,0.8262975778546713,0.7719803752064971,27228.345,27301.401000000005,602.0,15.0,55146.74600000001
low,0.8200000000000001,602,0.004698426573426573,0.9916943521594684,0.708185053380783,0.8262975778546713,0.7719803752064971,27228.345,27301.401000000005,602.0,15.0,55146.74600000001
low,0.8210000000000001,602,0.004698426573426573,0.9916943521594684,0.708185053380783,0.8262975778546713,0.7719803752064971,27228.345,27301.401000000005,602.0,15.0,55146.74600000001
low,0.8220000000000001,602,0.004698426573426573,0.9916943521594684,0.708185053380783,0.8262975778546713,0.7719803752064971,27228.345,27301.401000000005,602.0,15.0,55146.74600000001
low,0.8230000000000001,602,0.004698426573426573,0.9916943521594684,0.708185053380783,0.8262975778546713,0.7719803752064971,27228.345,27301.401000000005,602.0,15.0,55146.74600000001
low,0.8240000000000001,602,0.004698426573426573,0.9916943521594684,0.708185053380783,0.8262975778546713,0.7719803752064971,27228.345,27301.401000000005,602.0,15.0,55146.74600000001
low,0.8250000000000001,602,0.004698426573426573,0.9916943521594684,0.708185053380783,0.8262975778546713,0.7719803752064971,27228.345,27301.401000000005,602.0,15.0,55146.74600000001
low,0.8260000000000001,602,0.004698426573426573,0.9916943521594684,0.708185053380783,0.8262975778546713,0.7719803752064971,27228.345,27301.401000000005,602.0,15.0,55146.74600000001
low,0.8270000000000001,602,0.004698426573426573,0.9916943521594684,0.708185053380783,0.8262975778546713,0.7719803752064971,27228.345,27301.401000000005,602.0,15.0,55146.74600000001
low,0.8280000000000001,602,0.004698426573426573,0.9916943521594684,0.708185053380783,0.8262975778546713,0.7719803752064971,27228.345,27301.401000000005,602.0,15.0,55146.74600000001
low,0.8290000000000001,602,0.004698426573426573,0.9916943521594684,0.708185053380783,0.8262975778546713,0.7719803752064971,27228.345,27301.401000000005,602.0,15.0,55146.74600000001
low,0.8300000000000001,602,0.004698426573426573,0.9916943521594684,0.708185053380783,0.8262975778546713,0.7719803752064971,27228.345,27301.401000000005,602.0,15.0,55146.74600000001
low,0.8310000000000001,602,0.004698426573426573,0.9916943521594684,0.708185053380783,0.8262975778546713,0.7719803752064971,27228.345,27301.401000000005,602.0,15.0,55146.74600000001
low,0.8320000000000001,602,0.004698426573426573,0.9916943521594684,0.708185053380783,0.8262975778546713,0.7719803752064971,27228.345,27301.401000000005,602.0,15.0,55146.74600000001
low,0.8330000000000001,602,0.004698426573426573,0.9916943521594684,0.708185053380783,0.8262975778546713,0.7719803752064971,27228.345,27301.401000000005,602.0,15.0,55146.74600000001
low,0.834,602,0.004698426573426573,0.9916943521594684,0.708185053380783,0.8262975778546713,0.7719803752064971,27228.345,27301.401000000005,602.0,15.0,55146.74600000001
low,0.835,602,0.004698426573426573,0.9916943521594684,0.708185053380783,0.8262975778546713,0.7719803752064971,27228.345,27301.401000000005,602.0,15.0,55146.74600000001
low,0.836,602,0.004698426573426573,0.9916943521594684,0.708185053380783,0.8262975778546713,0.7719803752064971,27228.345,27301.401000000005,602.0,15.0,55146.74600000001
low,0.837,602,0.004698426573426573,0.9916943521594684,0.708185053380783,0.8262975778546713,0.7719803752064971,27228.345,27301.401000000005,602.0,15.0,55146.74600000001
low,0.838,602,0.004698426573426573,0.9916943521594684,0.708185053380783,0.8262975778546713,0.7719803752064971,27228.345,27301.401000000005,602.0,15.0,55146.74600000001
low,0.839,602,0.004698426573426573,0.9916943521594684,0.708185053380783,0.8262975778546713,0.7719803752064971,27228.345,27301.401000000005,602.0,15.0,55146.74600000001
low,0.84,602,0.004698426573426573,0.9916943521594684,0.708185053380783,0.8262975778546713,0.7719803752064971,27228.345,27301.401000000005,602.0,15.0,55146.74600000001
low,0.841,602,0.004698426573426573,0.9916943521594684,0.708185053380783,0.8262975778546713,0.7719803752064971,27228.345,27301.401000000005,602.0,15.0,55146.74600000001
low,0.842,602,0.004698426573426573,0.9916943521594684,0.708185053380783,0.8262975778546713,0.7719803752064971,27228.345,27301.401000000005,602.0,15.0,55146.74600000001
low,0.843,602,0.004698426573426573,0.9916943521594684,0.708185053380783,0.8262975778546713,0.7719803752064971,27228.345,27301.401000000005,602.0,15.0,55146.74600000001
low,0.844,602,0.004698426573426573,0.9916943521594684,0.708185053380783,0.8262975778546713,0.7719803752064971,27228.345,27301.401000000005,602.0,15.0,55146.74600000001
low,0.845,602,0.004698426573426573,0.9916943521594684,0.708185053380783,0.8262975778546713,0.7719803752064971,27228.345,27301.401000000005,602.0,15.0,55146.74600000001
low,0.846,602,0.004698426573426573,0.9916943521594684,0.708185053380783,0.8262975778546713,0.7719803752064971,27228.345,27301.401000000005,602.0,15.0,55146.74600000001
low,0.847,593,0.004628184315684316,0.9915682967959528,0.697508896797153,0.8189415041782729,0.7618078818509515,28433.192499999997,26939.946750000006,593.0,15.0,55981.13925000001
low,0.848,593,0.004628184315684316,0.9915682967959528,0.697508896797153,0.8189415041782729,0.7618078818509515,28433.192499999997,26939.946750000006,593.0,15.0,55981.13925000001
low,0.849,593,0.004628184315684316,0.9915682967959528,0.697508896797153,0.8189415041782729,0.7618078818509515,28433.192499999997,26939.946750000006,593.0,15.0,55981.13925000001
low,0.85,593,0.004628184315684316,0.9915682967959528,0.697508896797153,0.8189415041782729,0.7618078818509515,28433.192499999997,26939.946750000006,593.0,15.0,55981.13925000001
low,0.851,593,0.004628184315684316,0.9915682967959528,0.697508896797153,0.8189415041782729,0.7618078818509515,28433.192499999997,26939.946750000006,593.0,15.0,55981.13925000001
low,0.852,593,0.004628184315684316,0.9915682967959528,0.697508896797153,0.8189415041782729,0.7618078818509515,28433.192499999997,26939.946750000006,593.0,15.0,55981.13925000001
low,0.853,593,0.004628184315684316,0.9915682967959528,0.697508896797153,0.8189415041782729,0.7618078818509515,28433.192499999997,26939.946750000006,593.0,15.0,55981.13925000001
low,0.854,593,0.004628184315684316,0.9915682967959528,0.697508896797153,0.8189415041782729,0.7618078818509515,28433.192499999997,26939.946750000006,593.0,15.0,55981.13925000001
low,0.855,593,0.004628184315684316,0.9915682967959528,0.697508896797153,0.8189415041782729,0.7618078818509515,28433.192499999997,26939.946750000006,593.0,15.0,55981.13925000001
low,0.856,593,0.004628184315684316,0.9915682967959528,0.697508896797153,0.8189415041782729,0.7618078818509515,28433.192499999997,26939.946750000006,593.0,15.0,55981.13925000001
low,0.857,593,0.004628184315684316,0.9915682967959528,0.697508896797153,0.8189415041782729,0.7618078818509515,28433.192499999997,26939.946750000006,593.0,15.0,55981.13925000001
low,0.858,593,0.004628184315684316,0.9915682967959528,0.697508896797153,0.8189415041782729,0.7618078818509515,28433.192499999997,26939.946750000006,593.0,15.0,55981.13925000001
low,0.859,593,0.004628184315684316,0.9915682967959528,0.697508896797153,0.8189415041782729,0.7618078818509515,28433.192499999997,26939.946750000006,593.0,15.0,55981.13925000001
low,0.86,593,0.004628184315684316,0.9915682967959528,0.697508896797153,0.8189415041782729,0.7618078818509515,28433.192499999997,26939.946750000006,593.0,15.0,55981.13925000001
low,0.861,593,0.004628184315684316,0.9915682967959528,0.697508896797153,0.8189415041782729,0.7618078818509515,28433.192499999997,26939.946750000006,593.0,15.0,55981.13925000001
low,0.862,593,0.004628184315684316,0.9915682967959528,0.697508896797153,0.8189415041782729,0.7618078818509515,28433.192499999997,26939.946750000006,593.0,15.0,55981.13925000001
low,0.863,593,0.004628184315684316,0.9915682967959528,0.697508896797153,0.8189415041782729,0.7618078818509515,28433.192499999997,26939.946750000006,593.0,15.0,55981.13925000001
low,0.864,593,0.004628184315684316,0.9915682967959528,0.697508896797153,0.8189415041782729,0.7618078818509515,28433.192499999997,26939.946750000006,593.0,15.0,55981.13925000001
low,0.865,593,0.004628184315684316,0.9915682967959528,0.697508896797153,0.8189415041782729,0.7618078818509515,28433.192499999997,26939.946750000006,593.0,15.0,55981.13925000001
low,0.866,593,0.004628184315684316,0.9915682967959528,0.697508896797153,0.8189415041782729,0.7618078818509515,28433.192499999997,26939.946750000006,593.0,15.0,55981.13925000001
low,0.867,593,0.004628184315684316,0.9915682967959528,0.697508896797153,0.8189415041782729,0.7618078818509515,28433.192499999997,26939.946750000006,593.0,15.0,55981.13925000001
low,0.868,593,0.004628184315684316,0.9915682967959528,0.697508896797153,0.8189415041782729,0.7618078818509515,28433.192499999997,26939.946750000006,593.0,15.0,55981.13925000001
low,0.869,593,0.004628184315684316,0.9915682967959528,0.697508896797153,0.8189415041782729,0.7618078818509515,28433.192499999997,26939.946750000006,593.0,15.0,55981.13925000001
low,0.87,593,0.004628184315684316,0.9915682967959528,0.697508896797153,0.8189415041782729,0.7618078818509515,28433.192499999997,26939.946750000006,593.0,15.0,55981.13925000001
low,0.871,593,0.004628184315684316,0.9915682967959528,0.697508896797153,0.8189415041782729,0.7618078818509515,28433.192499999997,26939.946750000006,593.0,15.0,55981.13925000001
low,0.872,543,0.00423794955044955,0.996316758747698,0.641755634638197,0.7806637806637806,0.707704260594258,34836.979999999996,25018.810500000003,543.0,6.0,60404.7905
low,0.873,543,0.00423794955044955,0.996316758747698,0.641755634638197,0.7806637806637806,0.707704260594258,34836.979999999996,25018.810500000003,543.0,6.0,60404.7905
low,0.874,543,0.00423794955044955,0.996316758747698,0.641755634638197,0.7806637806637806,0.707704260594258,34836.979999999996,25018.810500000003,543.0,6.0,60404.7905
low,0.875,543,0.00423794955044955,0.996316758747698,0.641755634638197,0.7806637806637806,0.707704260594258,34836.979999999996,25018.810500000003,543.0,6.0,60404.7905
low,0.876,543,0.00423794955044955,0.996316758747698,0.641755634638197,0.7806637806637806,0.707704260594258,34836.979999999996,25018.810500000003,543.0,6.0,60404.7905
low,0.877,543,0.00423794955044955,0.996316758747698,0.641755634638197,0.7806637806637806,0.707704260594258,34836.979999999996,25018.810500000003,543.0,6.0,60404.7905
low,0.878,543,0.00423794955044955,0.996316758747698,0.641755634638197,0.7806637806637806,0.707704260594258,34836.979999999996,25018.810500000003,543.0,6.0,60404.7905
low,0.879,543,0.00423794955044955,0.996316758747698,0.641755634638197,0.7806637806637806,0.707704260594258,34836.979999999996,25018.810500000003,543.0,6.0,60404.7905
low,0.88,543,0.00423794955044955,0.996316758747698,0.641755634638197,0.7806637806637806,0.707704260594258,34836.979999999996,25018.810500000003,543.0,6.0,60404.7905
low,0.881,543,0.00423794955044955,0.996316758747698,0.641755634638197,0.7806637806637806,0.707704260594258,34836.979999999996,25018.810500000003,543.0,6.0,60404.7905
low,0.882,543,0.00423794955044955,0.996316758747698,0.641755634638197,0.7806637806637806,0.707704260594258,34836.979999999996,25018.810500000003,543.0,6.0,60404.7905
low,0.883,543,0.00423794955044955,0.996316758747698,0.641755634638197,0.7806637806637806,0.707704260594258,34836.979999999996,25018.810500000003,543.0,6.0,60404.7905
low,0.884,543,0.00423794955044955,0.996316758747698,0.641755634638197,0.7806637806637806,0.707704260594258,34836.979999999996,25018.810500000003,543.0,6.0,60404.7905
low,0.885,543,0.00423794955044955,0.996316758747698,0.641755634638197,0.7806637806637806,0.707704260594258,34836.979999999996,25018.810500000003,543.0,6.0,60404.7905
low,0.886,543,0.00423794955044955,0.996316758747698,0.641755634638197,0.7806637806637806,0.707704260594258,34836.979999999996,25018.810500000003,543.0,6.0,60404.7905
low,0.887,543,0.00423794955044955,0.996316758747698,0.641755634638197,0.7806637806637806,0.707704260594258,34836.979999999996,25018.810500000003,543.0,6.0,60404.7905
low,0.888,543,0.00423794955044955,0.996316758747698,0.641755634638197,0.7806637806637806,0.707704260594258,34836.979999999996,25018.810500000003,543.0,6.0,60404.7905
low,0.889,543,0.00423794955044955,0.996316758747698,0.641755634638197,0.7806637806637806,0.707704260594258,34836.979999999996,25018.810500000003,543.0,6.0,60404.7905
low,0.89,543,0.00423794955044955,0.996316758747698,0.641755634638197,0.7806637806637806,0.707704260594258,34836.979999999996,25018.810500000003,543.0,6.0,60404.7905
low,0.891,543,0.00423794955044955,0.996316758747698,0.641755634638197,0.7806637806637806,0.707704260594258,34836.979999999996,25018.810500000003,543.0,6.0,60404.7905
low,0.892,543,0.00423794955044955,0.996316758747698,0.641755634638197,0.7806637806637806,0.707704260594258,34836.979999999996,25018.810500000003,543.0,6.0,60404.7905
low,0.893,543,0.00423794955044955,0.996316758747698,0.641755634638197,0.7806637806637806,0.707704260594258,34836.979999999996,25018.810500000003,543.0,6.0,60404.7905
low,0.894,543,0.00423794955044955,0.996316758747698,0.641755634638197,0.7806637806637806,0.707704260594258,34836.979999999996,25018.810500000003,543.0,6.0,60404.7905
low,0.895,543,0.00423794955044955,0.996316758747698,0.641755634638197,0.7806637806637806,0.707704260594258,34836.979999999996,25018.810500000003,543.0,6.0,60404.7905
low,0.896,543,0.00423794955044955,0.996316758747698,0.641755634638197,0.7806637806637806,0.707704260594258,34836.979999999996,25018.810500000003,543.0,6.0,60404.7905
low,0.897,543,0.00423794955044955,0.996316758747698,0.641755634638197,0.7806637806637806,0.707704260594258,34836.979999999996,25018.810500000003,543.0,6.0,60404.7905
low,0.898,542,0.004230144855144855,0.996309963099631,0.6405693950177936,0.779783393501805,0.7070868800864496,34912.3725,24996.192750000006,542.0,6.0,60456.56525
low,0.899,542,0.004230144855144855,0.996309963099631,0.6405693950177936,0.779783393501805,0.7070868800864496,34912.3725,24996.192750000006,542.0,6.0,60456.56525
low,0.9,542,0.004230144855144855,0.996309963099631,0.6405693950177936,0.779783393501805,0.7070868800864496,34912.3725,24996.192750000006,542.0,6.0,60456.56525
low,0.901,542,0.004230144855144855,0.996309963099631,0.6405693950177936,0.779783393501805,0.7070868800864496,34912.3725,24996.192750000006,542.0,6.0,60456.56525
low,0.902,542,0.004230144855144855,0.996309963099631,0.6405693950177936,0.779783393501805,0.7070868800864496,34912.3725,24996.192750000006,542.0,6.0,60456.56525
low,0.903,542,0.004230144855144855,0.996309963099631,0.6405693950177936,0.779783393501805,0.7070868800864496,34912.3725,24996.192750000006,542.0,6.0,60456.56525
low,0.904,542,0.004230144855144855,0.996309963099631,0.6405693950177936,0.779783393501805,0.7070868800864496,34912.3725,24996.192750000006,542.0,6.0,60456.56525
low,0.905,542,0.004230144855144855,0.996309963099631,0.6405693950177936,0.779783393501805,0.7070868800864496,34912.3725,24996.192750000006,542.0,6.0,60456.56525
low,0.906,542,0.004230144855144855,0.996309963099631,0.6405693950177936,0.779783393501805,0.7070868800864496,34912.3725,24996.192750000006,542.0,6.0,60456.56525
low,0.907,542,0.004230144855144855,0.996309963099631,0.6405693950177936,0.779783393501805,0.7070868800864496,34912.3725,24996.192750000006,542.0,6.0,60456.56525
low,0.908,542,0.004230144855144855,0.996309963099631,0.6405693950177936,0.779783393501805,0.7070868800864496,34912.3725,24996.192750000006,542.0,6.0,60456.56525
low,0.909,542,0.004230144855144855,0.996309963099631,0.6405693950177936,0.779783393501805,0.7070868800864496,34912.3725,24996.192750000006,542.0,6.0,60456.56525
low,0.91,542,0.004230144855144855,0.996309963099631,0.6405693950177936,0.779783393501805,0.7070868800864496,34912.3725,24996.192750000006,542.0,6.0,60456.56525
low,0.911,542,0.004230144855144855,0.996309963099631,0.6405693950177936,0.779783393501805,0.7070868800864496,34912.3725,24996.192750000006,542.0,6.0,60456.56525
low,0.912,542,0.004230144855144855,0.996309963099631,0.6405693950177936,0.779783393501805,0.7070868800864496,34912.3725,24996.192750000006,542.0,6.0,60456.56525
low,0.913,541,0.00422234015984016,0.9963031423290203,0.6393831553973903,0.7789017341040463,0.7054545283918511,35103.49,24938.857500000002,541.0,6.0,60589.3475
low,0.914,541,0.00422234015984016,0.9963031423290203,0.6393831553973903,0.7789017341040463,0.7054545283918511,35103.49,24938.857500000002,541.0,6.0,60589.3475
low,0.915,541,0.00422234015984016,0.9963031423290203,0.6393831553973903,0.7789017341040463,0.7054545283918511,35103.49,24938.857500000002,541.0,6.0,60589.3475
low,0.916,541,0.00422234015984016,0.9963031423290203,0.6393831553973903,0.7789017341040463,0.7054545283918511,35103.49,24938.857500000002,541.0,6.0,60589.3475
low,0.917,541,0.00422234015984016,0.9963031423290203,0.6393831553973903,0.7789017341040463,0.7054545283918511,35103.49,24938.857500000002,541.0,6.0,60589.3475
low,0.918,541,0.00422234015984016,0.9963031423290203,0.6393831553973903,0.7789017341040463,0.7054545283918511,35103.49,24938.857500000002,541.0,6.0,60589.3475
low,0.919,541,0.00422234015984016,0.9963031423290203,0.6393831553973903,0.7789017341040463,0.7054545283918511,35103.49,24938.857500000002,541.0,6.0,60589.3475
low,0.92,541,0.00422234015984016,0.9963031423290203,0.6393831553973903,0.7789017341040463,0.7054545283918511,35103.49,24938.857500000002,541.0,6.0,60589.3475
low,0.921,541,0.00422234015984016,0.9963031423290203,0.6393831553973903,0.7789017341040463,0.7054545283918511,35103.49,24938.857500000002,541.0,6.0,60589.3475
low,0.922,541,0.00422234015984016,0.9963031423290203,0.6393831553973903,0.7789017341040463,0.7054545283918511,35103.49,24938.857500000002,541.0,6.0,60589.3475
low,0.923,541,0.00422234015984016,0.9963031423290203,0.6393831553973903,0.7789017341040463,0.7054545283918511,35103.49,24938.857500000002,541.0,6.0,60589.3475
low,0.924,541,0.00422234015984016,0.9963031423290203,0.6393831553973903,0.7789017341040463,0.7054545283918511,35103.49,24938.857500000002,541.0,6.0,60589.3475
low,0.925,541,0.00422234015984016,0.9963031423290203,0.6393831553973903,0.7789017341040463,0.7054545283918511,35103.49,24938.857500000002,541.0,6.0,60589.3475
low,0.926,541,0.00422234015984016,0.9963031423290203,0.6393831553973903,0.7789017341040463,0.7054545283918511,35103.49,24938.857500000002,541.0,6.0,60589.3475
low,0.927,541,0.00422234015984016,0.9963031423290203,0.6393831553973903,0.7789017341040463,0.7054545283918511,35103.49,24938.857500000002,541.0,6.0,60589.3475
low,0.928,541,0.00422234015984016,0.9963031423290203,0.6393831553973903,0.7789017341040463,0.7054545283918511,35103.49,24938.857500000002,541.0,6.0,60589.3475
low,0.929,541,0.00422234015984016,0.9963031423290203,0.6393831553973903,0.7789017341040463,0.7054545283918511,35103.49,24938.857500000002,541.0,6.0,60589.3475
low,0.93,541,0.00422234015984016,0.9963031423290203,0.6393831553973903,0.7789017341040463,0.7054545283918511,35103.49,24938.857500000002,541.0,6.0,60589.3475
low,0.931,541,0.00422234015984016,0.9963031423290203,0.6393831553973903,0.7789017341040463,0.7054545283918511,35103.49,24938.857500000002,541.0,6.0,60589.3475
low,0.932,541,0.00422234015984016,0.9963031423290203,0.6393831553973903,0.7789017341040463,0.7054545283918511,35103.49,24938.857500000002,541.0,6.0,60589.3475
low,0.933,541,0.00422234015984016,0.9963031423290203,0.6393831553973903,0.7789017341040463,0.7054545283918511,35103.49,24938.857500000002,541.0,6.0,60589.3475
low,0.934,541,0.00422234015984016,0.9963031423290203,0.6393831553973903,0.7789017341040463,0.7054545283918511,35103.49,24938.857500000002,541.0,6.0,60589.3475
low,0.935,541,0.00422234015984016,0.9963031423290203,0.6393831553973903,0.7789017341040463,0.7054545283918511,35103.49,24938.857500000002,541.0,6.0,60589.3475
low,0.936,541,0.00422234015984016,0.9963031423290203,0.6393831553973903,0.7789017341040463,0.7054545283918511,35103.49,24938.857500000002,541.0,6.0,60589.3475
low,0.937,541,0.00422234015984016,0.9963031423290203,0.6393831553973903,0.7789017341040463,0.7054545283918511,35103.49,24938.857500000002,541.0,6.0,60589.3475
low,0.9380000000000001,541,0.00422234015984016,0.9963031423290203,0.6393831553973903,0.7789017341040463,0.7054545283918511,35103.49,24938.857500000002,541.0,6.0,60589.3475
low,0.9390000000000001,541,0.00422234015984016,0.9963031423290203,0.6393831553973903,0.7789017341040463,0.7054545283918511,35103.49,24938.857500000002,541.0,6.0,60589.3475
low,0.9400000000000001,541,0.00422234015984016,0.9963031423290203,0.6393831553973903,0.7789017341040463,0.7054545283918511,35103.49,24938.857500000002,541.0,6.0,60589.3475
low,0.9410000000000001,541,0.00422234015984016,0.9963031423290203,0.6393831553973903,0.7789017341040463,0.7054545283918511,35103.49,24938.857500000002,541.0,6.0,60589.3475
low,0.9420000000000001,541,0.00422234015984016,0.9963031423290203,0.6393831553973903,0.7789017341040463,0.7054545283918511,35103.49,24938.857500000002,541.0,6.0,60589.3475
low,0.9430000000000001,541,0.00422234015984016,0.9963031423290203,0.6393831553973903,0.7789017341040463,0.7054545283918511,35103.49,24938.857500000002,541.0,6.0,60589.3475
low,0.9440000000000001,541,0.00422234015984016,0.9963031423290203,0.6393831553973903,0.7789017341040463,0.7054545283918511,35103.49,24938.857500000002,541.0,6.0,60589.3475
low,0.9450000000000001,541,0.00422234015984016,0.9963031423290203,0.6393831553973903,0.7789017341040463,0.7054545283918511,35103.49,24938.857500000002,541.0,6.0,60589.3475
low,0.9460000000000001,541,0.00422234015984016,0.9963031423290203,0.6393831553973903,0.7789017341040463,0.7054545283918511,35103.49,24938.857500000002,541.0,6.0,60589.3475
low,0.9470000000000001,541,0.00422234015984016,0.9963031423290203,0.6393831553973903,0.7789017341040463,0.7054545283918511,35103.49,24938.857500000002,541.0,6.0,60589.3475
low,0.9480000000000001,541,0.00422234015984016,0.9963031423290203,0.6393831553973903,0.7789017341040463,0.7054545283918511,35103.49,24938.857500000002,541.0,6.0,60589.3475
low,0.9490000000000001,541,0.00422234015984016,0.9963031423290203,0.6393831553973903,0.7789017341040463,0.7054545283918511,35103.49,24938.857500000002,541.0,6.0,60589.3475
low,0.9500000000000001,541,0.00422234015984016,0.9963031423290203,0.6393831553973903,0.7789017341040463,0.7054545283918511,35103.49,24938.857500000002,541.0,6.0,60589.3475
low,0.9510000000000001,541,0.00422234015984016,0.9963031423290203,0.6393831553973903,0.7789017341040463,0.7054545283918511,35103.49,24938.857500000002,541.0,6.0,60589.3475
low,0.9520000000000001,541,0.00422234015984016,0.9963031423290203,0.6393831553973903,0.7789017341040463,0.7054545283918511,35103.49,24938.857500000002,541.0,6.0,60589.3475
low,0.9530000000000001,541,0.00422234015984016,0.9963031423290203,0.6393831553973903,0.7789017341040463,0.7054545283918511,35103.49,24938.857500000002,541.0,6.0,60589.3475
low,0.9540000000000001,541,0.00422234015984016,0.9963031423290203,0.6393831553973903,0.7789017341040463,0.7054545283918511,35103.49,24938.857500000002,541.0,6.0,60589.3475
low,0.9550000000000001,541,0.00422234015984016,0.9963031423290203,0.6393831553973903,0.7789017341040463,0.7054545283918511,35103.49,24938.857500000002,541.0,6.0,60589.3475
low,0.9560000000000001,541,0.00422234015984016,0.9963031423290203,0.6393831553973903,0.7789017341040463,0.7054545283918511,35103.49,24938.857500000002,541.0,6.0,60589.3475
low,0.9570000000000001,541,0.00422234015984016,0.9963031423290203,0.6393831553973903,0.7789017341040463,0.7054545283918511,35103.49,24938.857500000002,541.0,6.0,60589.3475
low,0.9580000000000001,541,0.00422234015984016,0.9963031423290203,0.6393831553973903,0.7789017341040463,0.7054545283918511,35103.49,24938.857500000002,541.0,6.0,60589.3475
low,0.9590000000000001,541,0.00422234015984016,0.9963031423290203,0.6393831553973903,0.7789017341040463,0.7054545283918511,35103.49,24938.857500000002,541.0,6.0,60589.3475
low,0.9600000000000001,541,0.00422234015984016,0.9963031423290203,0.6393831553973903,0.7789017341040463,0.7054545283918511,35103.49,24938.857500000002,541.0,6.0,60589.3475
low,0.961,541,0.00422234015984016,0.9963031423290203,0.6393831553973903,0.7789017341040463,0.7054545283918511,35103.49,24938.857500000002,541.0,6.0,60589.3475
low,0.962,541,0.00422234015984016,0.9963031423290203,0.6393831553973903,0.7789017341040463,0.7054545283918511,35103.49,24938.857500000002,541.0,6.0,60589.3475
low,0.963,541,0.00422234015984016,0.9963031423290203,0.6393831553973903,0.7789017341040463,0.7054545283918511,35103.49,24938.857500000002,541.0,6.0,60589.3475
low,0.964,541,0.00422234015984016,0.9963031423290203,0.6393831553973903,0.7789017341040463,0.7054545283918511,35103.49,24938.857500000002,541.0,6.0,60589.3475
low,0.965,541,0.00422234015984016,0.9963031423290203,0.6393831553973903,0.7789017341040463,0.7054545283918511,35103.49,24938.857500000002,541.0,6.0,60589.3475
low,0.966,541,0.00422234015984016,0.9963031423290203,0.6393831553973903,0.7789017341040463,0.7054545283918511,35103.49,24938.857500000002,541.0,6.0,60589.3475
low,0.967,541,0.00422234015984016,0.9963031423290203,0.6393831553973903,0.7789017341040463,0.7054545283918511,35103.49,24938.857500000002,541.0,6.0,60589.3475
low,0.968,541,0.00422234015984016,0.9963031423290203,0.6393831553973903,0.7789017341040463,0.7054545283918511,35103.49,24938.857500000002,541.0,6.0,60589.3475
low,0.969,541,0.00422234015984016,0.9963031423290203,0.6393831553973903,0.7789017341040463,0.7054545283918511,35103.49,24938.857500000002,541.0,6.0,60589.3475
low,0.97,541,0.00422234015984016,0.9963031423290203,0.6393831553973903,0.7789017341040463,0.7054545283918511,35103.49,24938.857500000002,541.0,6.0,60589.3475
low,0.971,541,0.00422234015984016,0.9963031423290203,0.6393831553973903,0.7789017341040463,0.7054545283918511,35103.49,24938.857500000002,541.0,6.0,60589.3475
low,0.972,541,0.00422234015984016,0.9963031423290203,0.6393831553973903,0.7789017341040463,0.7054545283918511,35103.49,24938.857500000002,541.0,6.0,60589.3475
low,0.973,541,0.00422234015984016,0.9963031423290203,0.6393831553973903,0.7789017341040463,0.7054545283918511,35103.49,24938.857500000002,541.0,6.0,60589.3475
low,0.974,541,0.00422234015984016,0.9963031423290203,0.6393831553973903,0.7789017341040463,0.7054545283918511,35103.49,24938.857500000002,541.0,6.0,60589.3475
low,0.975,541,0.00422234015984016,0.9963031423290203,0.6393831553973903,0.7789017341040463,0.7054545283918511,35103.49,24938.857500000002,541.0,6.0,60589.3475
low,0.976,541,0.00422234015984016,0.9963031423290203,0.6393831553973903,0.7789017341040463,0.7054545283918511,35103.49,24938.857500000002,541.0,6.0,60589.3475
low,0.977,541,0.00422234015984016,0.9963031423290203,0.6393831553973903,0.7789017341040463,0.7054545283918511,35103.49,24938.857500000002,541.0,6.0,60589.3475
low,0.978,541,0.00422234015984016,0.9963031423290203,0.6393831553973903,0.7789017341040463,0.7054545283918511,35103.49,24938.857500000002,541.0,6.0,60589.3475
low,0.979,541,0.00422234015984016,0.9963031423290203,0.6393831553973903,0.7789017341040463,0.7054545283918511,35103.49,24938.857500000002,541.0,6.0,60589.3475
low,0.98,437,0.003410651848151848,1.0,0.5183867141162515,0.6828125,0.5803313406219184,49879.787500000006,20505.96825,437.0,0.0,70822.75575000001
low,0.981,437,0.003410651848151848,1.0,0.5183867141162515,0.6828125,0.5803313406219184,49879.787500000006,20505.96825,437.0,0.0,70822.75575000001
low,0.982,437,0.003410651848151848,1.0,0.5183867141162515,0.6828125,0.5803313406219184,49879.787500000006,20505.96825,437.0,0.0,70822.75575000001
low,0.983,437,0.003410651848151848,1.0,0.5183867141162515,0.6828125,0.5803313406219184,49879.787500000006,20505.96825,437.0,0.0,70822.75575000001
low,0.984,437,0.003410651848151848,1.0,0.5183867141162515,0.6828125,0.5803313406219184,49879.787500000006,20505.96825,437.0,0.0,70822.75575000001
low,0.985,436,0.003402847152847153,1.0,0.5172004744958482,0.6817826426896012,0.5803096554522548,49887.26,20503.726500000004,436.0,0.0,70826.9865
low,0.986,436,0.003402847152847153,1.0,0.5172004744958482,0.6817826426896012,0.5803096554522548,49887.26,20503.726500000004,436.0,0.0,70826.9865
low,0.987,379,0.0029579795204795205,1.0,0.44958481613285883,0.6202945990180033,0.5142249669931547,57707.104999999996,18157.773000000005,379.0,0.0,76243.878
low,0.988,379,0.0029579795204795205,1.0,0.44958481613285883,0.6202945990180033,0.5142249669931547,57707.104999999996,18157.773000000005,379.0,0.0,76243.878
low,0.989,379,0.0029579795204795205,1.0,0.44958481613285883,0.6202945990180033,0.5142249669931547,57707.104999999996,18157.773000000005,379.0,0.0,76243.878
low,0.99,379,0.0029579795204795205,1.0,0.44958481613285883,0.6202945990180033,0.5142249669931547,57707.104999999996,18157.773000000005,379.0,0.0,76243.878
low,0.991,379,0.0029579795204795205,1.0,0.44958481613285883,0.6202945990180033,0.5142249669931547,57707.104999999996,18157.773000000005,379.0,0.0,76243.878
low,0.992,379,0.0029579795204795205,1.0,0.44958481613285883,0.6202945990180033,0.5142249669931547,57707.104999999996,18157.773000000005,379.0,0.0,76243.878
low,0.993,379,0.0029579795204795205,1.0,0.44958481613285883,0.6202945990180033,0.5142249669931547,57707.104999999996,18157.773000000005,379.0,0.0,76243.878
low,0.994,379,0.0029579795204795205,1.0,0.44958481613285883,0.6202945990180033,0.5142249669931547,57707.104999999996,18157.773000000005,379.0,0.0,76243.878
low,0.995,379,0.0029579795204795205,1.0,0.44958481613285883,0.6202945990180033,0.5142249669931547,57707.104999999996,18157.773000000005,379.0,0.0,76243.878
low,0.996,379,0.0029579795204795205,1.0,0.44958481613285883,0.6202945990180033,0.5142249669931547,57707.104999999996,18157.773000000005,379.0,0.0,76243.878
low,0.997,379,0.0029579795204795205,1.0,0.44958481613285883,0.6202945990180033,0.5142249669931547,57707.104999999996,18157.773000000005,379.0,0.0,76243.878
low,0.998,379,0.0029579795204795205,1.0,0.44958481613285883,0.6202945990180033,0.5142249669931547,57707.104999999996,18157.773000000005,379.0,0.0,76243.878
low,0.999,379,0.0029579795204795205,1.0,0.44958481613285883,0.6202945990180033,0.5142249669931547,57707.104999999996,18157.773000000005,379.0,0.0,76243.878
base,0.001,6156,0.048045704295704296,0.13482781026640675,0.9845788849347569,0.23717673953421917,0.9948249406025882,1310.1,35273.389500000005,12312.0,53260.0,102155.4895
base,0.002,5384,0.04202047952047952,0.15397473997028233,0.9833926453143536,0.2662598361972057,0.9929028101392575,1758.415,35206.142250000004,10768.0,45550.0,93282.55725000001
base,0.003,5384,0.04202047952047952,0.15397473997028233,0.9833926453143536,0.2662598361972057,0.9929028101392575,1758.415,35206.142250000004,10768.0,45550.0,93282.55725000001
base,0.004,3594,0.028050074925074924,0.22927100723427934,0.9774614472123369,0.37142213207121927,0.9922087092991404,1966.6950000000002,35174.900250000006,7188.0,27700.0,72029.59525000001
base,0.005,3594,0.028050074925074924,0.22927100723427934,0.9774614472123369,0.37142213207121927,0.9922087092991404,1966.6950000000002,35174.900250000006,7188.0,27700.0,72029.59525000001
base,0.006,3593,0.028042270229770228,0.22933481770108544,0.9774614472123369,0.3715058611361587,0.9922087092991404,1966.6950000000002,35174.900250000006,7186.0,27690.0,72017.59525000001
base,0.007,2977,0.023234577922077924,0.27611689620423246,0.9750889679715302,0.43036649214659684,0.9919343666875802,2049.255,35162.51625000001,5954.0,21550.0,64715.771250000005
base,0.008,2318,0.018091283716283716,0.35202761000862814,0.9679715302491103,0.5162923125593166,0.9882760851432119,2943.4750000000004,35028.383250000006,4636.0,15020.0,57627.858250000005
base,0.009000000000000001,2129,0.016616196303696304,0.38139971817754814,0.963226571767497,0.5464333781965006,0.986441002327571,3401.940000000001,34959.61350000001,4258.0,13170.0,55789.55350000001
base,0.010000000000000002,2129,0.016616196303696304,0.38139971817754814,0.963226571767497,0.5464333781965006,0.986441002327571,3401.940000000001,34959.61350000001,4258.0,13170.0,55789.55350000001
base,0.011,2129,0.016616196303696304,0.38139971817754814,0.963226571767497,0.5464333781965006,0.986441002327571,3401.940000000001,34959.61350000001,4258.0,13170.0,55789.55350000001
base,0.012,1904,0.01486013986013986,0.4254201680672269,0.9608540925266904,0.5897342555515107,0.9859414760027178,3535.8499999999995,34939.527,3808.0,10940.0,53223.377
base,0.013000000000000001,1904,0.01486013986013986,0.4254201680672269,0.9608540925266904,0.5897342555515107,0.9859414760027178,3535.8499999999995,34939.527,3808.0,10940.0,53223.377
base,0.014000000000000002,1904,0.01486013986013986,0.4254201680672269,0.9608540925266904,0.5897342555515107,0.9859414760027178,3535.8499999999995,34939.527,3808.0,10940.0,53223.377
base,0.015,1904,0.01486013986013986,0.4254201680672269,0.9608540925266904,0.5897342555515107,0.9859414760027178,3535.8499999999995,34939.527,3808.0,10940.0,53223.377
base,0.016,1837,0.014337225274725274,0.43984757757212845,0.9584816132858838,0.6029850746268657,0.9859217422790603,3560.35,34935.852000000006,3674.0,10290.0,52460.202000000005
base,0.017,1837,0.014337225274725274,0.43984757757212845,0.9584816132858838,0.6029850746268657,0.9859217422790603,3560.35,34935.852000000006,3674.0,10290.0,52460.202000000005
base,0.018000000000000002,1837,0.014337225274725274,0.43984757757212845,0.9584816132858838,0.6029850746268657,0.9859217422790603,3560.35,34935.852000000006,3674.0,10290.0,52460.202000000005
base,0.019000000000000003,1637,0.012776286213786214,0.48869883934025654,0.9489916963226572,0.6451612903225806,0.9785681894216456,5317.224999999999,34672.320750000006,3274.0,8370.0,51633.545750000005
base,0.02,1637,0.012776286213786214,0.48869883934025654,0.9489916963226572,0.6451612903225806,0.9785681894216456,5317.224999999999,34672.320750000006,3274.0,8370.0,51633.545750000005
base,0.021,1637,0.012776286213786214,0.48869883934025654,0.9489916963226572,0.6451612903225806,0.9785681894216456,5317.224999999999,34672.320750000006,3274.0,8370.0,51633.545750000005
base,0.022000000000000002,1637,0.012776286213786214,0.48869883934025654,0.9489916963226572,0.6451612903225806,0.9785681894216456,5317.224999999999,34672.320750000006,3274.0,8370.0,51633.545750000005
base,0.023,1390,0.010848526473526474,0.5683453237410072,0.9371293001186239,0.7075682937751904,0.9729963725469174,6687.799999999998,34466.734500000006,2780.0,6000.0,49934.5345
base,0.024,1390,0.010848526473526474,0.5683453237410072,0.9371293001186239,0.7075682937751904,0.9729963725469174,6687.799999999998,34466.734500000006,2780.0,6000.0,49934.5345
base,0.025,1390,0.010848526473526474,0.5683453237410072,0.9371293001186239,0.7075682937751904,0.9729963725469174,6687.799999999998,34466.734500000006,2780.0,6000.0,49934.5345
base,0.026000000000000002,1390,0.010848526473526474,0.5683453237410072,0.9371293001186239,0.7075682937751904,0.9729963725469174,6687.799999999998,34466.734500000006,2780.0,6000.0,49934.5345
base,0.027000000000000003,1390,0.010848526473526474,0.5683453237410072,0.9371293001186239,0.7075682937751904,0.9729963725469174,6687.799999999998,34466.734500000006,2780.0,6000.0,49934.5345
base,0.028,1390,0.010848526473526474,0.5683453237410072,0.9371293001186239,0.7075682937751904,0.9729963725469174,6687.799999999998,34466.734500000006,2780.0,6000.0,49934.5345
base,0.029,1390,0.010848526473526474,0.5683453237410072,0.9371293001186239,0.7075682937751904,0.9729963725469174,6687.799999999998,34466.734500000006,2780.0,6000.0,49934.5345
base,0.030000000000000002,1390,0.010848526473526474,0.5683453237410072,0.9371293001186239,0.7075682937751904,0.9729963725469174,6687.799999999998,34466.734500000006,2780.0,6000.0,49934.5345
base,0.031,1390,0.010848526473526474,0.5683453237410072,0.9371293001186239,0.7075682937751904,0.9729963725469174,6687.799999999998,34466.734500000006,2780.0,6000.0,49934.5345
base,0.032,1390,0.010848526473526474,0.5683453237410072,0.9371293001186239,0.7075682937751904,0.9729963725469174,6687.799999999998,34466.734500000006,2780.0,6000.0,49934.5345
base,0.033,1390,0.010848526473526474,0.5683453237410072,0.9371293001186239,0.7075682937751904,0.9729963725469174,6687.799999999998,34466.734500000006,2780.0,6000.0,49934.5345
base,0.034,1390,0.010848526473526474,0.5683453237410072,0.9371293001186239,0.7075682937751904,0.9729963725469174,6687.799999999998,34466.734500000006,2780.0,6000.0,49934.5345
base,0.035,1390,0.010848526473526474,0.5683453237410072,0.9371293001186239,0.7075682937751904,0.9729963725469174,6687.799999999998,34466.734500000006,2780.0,6000.0,49934.5345
base,0.036000000000000004,1390,0.010848526473526474,0.5683453237410072,0.9371293001186239,0.7075682937751904,0.9729963725469174,6687.799999999998,34466.734500000006,2780.0,6000.0,49934.5345
base,0.037000000000000005,1390,0.010848526473526474,0.5683453237410072,0.9371293001186239,0.7075682937751904,0.9729963725469174,6687.799999999998,34466.734500000006,2780.0,6000.0,49934.5345
base,0.038,1390,0.010848526473526474,0.5683453237410072,0.9371293001186239,0.7075682937751904,0.9729963725469174,6687.799999999998,34466.734500000006,2780.0,6000.0,49934.5345
base,0.039,1390,0.010848526473526474,0.5683453237410072,0.9371293001186239,0.7075682937751904,0.9729963725469174,6687.799999999998,34466.734500000006,2780.0,6000.0,49934.5345
base,0.04,1390,0.010848526473526474,0.5683453237410072,0.9371293001186239,0.7075682937751904,0.9729963725469174,6687.799999999998,34466.734500000006,2780.0,6000.0,49934.5345
base,0.041,1390,0.010848526473526474,0.5683453237410072,0.9371293001186239,0.7075682937751904,0.9729963725469174,6687.799999999998,34466.734500000006,2780.0,6000.0,49934.5345
base,0.042,1390,0.010848526473526474,0.5683453237410072,0.9371293001186239,0.7075682937751904,0.9729963725469174,6687.799999999998,34466.734500000006,2780.0,6000.0,49934.5345
base,0.043000000000000003,1390,0.010848526473526474,0.5683453237410072,0.9371293001186239,0.7075682937751904,0.9729963725469174,6687.799999999998,34466.734500000006,2780.0,6000.0,49934.5345
base,0.044000000000000004,1390,0.010848526473526474,0.5683453237410072,0.9371293001186239,0.7075682937751904,0.9729963725469174,6687.799999999998,34466.734500000006,2780.0,6000.0,49934.5345
base,0.045,1390,0.010848526473526474,0.5683453237410072,0.9371293001186239,0.7075682937751904,0.9729963725469174,6687.799999999998,34466.734500000006,2780.0,6000.0,49934.5345
base,0.046,1390,0.010848526473526474,0.5683453237410072,0.9371293001186239,0.7075682937751904,0.9729963725469174,6687.799999999998,34466.734500000006,2780.0,6000.0,49934.5345
base,0.047,1390,0.010848526473526474,0.5683453237410072,0.9371293001186239,0.7075682937751904,0.9729963725469174,6687.799999999998,34466.734500000006,2780.0,6000.0,49934.5345
base,0.048,1390,0.010848526473526474,0.5683453237410072,0.9371293001186239,0.7075682937751904,0.9729963725469174,6687.799999999998,34466.734500000006,2780.0,6000.0,49934.5345
base,0.049,1390,0.010848526473526474,0.5683453237410072,0.9371293001186239,0.7075682937751904,0.9729963725469174,6687.799999999998,34466.734500000006,2780.0,6000.0,49934.5345
base,0.05,1390,0.010848526473526474,0.5683453237410072,0.9371293001186239,0.7075682937751904,0.9729963725469174,6687.799999999998,34466.734500000006,2780.0,6000.0,49934.5345
base,0.051000000000000004,1375,0.010731456043956044,0.5738181818181818,0.9359430604982206,0.7114517583408476,0.9729496036218488,6708.464999999998,34463.634750000005,2750.0,5860.0,49782.09975
base,0.052000000000000005,1375,0.010731456043956044,0.5738181818181818,0.9359430604982206,0.7114517583408476,0.9729496036218488,6708.464999999998,34463.634750000005,2750.0,5860.0,49782.09975
base,0.053000000000000005,1375,0.010731456043956044,0.5738181818181818,0.9359430604982206,0.7114517583408476,0.9729496036218488,6708.464999999998,34463.634750000005,2750.0,5860.0,49782.09975
base,0.054,1375,0.010731456043956044,0.5738181818181818,0.9359430604982206,0.7114517583408476,0.9729496036218488,6708.464999999998,34463.634750000005,2750.0,5860.0,49782.09975
base,0.055,1375,0.010731456043956044,0.5738181818181818,0.9359430604982206,0.7114517583408476,0.9729496036218488,6708.464999999998,34463.634750000005,2750.0,5860.0,49782.09975
base,0.056,1375,0.010731456043956044,0.5738181818181818,0.9359430604982206,0.7114517583408476,0.9729496036218488,6708.464999999998,34463.634750000005,2750.0,5860.0,49782.09975
base,0.057,1375,0.010731456043956044,0.5738181818181818,0.9359430604982206,0.7114517583408476,0.9729496036218488,6708.464999999998,34463.634750000005,2750.0,5860.0,49782.09975
base,0.058,1375,0.010731456043956044,0.5738181818181818,0.9359430604982206,0.7114517583408476,0.9729496036218488,6708.464999999998,34463.634750000005,2750.0,5860.0,49782.09975
base,0.059000000000000004,1375,0.010731456043956044,0.5738181818181818,0.9359430604982206,0.7114517583408476,0.9729496036218488,6708.464999999998,34463.634750000005,2750.0,5860.0,49782.09975
base,0.060000000000000005,1135,0.00885832917082917,0.6792951541850221,0.9145907473309609,0.7795753286147624,0.9599873099001067,9844.335,33993.254250000005,2270.0,3640.0,49747.589250000005
base,0.061,1134,0.008850524475524476,0.6798941798941799,0.9145907473309609,0.779969650986343,0.9599873099001067,9844.335,33993.254250000005,2268.0,3630.0,49735.589250000005
base,0.062,1134,0.008850524475524476,0.6798941798941799,0.9145907473309609,0.779969650986343,0.9599873099001067,9844.335,33993.254250000005,2268.0,3630.0,49735.589250000005
base,0.063,1134,0.008850524475524476,0.6798941798941799,0.9145907473309609,0.779969650986343,0.9599873099001067,9844.335,33993.254250000005,2268.0,3630.0,49735.589250000005
base,0.064,1134,0.008850524475524476,0.6798941798941799,0.9145907473309609,0.779969650986343,0.9599873099001067,9844.335,33993.254250000005,2268.0,3630.0,49735.589250000005
base,0.065,1134,0.008850524475524476,0.6798941798941799,0.9145907473309609,0.779969650986343,0.9599873099001067,9844.335,33993.254250000005,2268.0,3630.0,49735.589250000005
base,0.066,1134,0.008850524475524476,0.6798941798941799,0.9145907473309609,0.779969650986343,0.9599873099001067,9844.335,33993.254250000005,2268.0,3630.0,49735.589250000005
base,0.067,1134,0.008850524475524476,0.6798941798941799,0.9145907473309609,0.779969650986343,0.9599873099001067,9844.335,33993.254250000005,2268.0,3630.0,49735.589250000005
base,0.068,1134,0.008850524475524476,0.6798941798941799,0.9145907473309609,0.779969650986343,0.9599873099001067,9844.335,33993.254250000005,2268.0,3630.0,49735.589250000005
base,0.069,1134,0.008850524475524476,0.6798941798941799,0.9145907473309609,0.779969650986343,0.9599873099001067,9844.335,33993.254250000005,2268.0,3630.0,49735.589250000005
base,0.07,1134,0.008850524475524476,0.6798941798941799,0.9145907473309609,0.779969650986343,0.9599873099001067,9844.335,33993.254250000005,2268.0,3630.0,49735.589250000005
base,0.07100000000000001,1134,0.008850524475524476,0.6798941798941799,0.9145907473309609,0.779969650986343,0.9599873099001067,9844.335,33993.254250000005,2268.0,3630.0,49735.589250000005
base,0.07200000000000001,1134,0.008850524475524476,0.6798941798941799,0.9145907473309609,0.779969650986343,0.9599873099001067,9844.335,33993.254250000005,2268.0,3630.0,49735.589250000005
base,0.07300000000000001,1134,0.008850524475524476,0.6798941798941799,0.9145907473309609,0.779969650986343,0.9599873099001067,9844.335,33993.254250000005,2268.0,3630.0,49735.589250000005
base,0.074,1134,0.008850524475524476,0.6798941798941799,0.9145907473309609,0.779969650986343,0.9599873099001067,9844.335,33993.254250000005,2268.0,3630.0,49735.589250000005
base,0.075,1134,0.008850524475524476,0.6798941798941799,0.9145907473309609,0.779969650986343,0.9599873099001067,9844.335,33993.254250000005,2268.0,3630.0,49735.589250000005
base,0.076,1134,0.008850524475524476,0.6798941798941799,0.9145907473309609,0.779969650986343,0.9599873099001067,9844.335,33993.254250000005,2268.0,3630.0,49735.589250000005
base,0.077,1134,0.008850524475524476,0.6798941798941799,0.9145907473309609,0.779969650986343,0.9599873099001067,9844.335,33993.254250000005,2268.0,3630.0,49735.589250000005
base,0.078,1134,0.008850524475524476,0.6798941798941799,0.9145907473309609,0.779969650986343,0.9599873099001067,9844.335,33993.254250000005,2268.0,3630.0,49735.589250000005
base,0.079,1134,0.008850524475524476,0.6798941798941799,0.9145907473309609,0.779969650986343,0.9599873099001067,9844.335,33993.254250000005,2268.0,3630.0,49735.589250000005
base,0.08,1134,0.008850524475524476,0.6798941798941799,0.9145907473309609,0.779969650986343,0.9599873099001067,9844.335,33993.254250000005,2268.0,3630.0,49735.589250000005
base,0.081,1134,0.008850524475524476,0.6798941798941799,0.9145907473309609,0.779969650986343,0.9599873099001067,9844.335,33993.254250000005,2268.0,3630.0,49735.589250000005
base,0.082,1134,0.008850524475524476,0.6798941798941799,0.9145907473309609,0.779969650986343,0.9599873099001067,9844.335,33993.254250000005,2268.0,3630.0,49735.589250000005
base,0.083,1134,0.008850524475524476,0.6798941798941799,0.9145907473309609,0.779969650986343,0.9599873099001067,9844.335,33993.254250000005,2268.0,3630.0,49735.589250000005
base,0.084,1134,0.008850524475524476,0.6798941798941799,0.9145907473309609,0.779969650986343,0.9599873099001067,9844.335,33993.254250000005,2268.0,3630.0,49735.589250000005
base,0.085,1134,0.008850524475524476,0.6798941798941799,0.9145907473309609,0.779969650986343,0.9599873099001067,9844.335,33993.254250000005,2268.0,3630.0,49735.589250000005
base,0.08600000000000001,1134,0.008850524475524476,0.6798941798941799,0.9145907473309609,0.779969650986343,0.9599873099001067,9844.335,33993.254250000005,2268.0,3630.0,49735.589250000005
base,0.08700000000000001,1134,0.008850524475524476,0.6798941798941799,0.9145907473309609,0.779969650986343,0.9599873099001067,9844.335,33993.254250000005,2268.0,3630.0,49735.589250000005
base,0.08800000000000001,1134,0.008850524475524476,0.6798941798941799,0.9145907473309609,0.779969650986343,0.9599873099001067,9844.335,33993.254250000005,2268.0,3630.0,49735.589250000005
base,0.089,1134,0.008850524475524476,0.6798941798941799,0.9145907473309609,0.779969650986343,0.9599873099001067,9844.335,33993.254250000005,2268.0,3630.0,49735.589250000005
base,0.09,1134,0.008850524475524476,0.6798941798941799,0.9145907473309609,0.779969650986343,0.9599873099001067,9844.335,33993.254250000005,2268.0,3630.0,49735.589250000005
base,0.091,1134,0.008850524475524476,0.6798941798941799,0.9145907473309609,0.779969650986343,0.9599873099001067,9844.335,33993.254250000005,2268.0,3630.0,49735.589250000005
base,0.092,1069,0.00834321928071928,0.715622076707203,0.9074733096085409,0.8002092050209205,0.9568653471120332,10616.255,33877.466250000005,2138.0,3040.0,49671.72125
base,0.093,1069,0.00834321928071928,0.715622076707203,0.9074733096085409,0.8002092050209205,0.9568653471120332,10616.255,33877.466250000005,2138.0,3040.0,49671.72125
base,0.094,1069,0.00834321928071928,0.715622076707203,0.9074733096085409,0.8002092050209205,0.9568653471120332,10616.255,33877.466250000005,2138.0,3040.0,49671.72125
base,0.095,1069,0.00834321928071928,0.715622076707203,0.9074733096085409,0.8002092050209205,0.9568653471120332,10616.255,33877.466250000005,2138.0,3040.0,49671.72125
base,0.096,1069,0.00834321928071928,0.715622076707203,0.9074733096085409,0.8002092050209205,0.9568653471120332,10616.255,33877.466250000005,2138.0,3040.0,49671.72125
base,0.097,1069,0.00834321928071928,0.715622076707203,0.9074733096085409,0.8002092050209205,0.9568653471120332,10616.255,33877.466250000005,2138.0,3040.0,49671.72125
base,0.098,1069,0.00834321928071928,0.715622076707203,0.9074733096085409,0.8002092050209205,0.9568653471120332,10616.255,33877.466250000005,2138.0,3040.0,49671.72125
base,0.099,1069,0.00834321928071928,0.715622076707203,0.9074733096085409,0.8002092050209205,0.9568653471120332,10616.255,33877.466250000005,2138.0,3040.0,49671.72125
base,0.1,1069,0.00834321928071928,0.715622076707203,0.9074733096085409,0.8002092050209205,0.9568653471120332,10616.255,33877.466250000005,2138.0,3040.0,49671.72125
base,0.101,1015,0.007921765734265734,0.7467980295566502,0.8991696322657177,0.8159311087190527,0.9516864067489686,11867.239999999998,33689.8185,2030.0,2570.0,50157.0585
base,0.10200000000000001,971,0.007578359140859141,0.7744593202883625,0.8920521945432978,0.8291069459757442,0.9460746181206541,13206.929999999997,33488.865,1942.0,2190.0,50827.795
base,0.10300000000000001,971,0.007578359140859141,0.7744593202883625,0.8920521945432978,0.8291069459757442,0.9460746181206541,13206.929999999997,33488.865,1942.0,2190.0,50827.795
base,0.10400000000000001,971,0.007578359140859141,0.7744593202883625,0.8920521945432978,0.8291069459757442,0.9460746181206541,13206.929999999997,33488.865,1942.0,2190.0,50827.795
base,0.10500000000000001,971,0.007578359140859141,0.7744593202883625,0.8920521945432978,0.8291069459757442,0.9460746181206541,13206.929999999997,33488.865,1942.0,2190.0,50827.795
base,0.106,971,0.007578359140859141,0.7744593202883625,0.8920521945432978,0.8291069459757442,0.9460746181206541,13206.929999999997,33488.865,1942.0,2190.0,50827.795
base,0.107,971,0.007578359140859141,0.7744593202883625,0.8920521945432978,0.8291069459757442,0.9460746181206541,13206.929999999997,33488.865,1942.0,2190.0,50827.795
base,0.108,971,0.007578359140859141,0.7744593202883625,0.8920521945432978,0.8291069459757442,0.9460746181206541,13206.929999999997,33488.865,1942.0,2190.0,50827.795
base,0.109,971,0.007578359140859141,0.7744593202883625,0.8920521945432978,0.8291069459757442,0.9460746181206541,13206.929999999997,33488.865,1942.0,2190.0,50827.795
base,0.11,971,0.007578359140859141,0.7744593202883625,0.8920521945432978,0.8291069459757442,0.9460746181206541,13206.929999999997,33488.865,1942.0,2190.0,50827.795
base,0.111,971,0.007578359140859141,0.7744593202883625,0.8920521945432978,0.8291069459757442,0.9460746181206541,13206.929999999997,33488.865,1942.0,2190.0,50827.795
base,0.112,971,0.007578359140859141,0.7744593202883625,0.8920521945432978,0.8291069459757442,0.9460746181206541,13206.929999999997,33488.865,1942.0,2190.0,50827.795
base,0.113,971,0.007578359140859141,0.7744593202883625,0.8920521945432978,0.8291069459757442,0.9460746181206541,13206.929999999997,33488.865,1942.0,2190.0,50827.795
base,0.114,971,0.007578359140859141,0.7744593202883625,0.8920521945432978,0.8291069459757442,0.9460746181206541,13206.929999999997,33488.865,1942.0,2190.0,50827.795
base,0.115,971,0.007578359140859141,0.7744593202883625,0.8920521945432978,0.8291069459757442,0.9460746181206541,13206.929999999997,33488.865,1942.0,2190.0,50827.795
base,0.116,971,0.007578359140859141,0.7744593202883625,0.8920521945432978,0.8291069459757442,0.9460746181206541,13206.929999999997,33488.865,1942.0,2190.0,50827.795
base,0.117,971,0.007578359140859141,0.7744593202883625,0.8920521945432978,0.8291069459757442,0.9460746181206541,13206.929999999997,33488.865,1942.0,2190.0,50827.795
base,0.11800000000000001,971,0.007578359140859141,0.7744593202883625,0.8920521945432978,0.8291069459757442,0.9460746181206541,13206.929999999997,33488.865,1942.0,2190.0,50827.795
base,0.11900000000000001,971,0.007578359140859141,0.7744593202883625,0.8920521945432978,0.8291069459757442,0.9460746181206541,13206.929999999997,33488.865,1942.0,2190.0,50827.795
base,0.12000000000000001,971,0.007578359140859141,0.7744593202883625,0.8920521945432978,0.8291069459757442,0.9460746181206541,13206.929999999997,33488.865,1942.0,2190.0,50827.795
base,0.121,971,0.007578359140859141,0.7744593202883625,0.8920521945432978,0.8291069459757442,0.9460746181206541,13206.929999999997,33488.865,1942.0,2190.0,50827.795
base,0.122,971,0.007578359140859141,0.7744593202883625,0.8920521945432978,0.8291069459757442,0.9460746181206541,13206.929999999997,33488.865,1942.0,2190.0,50827.795
base,0.123,971,0.007578359140859141,0.7744593202883625,0.8920521945432978,0.8291069459757442,0.9460746181206541,13206.929999999997,33488.865,1942.0,2190.0,50827.795
base,0.124,971,0.007578359140859141,0.7744593202883625,0.8920521945432978,0.8291069459757442,0.9460746181206541,13206.929999999997,33488.865,1942.0,2190.0,50827.795
base,0.125,971,0.007578359140859141,0.7744593202883625,0.8920521945432978,0.8291069459757442,0.9460746181206541,13206.929999999997,33488.865,1942.0,2190.0,50827.795
base,0.126,971,0.007578359140859141,0.7744593202883625,0.8920521945432978,0.8291069459757442,0.9460746181206541,13206.929999999997,33488.865,1942.0,2190.0,50827.795
base,0.127,971,0.007578359140859141,0.7744593202883625,0.8920521945432978,0.8291069459757442,0.9460746181206541,13206.929999999997,33488.865,1942.0,2190.0,50827.795
base,0.128,971,0.007578359140859141,0.7744593202883625,0.8920521945432978,0.8291069459757442,0.9460746181206541,13206.929999999997,33488.865,1942.0,2190.0,50827.795
base,0.129,971,0.007578359140859141,0.7744593202883625,0.8920521945432978,0.8291069459757442,0.9460746181206541,13206.929999999997,33488.865,1942.0,2190.0,50827.795
base,0.13,971,0.007578359140859141,0.7744593202883625,0.8920521945432978,0.8291069459757442,0.9460746181206541,13206.929999999997,33488.865,1942.0,2190.0,50827.795
base,0.131,971,0.007578359140859141,0.7744593202883625,0.8920521945432978,0.8291069459757442,0.9460746181206541,13206.929999999997,33488.865,1942.0,2190.0,50827.795
base,0.132,971,0.007578359140859141,0.7744593202883625,0.8920521945432978,0.8291069459757442,0.9460746181206541,13206.929999999997,33488.865,1942.0,2190.0,50827.795
base,0.133,971,0.007578359140859141,0.7744593202883625,0.8920521945432978,0.8291069459757442,0.9460746181206541,13206.929999999997,33488.865,1942.0,2190.0,50827.795
base,0.134,971,0.007578359140859141,0.7744593202883625,0.8920521945432978,0.8291069459757442,0.9460746181206541,13206.929999999997,33488.865,1942.0,2190.0,50827.795
base,0.135,971,0.007578359140859141,0.7744593202883625,0.8920521945432978,0.8291069459757442,0.9460746181206541,13206.929999999997,33488.865,1942.0,2190.0,50827.795
base,0.136,886,0.00691496003996004,0.8250564334085779,0.867141162514828,0.8455754771544245,0.9198725087434649,19391.955,32561.111250000005,1772.0,1550.0,55275.06625
base,0.137,886,0.00691496003996004,0.8250564334085779,0.867141162514828,0.8455754771544245,0.9198725087434649,19391.955,32561.111250000005,1772.0,1550.0,55275.06625
base,0.138,886,0.00691496003996004,0.8250564334085779,0.867141162514828,0.8455754771544245,0.9198725087434649,19391.955,32561.111250000005,1772.0,1550.0,55275.06625
base,0.139,886,0.00691496003996004,0.8250564334085779,0.867141162514828,0.8455754771544245,0.9198725087434649,19391.955,32561.111250000005,1772.0,1550.0,55275.06625
base,0.14,886,0.00691496003996004,0.8250564334085779,0.867141162514828,0.8455754771544245,0.9198725087434649,19391.955,32561.111250000005,1772.0,1550.0,55275.06625
base,0.14100000000000001,886,0.00691496003996004,0.8250564334085779,0.867141162514828,0.8455754771544245,0.9198725087434649,19391.955,32561.111250000005,1772.0,1550.0,55275.06625
base,0.14200000000000002,886,0.00691496003996004,0.8250564334085779,0.867141162514828,0.8455754771544245,0.9198725087434649,19391.955,32561.111250000005,1772.0,1550.0,55275.06625
base,0.14300000000000002,836,0.006524725274725275,0.8660287081339713,0.8588374851720048,0.8624181060154854,0.914909959623486,20593.595000000005,32380.865250000006,1672.0,1120.0,55766.46025000001
base,0.14400000000000002,836,0.006524725274725275,0.8660287081339713,0.8588374851720048,0.8624181060154854,0.914909959623486,20593.595000000005,32380.865250000006,1672.0,1120.0,55766.46025000001
base,0.14500000000000002,836,0.006524725274725275,0.8660287081339713,0.8588374851720048,0.8624181060154854,0.914909959623486,20593.595000000005,32380.865250000006,1672.0,1120.0,55766.46025000001
base,0.146,836,0.006524725274725275,0.8660287081339713,0.8588374851720048,0.8624181060154854,0.914909959623486,20593.595000000005,32380.865250000006,1672.0,1120.0,55766.46025000001
base,0.147,836,0.006524725274725275,0.8660287081339713,0.8588374851720048,0.8624181060154854,0.914909959623486,20593.595000000005,32380.865250000006,1672.0,1120.0,55766.46025000001
base,0.148,836,0.006524725274725275,0.8660287081339713,0.8588374851720048,0.8624181060154854,0.914909959623486,20593.595000000005,32380.865250000006,1672.0,1120.0,55766.46025000001
base,0.149,836,0.006524725274725275,0.8660287081339713,0.8588374851720048,0.8624181060154854,0.914909959623486,20593.595000000005,32380.865250000006,1672.0,1120.0,55766.46025000001
base,0.15,836,0.006524725274725275,0.8660287081339713,0.8588374851720048,0.8624181060154854,0.914909959623486,20593.595000000005,32380.865250000006,1672.0,1120.0,55766.46025000001
base,0.151,821,0.006407654845154845,0.8757612667478685,0.8529062870699882,0.8641826923076923,0.9081766596269898,22179.03,32143.050000000007,1642.0,1020.0,56984.08
base,0.152,821,0.006407654845154845,0.8757612667478685,0.8529062870699882,0.8641826923076923,0.9081766596269898,22179.03,32143.050000000007,1642.0,1020.0,56984.08
base,0.153,821,0.006407654845154845,0.8757612667478685,0.8529062870699882,0.8641826923076923,0.9081766596269898,22179.03,32143.050000000007,1642.0,1020.0,56984.08
base,0.154,821,0.006407654845154845,0.8757612667478685,0.8529062870699882,0.8641826923076923,0.9081766596269898,22179.03,32143.050000000007,1642.0,1020.0,56984.08
base,0.155,821,0.006407654845154845,0.8757612667478685,0.8529062870699882,0.8641826923076923,0.9081766596269898,22179.03,32143.050000000007,1642.0,1020.0,56984.08
base,0.156,821,0.006407654845154845,0.8757612667478685,0.8529062870699882,0.8641826923076923,0.9081766596269898,22179.03,32143.050000000007,1642.0,1020.0,56984.08
base,0.157,821,0.006407654845154845,0.8757612667478685,0.8529062870699882,0.8641826923076923,0.9081766596269898,22179.03,32143.050000000007,1642.0,1020.0,56984.08
base,0.158,821,0.006407654845154845,0.8757612667478685,0.8529062870699882,0.8641826923076923,0.9081766596269898,22179.03,32143.050000000007,1642.0,1020.0,56984.08
base,0.159,821,0.006407654845154845,0.8757612667478685,0.8529062870699882,0.8641826923076923,0.9081766596269898,22179.03,32143.050000000007,1642.0,1020.0,56984.08
base,0.16,821,0.006407654845154845,0.8757612667478685,0.8529062870699882,0.8641826923076923,0.9081766596269898,22179.03,32143.050000000007,1642.0,1020.0,56984.08
base,0.161,821,0.006407654845154845,0.8757612667478685,0.8529062870699882,0.8641826923076923,0.9081766596269898,22179.03,32143.050000000007,1642.0,1020.0,56984.08
base,0.162,821,0.006407654845154845,0.8757612667478685,0.8529062870699882,0.8641826923076923,0.9081766596269898,22179.03,32143.050000000007,1642.0,1020.0,56984.08
base,0.163,821,0.006407654845154845,0.8757612667478685,0.8529062870699882,0.8641826923076923,0.9081766596269898,22179.03,32143.050000000007,1642.0,1020.0,56984.08
base,0.164,821,0.006407654845154845,0.8757612667478685,0.8529062870699882,0.8641826923076923,0.9081766596269898,22179.03,32143.050000000007,1642.0,1020.0,56984.08
base,0.165,821,0.006407654845154845,0.8757612667478685,0.8529062870699882,0.8641826923076923,0.9081766596269898,22179.03,32143.050000000007,1642.0,1020.0,56984.08
base,0.166,821,0.006407654845154845,0.8757612667478685,0.8529062870699882,0.8641826923076923,0.9081766596269898,22179.03,32143.050000000007,1642.0,1020.0,56984.08
base,0.167,821,0.006407654845154845,0.8757612667478685,0.8529062870699882,0.8641826923076923,0.9081766596269898,22179.03,32143.050000000007,1642.0,1020.0,56984.08
base,0.168,821,0.006407654845154845,0.8757612667478685,0.8529062870699882,0.8641826923076923,0.9081766596269898,22179.03,32143.050000000007,1642.0,1020.0,56984.08
base,0.169,821,0.006407654845154845,0.8757612667478685,0.8529062870699882,0.8641826923076923,0.9081766596269898,22179.03,32143.050000000007,1642.0,1020.0,56984.08
base,0.17,821,0.006407654845154845,0.8757612667478685,0.8529062870699882,0.8641826923076923,0.9081766596269898,22179.03,32143.050000000007,1642.0,1020.0,56984.08
base,0.171,821,0.006407654845154845,0.8757612667478685,0.8529062870699882,0.8641826923076923,0.9081766596269898,22179.03,32143.050000000007,1642.0,1020.0,56984.08
base,0.17200000000000001,821,0.006407654845154845,0.8757612667478685,0.8529062870699882,0.8641826923076923,0.9081766596269898,22179.03,32143.050000000007,1642.0,1020.0,56984.08
base,0.17300000000000001,821,0.006407654845154845,0.8757612667478685,0.8529062870699882,0.8641826923076923,0.9081766596269898,22179.03,32143.050000000007,1642.0,1020.0,56984.08
base,0.17400000000000002,821,0.006407654845154845,0.8757612667478685,0.8529062870699882,0.8641826923076923,0.9081766596269898,22179.03,32143.050000000007,1642.0,1020.0,56984.08
base,0.17500000000000002,821,0.006407654845154845,0.8757612667478685,0.8529062870699882,0.8641826923076923,0.9081766596269898,22179.03,32143.050000000007,1642.0,1020.0,56984.08
base,0.17600000000000002,821,0.006407654845154845,0.8757612667478685,0.8529062870699882,0.8641826923076923,0.9081766596269898,22179.03,32143.050000000007,1642.0,1020.0,56984.08
base,0.177,821,0.006407654845154845,0.8757612667478685,0.8529062870699882,0.8641826923076923,0.9081766596269898,22179.03,32143.050000000007,1642.0,1020.0,56984.08
base,0.178,821,0.006407654845154845,0.8757612667478685,0.8529062870699882,0.8641826923076923,0.9081766596269898,22179.03,32143.050000000007,1642.0,1020.0,56984.08
base,0.179,821,0.006407654845154845,0.8757612667478685,0.8529062870699882,0.8641826923076923,0.9081766596269898,22179.03,32143.050000000007,1642.0,1020.0,56984.08
base,0.18,821,0.006407654845154845,0.8757612667478685,0.8529062870699882,0.8641826923076923,0.9081766596269898,22179.03,32143.050000000007,1642.0,1020.0,56984.08
base,0.181,821,0.006407654845154845,0.8757612667478685,0.8529062870699882,0.8641826923076923,0.9081766596269898,22179.03,32143.050000000007,1642.0,1020.0,56984.08
base,0.182,821,0.006407654845154845,0.8757612667478685,0.8529062870699882,0.8641826923076923,0.9081766596269898,22179.03,32143.050000000007,1642.0,1020.0,56984.08
base,0.183,821,0.006407654845154845,0.8757612667478685,0.8529062870699882,0.8641826923076923,0.9081766596269898,22179.03,32143.050000000007,1642.0,1020.0,56984.08
base,0.184,821,0.006407654845154845,0.8757612667478685,0.8529062870699882,0.8641826923076923,0.9081766596269898,22179.03,32143.050000000007,1642.0,1020.0,56984.08
base,0.185,821,0.006407654845154845,0.8757612667478685,0.8529062870699882,0.8641826923076923,0.9081766596269898,22179.03,32143.050000000007,1642.0,1020.0,56984.08
base,0.186,821,0.006407654845154845,0.8757612667478685,0.8529062870699882,0.8641826923076923,0.9081766596269898,22179.03,32143.050000000007,1642.0,1020.0,56984.08
base,0.187,821,0.006407654845154845,0.8757612667478685,0.8529062870699882,0.8641826923076923,0.9081766596269898,22179.03,32143.050000000007,1642.0,1020.0,56984.08
base,0.188,821,0.006407654845154845,0.8757612667478685,0.8529062870699882,0.8641826923076923,0.9081766596269898,22179.03,32143.050000000007,1642.0,1020.0,56984.08
base,0.189,821,0.006407654845154845,0.8757612667478685,0.8529062870699882,0.8641826923076923,0.9081766596269898,22179.03,32143.050000000007,1642.0,1020.0,56984.08
base,0.19,821,0.006407654845154845,0.8757612667478685,0.8529062870699882,0.8641826923076923,0.9081766596269898,22179.03,32143.050000000007,1642.0,1020.0,56984.08
base,0.191,821,0.006407654845154845,0.8757612667478685,0.8529062870699882,0.8641826923076923,0.9081766596269898,22179.03,32143.050000000007,1642.0,1020.0,56984.08
base,0.192,821,0.006407654845154845,0.8757612667478685,0.8529062870699882,0.8641826923076923,0.9081766596269898,22179.03,32143.050000000007,1642.0,1020.0,56984.08
base,0.193,821,0.006407654845154845,0.8757612667478685,0.8529062870699882,0.8641826923076923,0.9081766596269898,22179.03,32143.050000000007,1642.0,1020.0,56984.08
base,0.194,821,0.006407654845154845,0.8757612667478685,0.8529062870699882,0.8641826923076923,0.9081766596269898,22179.03,32143.050000000007,1642.0,1020.0,56984.08
base,0.195,821,0.006407654845154845,0.8757612667478685,0.8529062870699882,0.8641826923076923,0.9081766596269898,22179.03,32143.050000000007,1642.0,1020.0,56984.08
base,0.196,821,0.006407654845154845,0.8757612667478685,0.8529062870699882,0.8641826923076923,0.9081766596269898,22179.03,32143.050000000007,1642.0,1020.0,56984.08
base,0.197,821,0.006407654845154845,0.8757612667478685,0.8529062870699882,0.8641826923076923,0.9081766596269898,22179.03,32143.050000000007,1642.0,1020.0,56984.08
base,0.198,821,0.006407654845154845,0.8757612667478685,0.8529062870699882,0.8641826923076923,0.9081766596269898,22179.03,32143.050000000007,1642.0,1020.0,56984.08
base,0.199,821,0.006407654845154845,0.8757612667478685,0.8529062870699882,0.8641826923076923,0.9081766596269898,22179.03,32143.050000000007,1642.0,1020.0,56984.08
base,0.2,821,0.006407654845154845,0.8757612667478685,0.8529062870699882,0.8641826923076923,0.9081766596269898,22179.03,32143.050000000007,1642.0,1020.0,56984.08
base,0.201,821,0.006407654845154845,0.8757612667478685,0.8529062870699882,0.8641826923076923,0.9081766596269898,22179.03,32143.050000000007,1642.0,1020.0,56984.08
base,0.202,821,0.006407654845154845,0.8757612667478685,0.8529062870699882,0.8641826923076923,0.9081766596269898,22179.03,32143.050000000007,1642.0,1020.0,56984.08
base,0.203,821,0.006407654845154845,0.8757612667478685,0.8529062870699882,0.8641826923076923,0.9081766596269898,22179.03,32143.050000000007,1642.0,1020.0,56984.08
base,0.20400000000000001,821,0.006407654845154845,0.8757612667478685,0.8529062870699882,0.8641826923076923,0.9081766596269898,22179.03,32143.050000000007,1642.0,1020.0,56984.08
base,0.20500000000000002,821,0.006407654845154845,0.8757612667478685,0.8529062870699882,0.8641826923076923,0.9081766596269898,22179.03,32143.050000000007,1642.0,1020.0,56984.08
base,0.20600000000000002,821,0.006407654845154845,0.8757612667478685,0.8529062870699882,0.8641826923076923,0.9081766596269898,22179.03,32143.050000000007,1642.0,1020.0,56984.08
base,0.20700000000000002,821,0.006407654845154845,0.8757612667478685,0.8529062870699882,0.8641826923076923,0.9081766596269898,22179.03,32143.050000000007,1642.0,1020.0,56984.08
base,0.20800000000000002,821,0.006407654845154845,0.8757612667478685,0.8529062870699882,0.8641826923076923,0.9081766596269898,22179.03,32143.050000000007,1642.0,1020.0,56984.08
base,0.20900000000000002,821,0.006407654845154845,0.8757612667478685,0.8529062870699882,0.8641826923076923,0.9081766596269898,22179.03,32143.050000000007,1642.0,1020.0,56984.08
base,0.21,821,0.006407654845154845,0.8757612667478685,0.8529062870699882,0.8641826923076923,0.9081766596269898,22179.03,32143.050000000007,1642.0,1020.0,56984.08
base,0.211,821,0.006407654845154845,0.8757612667478685,0.8529062870699882,0.8641826923076923,0.9081766596269898,22179.03,32143.050000000007,1642.0,1020.0,56984.08
base,0.212,821,0.006407654845154845,0.8757612667478685,0.8529062870699882,0.8641826923076923,0.9081766596269898,22179.03,32143.050000000007,1642.0,1020.0,56984.08
base,0.213,821,0.006407654845154845,0.8757612667478685,0.8529062870699882,0.8641826923076923,0.9081766596269898,22179.03,32143.050000000007,1642.0,1020.0,56984.08
base,0.214,821,0.006407654845154845,0.8757612667478685,0.8529062870699882,0.8641826923076923,0.9081766596269898,22179.03,32143.050000000007,1642.0,1020.0,56984.08
base,0.215,821,0.006407654845154845,0.8757612667478685,0.8529062870699882,0.8641826923076923,0.9081766596269898,22179.03,32143.050000000007,1642.0,1020.0,56984.08
base,0.216,821,0.006407654845154845,0.8757612667478685,0.8529062870699882,0.8641826923076923,0.9081766596269898,22179.03,32143.050000000007,1642.0,1020.0,56984.08
base,0.217,821,0.006407654845154845,0.8757612667478685,0.8529062870699882,0.8641826923076923,0.9081766596269898,22179.03,32143.050000000007,1642.0,1020.0,56984.08
base,0.218,821,0.006407654845154845,0.8757612667478685,0.8529062870699882,0.8641826923076923,0.9081766596269898,22179.03,32143.050000000007,1642.0,1020.0,56984.08
base,0.219,821,0.006407654845154845,0.8757612667478685,0.8529062870699882,0.8641826923076923,0.9081766596269898,22179.03,32143.050000000007,1642.0,1020.0,56984.08
base,0.22,821,0.006407654845154845,0.8757612667478685,0.8529062870699882,0.8641826923076923,0.9081766596269898,22179.03,32143.050000000007,1642.0,1020.0,56984.08
base,0.221,821,0.006407654845154845,0.8757612667478685,0.8529062870699882,0.8641826923076923,0.9081766596269898,22179.03,32143.050000000007,1642.0,1020.0,56984.08
base,0.222,821,0.006407654845154845,0.8757612667478685,0.8529062870699882,0.8641826923076923,0.9081766596269898,22179.03,32143.050000000007,1642.0,1020.0,56984.08
base,0.223,821,0.006407654845154845,0.8757612667478685,0.8529062870699882,0.8641826923076923,0.9081766596269898,22179.03,32143.050000000007,1642.0,1020.0,56984.08
base,0.224,821,0.006407654845154845,0.8757612667478685,0.8529062870699882,0.8641826923076923,0.9081766596269898,22179.03,32143.050000000007,1642.0,1020.0,56984.08
base,0.225,821,0.006407654845154845,0.8757612667478685,0.8529062870699882,0.8641826923076923,0.9081766596269898,22179.03,32143.050000000007,1642.0,1020.0,56984.08
base,0.226,821,0.006407654845154845,0.8757612667478685,0.8529062870699882,0.8641826923076923,0.9081766596269898,22179.03,32143.050000000007,1642.0,1020.0,56984.08
base,0.227,821,0.006407654845154845,0.8757612667478685,0.8529062870699882,0.8641826923076923,0.9081766596269898,22179.03,32143.050000000007,1642.0,1020.0,56984.08
base,0.228,821,0.006407654845154845,0.8757612667478685,0.8529062870699882,0.8641826923076923,0.9081766596269898,22179.03,32143.050000000007,1642.0,1020.0,56984.08
base,0.229,821,0.006407654845154845,0.8757612667478685,0.8529062870699882,0.8641826923076923,0.9081766596269898,22179.03,32143.050000000007,1642.0,1020.0,56984.08
base,0.23,821,0.006407654845154845,0.8757612667478685,0.8529062870699882,0.8641826923076923,0.9081766596269898,22179.03,32143.050000000007,1642.0,1020.0,56984.08
base,0.231,821,0.006407654845154845,0.8757612667478685,0.8529062870699882,0.8641826923076923,0.9081766596269898,22179.03,32143.050000000007,1642.0,1020.0,56984.08
base,0.232,821,0.006407654845154845,0.8757612667478685,0.8529062870699882,0.8641826923076923,0.9081766596269898,22179.03,32143.050000000007,1642.0,1020.0,56984.08
base,0.233,821,0.006407654845154845,0.8757612667478685,0.8529062870699882,0.8641826923076923,0.9081766596269898,22179.03,32143.050000000007,1642.0,1020.0,56984.08
base,0.234,821,0.006407654845154845,0.8757612667478685,0.8529062870699882,0.8641826923076923,0.9081766596269898,22179.03,32143.050000000007,1642.0,1020.0,56984.08
base,0.23500000000000001,821,0.006407654845154845,0.8757612667478685,0.8529062870699882,0.8641826923076923,0.9081766596269898,22179.03,32143.050000000007,1642.0,1020.0,56984.08
base,0.23600000000000002,821,0.006407654845154845,0.8757612667478685,0.8529062870699882,0.8641826923076923,0.9081766596269898,22179.03,32143.050000000007,1642.0,1020.0,56984.08
base,0.23700000000000002,821,0.006407654845154845,0.8757612667478685,0.8529062870699882,0.8641826923076923,0.9081766596269898,22179.03,32143.050000000007,1642.0,1020.0,56984.08
base,0.23800000000000002,821,0.006407654845154845,0.8757612667478685,0.8529062870699882,0.8641826923076923,0.9081766596269898,22179.03,32143.050000000007,1642.0,1020.0,56984.08
base,0.23900000000000002,821,0.006407654845154845,0.8757612667478685,0.8529062870699882,0.8641826923076923,0.9081766596269898,22179.03,32143.050000000007,1642.0,1020.0,56984.08
base,0.24000000000000002,821,0.006407654845154845,0.8757612667478685,0.8529062870699882,0.8641826923076923,0.9081766596269898,22179.03,32143.050000000007,1642.0,1020.0,56984.08
base,0.241,821,0.006407654845154845,0.8757612667478685,0.8529062870699882,0.8641826923076923,0.9081766596269898,22179.03,32143.050000000007,1642.0,1020.0,56984.08
base,0.242,821,0.006407654845154845,0.8757612667478685,0.8529062870699882,0.8641826923076923,0.9081766596269898,22179.03,32143.050000000007,1642.0,1020.0,56984.08
base,0.243,821,0.006407654845154845,0.8757612667478685,0.8529062870699882,0.8641826923076923,0.9081766596269898,22179.03,32143.050000000007,1642.0,1020.0,56984.08
base,0.244,821,0.006407654845154845,0.8757612667478685,0.8529062870699882,0.8641826923076923,0.9081766596269898,22179.03,32143.050000000007,1642.0,1020.0,56984.08
base,0.245,821,0.006407654845154845,0.8757612667478685,0.8529062870699882,0.8641826923076923,0.9081766596269898,22179.03,32143.050000000007,1642.0,1020.0,56984.08
base,0.246,821,0.006407654845154845,0.8757612667478685,0.8529062870699882,0.8641826923076923,0.9081766596269898,22179.03,32143.050000000007,1642.0,1020.0,56984.08
base,0.247,821,0.006407654845154845,0.8757612667478685,0.8529062870699882,0.8641826923076923,0.9081766596269898,22179.03,32143.050000000007,1642.0,1020.0,56984.08
base,0.248,821,0.006407654845154845,0.8757612667478685,0.8529062870699882,0.8641826923076923,0.9081766596269898,22179.03,32143.050000000007,1642.0,1020.0,56984.08
base,0.249,821,0.006407654845154845,0.8757612667478685,0.8529062870699882,0.8641826923076923,0.9081766596269898,22179.03,32143.050000000007,1642.0,1020.0,56984.08
base,0.25,821,0.006407654845154845,0.8757612667478685,0.8529062870699882,0.8641826923076923,0.9081766596269898,22179.03,32143.050000000007,1642.0,1020.0,56984.08
base,0.251,821,0.006407654845154845,0.8757612667478685,0.8529062870699882,0.8641826923076923,0.9081766596269898,22179.03,32143.050000000007,1642.0,1020.0,56984.08
base,0.252,821,0.006407654845154845,0.8757612667478685,0.8529062870699882,0.8641826923076923,0.9081766596269898,22179.03,32143.050000000007,1642.0,1020.0,56984.08
base,0.253,821,0.006407654845154845,0.8757612667478685,0.8529062870699882,0.8641826923076923,0.9081766596269898,22179.03,32143.050000000007,1642.0,1020.0,56984.08
base,0.254,821,0.006407654845154845,0.8757612667478685,0.8529062870699882,0.8641826923076923,0.9081766596269898,22179.03,32143.050000000007,1642.0,1020.0,56984.08
base,0.255,821,0.006407654845154845,0.8757612667478685,0.8529062870699882,0.8641826923076923,0.9081766596269898,22179.03,32143.050000000007,1642.0,1020.0,56984.08
base,0.256,821,0.006407654845154845,0.8757612667478685,0.8529062870699882,0.8641826923076923,0.9081766596269898,22179.03,32143.050000000007,1642.0,1020.0,56984.08
base,0.257,821,0.006407654845154845,0.8757612667478685,0.8529062870699882,0.8641826923076923,0.9081766596269898,22179.03,32143.050000000007,1642.0,1020.0,56984.08
base,0.258,821,0.006407654845154845,0.8757612667478685,0.8529062870699882,0.8641826923076923,0.9081766596269898,22179.03,32143.050000000007,1642.0,1020.0,56984.08
base,0.259,821,0.006407654845154845,0.8757612667478685,0.8529062870699882,0.8641826923076923,0.9081766596269898,22179.03,32143.050000000007,1642.0,1020.0,56984.08
base,0.26,821,0.006407654845154845,0.8757612667478685,0.8529062870699882,0.8641826923076923,0.9081766596269898,22179.03,32143.050000000007,1642.0,1020.0,56984.08
base,0.261,821,0.006407654845154845,0.8757612667478685,0.8529062870699882,0.8641826923076923,0.9081766596269898,22179.03,32143.050000000007,1642.0,1020.0,56984.08
base,0.262,821,0.006407654845154845,0.8757612667478685,0.8529062870699882,0.8641826923076923,0.9081766596269898,22179.03,32143.050000000007,1642.0,1020.0,56984.08
base,0.263,821,0.006407654845154845,0.8757612667478685,0.8529062870699882,0.8641826923076923,0.9081766596269898,22179.03,32143.050000000007,1642.0,1020.0,56984.08
base,0.264,821,0.006407654845154845,0.8757612667478685,0.8529062870699882,0.8641826923076923,0.9081766596269898,22179.03,32143.050000000007,1642.0,1020.0,56984.08
base,0.265,821,0.006407654845154845,0.8757612667478685,0.8529062870699882,0.8641826923076923,0.9081766596269898,22179.03,32143.050000000007,1642.0,1020.0,56984.08
base,0.266,821,0.006407654845154845,0.8757612667478685,0.8529062870699882,0.8641826923076923,0.9081766596269898,22179.03,32143.050000000007,1642.0,1020.0,56984.08
base,0.267,821,0.006407654845154845,0.8757612667478685,0.8529062870699882,0.8641826923076923,0.9081766596269898,22179.03,32143.050000000007,1642.0,1020.0,56984.08
base,0.268,821,0.006407654845154845,0.8757612667478685,0.8529062870699882,0.8641826923076923,0.9081766596269898,22179.03,32143.050000000007,1642.0,1020.0,56984.08
base,0.269,821,0.006407654845154845,0.8757612667478685,0.8529062870699882,0.8641826923076923,0.9081766596269898,22179.03,32143.050000000007,1642.0,1020.0,56984.08
base,0.27,821,0.006407654845154845,0.8757612667478685,0.8529062870699882,0.8641826923076923,0.9081766596269898,22179.03,32143.050000000007,1642.0,1020.0,56984.08
base,0.271,821,0.006407654845154845,0.8757612667478685,0.8529062870699882,0.8641826923076923,0.9081766596269898,22179.03,32143.050000000007,1642.0,1020.0,56984.08
base,0.272,821,0.006407654845154845,0.8757612667478685,0.8529062870699882,0.8641826923076923,0.9081766596269898,22179.03,32143.050000000007,1642.0,1020.0,56984.08
base,0.273,821,0.006407654845154845,0.8757612667478685,0.8529062870699882,0.8641826923076923,0.9081766596269898,22179.03,32143.050000000007,1642.0,1020.0,56984.08
base,0.274,821,0.006407654845154845,0.8757612667478685,0.8529062870699882,0.8641826923076923,0.9081766596269898,22179.03,32143.050000000007,1642.0,1020.0,56984.08
base,0.275,752,0.005869130869130869,0.9228723404255319,0.8232502965599051,0.8702194357366771,0.8871219605077321,27230.259999999995,31385.365500000004,1504.0,580.0,60699.625499999995
base,0.276,752,0.005869130869130869,0.9228723404255319,0.8232502965599051,0.8702194357366771,0.8871219605077321,27230.259999999995,31385.365500000004,1504.0,580.0,60699.625499999995
base,0.277,752,0.005869130869130869,0.9228723404255319,0.8232502965599051,0.8702194357366771,0.8871219605077321,27230.259999999995,31385.365500000004,1504.0,580.0,60699.625499999995
base,0.278,752,0.005869130869130869,0.9228723404255319,0.8232502965599051,0.8702194357366771,0.8871219605077321,27230.259999999995,31385.365500000004,1504.0,580.0,60699.625499999995
base,0.279,752,0.005869130869130869,0.9228723404255319,0.8232502965599051,0.8702194357366771,0.8871219605077321,27230.259999999995,31385.365500000004,1504.0,580.0,60699.625499999995
base,0.28,752,0.005869130869130869,0.9228723404255319,0.8232502965599051,0.8702194357366771,0.8871219605077321,27230.259999999995,31385.365500000004,1504.0,580.0,60699.625499999995
base,0.281,752,0.005869130869130869,0.9228723404255319,0.8232502965599051,0.8702194357366771,0.8871219605077321,27230.259999999995,31385.365500000004,1504.0,580.0,60699.625499999995
base,0.28200000000000003,752,0.005869130869130869,0.9228723404255319,0.8232502965599051,0.8702194357366771,0.8871219605077321,27230.259999999995,31385.365500000004,1504.0,580.0,60699.625499999995
base,0.28300000000000003,752,0.005869130869130869,0.9228723404255319,0.8232502965599051,0.8702194357366771,0.8871219605077321,27230.259999999995,31385.365500000004,1504.0,580.0,60699.625499999995
base,0.28400000000000003,752,0.005869130869130869,0.9228723404255319,0.8232502965599051,0.8702194357366771,0.8871219605077321,27230.259999999995,31385.365500000004,1504.0,580.0,60699.625499999995
base,0.28500000000000003,752,0.005869130869130869,0.9228723404255319,0.8232502965599051,0.8702194357366771,0.8871219605077321,27230.259999999995,31385.365500000004,1504.0,580.0,60699.625499999995
base,0.28600000000000003,752,0.005869130869130869,0.9228723404255319,0.8232502965599051,0.8702194357366771,0.8871219605077321,27230.259999999995,31385.365500000004,1504.0,580.0,60699.625499999995
base,0.28700000000000003,752,0.005869130869130869,0.9228723404255319,0.8232502965599051,0.8702194357366771,0.8871219605077321,27230.259999999995,31385.365500000004,1504.0,580.0,60699.625499999995
base,0.28800000000000003,752,0.005869130869130869,0.9228723404255319,0.8232502965599051,0.8702194357366771,0.8871219605077321,27230.259999999995,31385.365500000004,1504.0,580.0,60699.625499999995
base,0.28900000000000003,752,0.005869130869130869,0.9228723404255319,0.8232502965599051,0.8702194357366771,0.8871219605077321,27230.259999999995,31385.365500000004,1504.0,580.0,60699.625499999995
base,0.29,752,0.005869130869130869,0.9228723404255319,0.8232502965599051,0.8702194357366771,0.8871219605077321,27230.259999999995,31385.365500000004,1504.0,580.0,60699.625499999995
base,0.291,752,0.005869130869130869,0.9228723404255319,0.8232502965599051,0.8702194357366771,0.8871219605077321,27230.259999999995,31385.365500000004,1504.0,580.0,60699.625499999995
base,0.292,752,0.005869130869130869,0.9228723404255319,0.8232502965599051,0.8702194357366771,0.8871219605077321,27230.259999999995,31385.365500000004,1504.0,580.0,60699.625499999995
base,0.293,752,0.005869130869130869,0.9228723404255319,0.8232502965599051,0.8702194357366771,0.8871219605077321,27230.259999999995,31385.365500000004,1504.0,580.0,60699.625499999995
base,0.294,752,0.005869130869130869,0.9228723404255319,0.8232502965599051,0.8702194357366771,0.8871219605077321,27230.259999999995,31385.365500000004,1504.0,580.0,60699.625499999995
base,0.295,752,0.005869130869130869,0.9228723404255319,0.8232502965599051,0.8702194357366771,0.8871219605077321,27230.259999999995,31385.365500000004,1504.0,580.0,60699.625499999995
base,0.296,752,0.005869130869130869,0.9228723404255319,0.8232502965599051,0.8702194357366771,0.8871219605077321,27230.259999999995,31385.365500000004,1504.0,580.0,60699.625499999995
base,0.297,752,0.005869130869130869,0.9228723404255319,0.8232502965599051,0.8702194357366771,0.8871219605077321,27230.259999999995,31385.365500000004,1504.0,580.0,60699.625499999995
base,0.298,752,0.005869130869130869,0.9228723404255319,0.8232502965599051,0.8702194357366771,0.8871219605077321,27230.259999999995,31385.365500000004,1504.0,580.0,60699.625499999995
base,0.299,752,0.005869130869130869,0.9228723404255319,0.8232502965599051,0.8702194357366771,0.8871219605077321,27230.259999999995,31385.365500000004,1504.0,580.0,60699.625499999995
base,0.3,752,0.005869130869130869,0.9228723404255319,0.8232502965599051,0.8702194357366771,0.8871219605077321,27230.259999999995,31385.365500000004,1504.0,580.0,60699.625499999995
base,0.301,752,0.005869130869130869,0.9228723404255319,0.8232502965599051,0.8702194357366771,0.8871219605077321,27230.259999999995,31385.365500000004,1504.0,580.0,60699.625499999995
base,0.302,751,0.005861326173826174,0.9241011984021305,0.8232502965599051,0.8707653701380176,0.8871219605077321,27230.259999999995,31385.365500000004,1502.0,570.0,60687.625499999995
base,0.303,751,0.005861326173826174,0.9241011984021305,0.8232502965599051,0.8707653701380176,0.8871219605077321,27230.259999999995,31385.365500000004,1502.0,570.0,60687.625499999995
base,0.304,751,0.005861326173826174,0.9241011984021305,0.8232502965599051,0.8707653701380176,0.8871219605077321,27230.259999999995,31385.365500000004,1502.0,570.0,60687.625499999995
base,0.305,751,0.005861326173826174,0.9241011984021305,0.8232502965599051,0.8707653701380176,0.8871219605077321,27230.259999999995,31385.365500000004,1502.0,570.0,60687.625499999995
base,0.306,751,0.005861326173826174,0.9241011984021305,0.8232502965599051,0.8707653701380176,0.8871219605077321,27230.259999999995,31385.365500000004,1502.0,570.0,60687.625499999995
base,0.307,751,0.005861326173826174,0.9241011984021305,0.8232502965599051,0.8707653701380176,0.8871219605077321,27230.259999999995,31385.365500000004,1502.0,570.0,60687.625499999995
base,0.308,751,0.005861326173826174,0.9241011984021305,0.8232502965599051,0.8707653701380176,0.8871219605077321,27230.259999999995,31385.365500000004,1502.0,570.0,60687.625499999995
base,0.309,751,0.005861326173826174,0.9241011984021305,0.8232502965599051,0.8707653701380176,0.8871219605077321,27230.259999999995,31385.365500000004,1502.0,570.0,60687.625499999995
base,0.31,751,0.005861326173826174,0.9241011984021305,0.8232502965599051,0.8707653701380176,0.8871219605077321,27230.259999999995,31385.365500000004,1502.0,570.0,60687.625499999995
base,0.311,751,0.005861326173826174,0.9241011984021305,0.8232502965599051,0.8707653701380176,0.8871219605077321,27230.259999999995,31385.365500000004,1502.0,570.0,60687.625499999995
base,0.312,751,0.005861326173826174,0.9241011984021305,0.8232502965599051,0.8707653701380176,0.8871219605077321,27230.259999999995,31385.365500000004,1502.0,570.0,60687.625499999995
base,0.313,751,0.005861326173826174,0.9241011984021305,0.8232502965599051,0.8707653701380176,0.8871219605077321,27230.259999999995,31385.365500000004,1502.0,570.0,60687.625499999995
base,0.314,751,0.005861326173826174,0.9241011984021305,0.8232502965599051,0.8707653701380176,0.8871219605077321,27230.259999999995,31385.365500000004,1502.0,570.0,60687.625499999995
base,0.315,751,0.005861326173826174,0.9241011984021305,0.8232502965599051,0.8707653701380176,0.8871219605077321,27230.259999999995,31385.365500000004,1502.0,570.0,60687.625499999995
base,0.316,743,0.005798888611388611,0.9300134589502019,0.8196915776986952,0.8713745271122321,0.8844311138024987,27873.870000000003,31288.824000000004,1486.0,520.0,61168.694
base,0.317,743,0.005798888611388611,0.9300134589502019,0.8196915776986952,0.8713745271122321,0.8844311138024987,27873.870000000003,31288.824000000004,1486.0,520.0,61168.694
base,0.318,743,0.005798888611388611,0.9300134589502019,0.8196915776986952,0.8713745271122321,0.8844311138024987,27873.870000000003,31288.824000000004,1486.0,520.0,61168.694
base,0.319,743,0.005798888611388611,0.9300134589502019,0.8196915776986952,0.8713745271122321,0.8844311138024987,27873.870000000003,31288.824000000004,1486.0,520.0,61168.694
base,0.32,743,0.005798888611388611,0.9300134589502019,0.8196915776986952,0.8713745271122321,0.8844311138024987,27873.870000000003,31288.824000000004,1486.0,520.0,61168.694
base,0.321,743,0.005798888611388611,0.9300134589502019,0.8196915776986952,0.8713745271122321,0.8844311138024987,27873.870000000003,31288.824000000004,1486.0,520.0,61168.694
base,0.322,743,0.005798888611388611,0.9300134589502019,0.8196915776986952,0.8713745271122321,0.8844311138024987,27873.870000000003,31288.824000000004,1486.0,520.0,61168.694
base,0.323,743,0.005798888611388611,0.9300134589502019,0.8196915776986952,0.8713745271122321,0.8844311138024987,27873.870000000003,31288.824000000004,1486.0,520.0,61168.694
base,0.324,743,0.005798888611388611,0.9300134589502019,0.8196915776986952,0.8713745271122321,0.8844311138024987,27873.870000000003,31288.824000000004,1486.0,520.0,61168.694
base,0.325,743,0.005798888611388611,0.9300134589502019,0.8196915776986952,0.8713745271122321,0.8844311138024987,27873.870000000003,31288.824000000004,1486.0,520.0,61168.694
base,0.326,743,0.005798888611388611,0.9300134589502019,0.8196915776986952,0.8713745271122321,0.8844311138024987,27873.870000000003,31288.824000000004,1486.0,520.0,61168.694
base,0.327,743,0.005798888611388611,0.9300134589502019,0.8196915776986952,0.8713745271122321,0.8844311138024987,27873.870000000003,31288.824000000004,1486.0,520.0,61168.694
base,0.328,743,0.005798888611388611,0.9300134589502019,0.8196915776986952,0.8713745271122321,0.8844311138024987,27873.870000000003,31288.824000000004,1486.0,520.0,61168.694
base,0.329,743,0.005798888611388611,0.9300134589502019,0.8196915776986952,0.8713745271122321,0.8844311138024987,27873.870000000003,31288.824000000004,1486.0,520.0,61168.694
base,0.33,743,0.005798888611388611,0.9300134589502019,0.8196915776986952,0.8713745271122321,0.8844311138024987,27873.870000000003,31288.824000000004,1486.0,520.0,61168.694
base,0.331,743,0.005798888611388611,0.9300134589502019,0.8196915776986952,0.8713745271122321,0.8844311138024987,27873.870000000003,31288.824000000004,1486.0,520.0,61168.694
base,0.332,743,0.005798888611388611,0.9300134589502019,0.8196915776986952,0.8713745271122321,0.8844311138024987,27873.870000000003,31288.824000000004,1486.0,520.0,61168.694
base,0.333,743,0.005798888611388611,0.9300134589502019,0.8196915776986952,0.8713745271122321,0.8844311138024987,27873.870000000003,31288.824000000004,1486.0,520.0,61168.694
base,0.334,740,0.005775474525474525,0.9310810810810811,0.8173190984578885,0.8704990524320909,0.8818497234844863,28482.519999999997,31197.526500000007,1480.0,510.0,61670.046500000004
base,0.335,740,0.005775474525474525,0.9310810810810811,0.8173190984578885,0.8704990524320909,0.8818497234844863,28482.519999999997,31197.526500000007,1480.0,510.0,61670.046500000004
base,0.336,740,0.005775474525474525,0.9310810810810811,0.8173190984578885,0.8704990524320909,0.8818497234844863,28482.519999999997,31197.526500000007,1480.0,510.0,61670.046500000004
base,0.337,740,0.005775474525474525,0.9310810810810811,0.8173190984578885,0.8704990524320909,0.8818497234844863,28482.519999999997,31197.526500000007,1480.0,510.0,61670.046500000004
base,0.338,740,0.005775474525474525,0.9310810810810811,0.8173190984578885,0.8704990524320909,0.8818497234844863,28482.519999999997,31197.526500000007,1480.0,510.0,61670.046500000004
base,0.339,740,0.005775474525474525,0.9310810810810811,0.8173190984578885,0.8704990524320909,0.8818497234844863,28482.519999999997,31197.526500000007,1480.0,510.0,61670.046500000004
base,0.34,740,0.005775474525474525,0.9310810810810811,0.8173190984578885,0.8704990524320909,0.8818497234844863,28482.519999999997,31197.526500000007,1480.0,510.0,61670.046500000004
base,0.341,740,0.005775474525474525,0.9310810810810811,0.8173190984578885,0.8704990524320909,0.8818497234844863,28482.519999999997,31197.526500000007,1480.0,510.0,61670.046500000004
base,0.342,740,0.005775474525474525,0.9310810810810811,0.8173190984578885,0.8704990524320909,0.8818497234844863,28482.519999999997,31197.526500000007,1480.0,510.0,61670.046500000004
base,0.343,740,0.005775474525474525,0.9310810810810811,0.8173190984578885,0.8704990524320909,0.8818497234844863,28482.519999999997,31197.526500000007,1480.0,510.0,61670.046500000004
base,0.34400000000000003,740,0.005775474525474525,0.9310810810810811,0.8173190984578885,0.8704990524320909,0.8818497234844863,28482.519999999997,31197.526500000007,1480.0,510.0,61670.046500000004
base,0.34500000000000003,740,0.005775474525474525,0.9310810810810811,0.8173190984578885,0.8704990524320909,0.8818497234844863,28482.519999999997,31197.526500000007,1480.0,510.0,61670.046500000004
base,0.34600000000000003,740,0.005775474525474525,0.9310810810810811,0.8173190984578885,0.8704990524320909,0.8818497234844863,28482.519999999997,31197.526500000007,1480.0,510.0,61670.046500000004
base,0.34700000000000003,740,0.005775474525474525,0.9310810810810811,0.8173190984578885,0.8704990524320909,0.8818497234844863,28482.519999999997,31197.526500000007,1480.0,510.0,61670.046500000004
base,0.34800000000000003,740,0.005775474525474525,0.9310810810810811,0.8173190984578885,0.8704990524320909,0.8818497234844863,28482.519999999997,31197.526500000007,1480.0,510.0,61670.046500000004
base,0.34900000000000003,740,0.005775474525474525,0.9310810810810811,0.8173190984578885,0.8704990524320909,0.8818497234844863,28482.519999999997,31197.526500000007,1480.0,510.0,61670.046500000004
base,0.35000000000000003,740,0.005775474525474525,0.9310810810810811,0.8173190984578885,0.8704990524320909,0.8818497234844863,28482.519999999997,31197.526500000007,1480.0,510.0,61670.046500000004
base,0.35100000000000003,740,0.005775474525474525,0.9310810810810811,0.8173190984578885,0.8704990524320909,0.8818497234844863,28482.519999999997,31197.526500000007,1480.0,510.0,61670.046500000004
base,0.35200000000000004,740,0.005775474525474525,0.9310810810810811,0.8173190984578885,0.8704990524320909,0.8818497234844863,28482.519999999997,31197.526500000007,1480.0,510.0,61670.046500000004
base,0.353,740,0.005775474525474525,0.9310810810810811,0.8173190984578885,0.8704990524320909,0.8818497234844863,28482.519999999997,31197.526500000007,1480.0,510.0,61670.046500000004
base,0.354,740,0.005775474525474525,0.9310810810810811,0.8173190984578885,0.8704990524320909,0.8818497234844863,28482.519999999997,31197.526500000007,1480.0,510.0,61670.046500000004
base,0.355,740,0.005775474525474525,0.9310810810810811,0.8173190984578885,0.8704990524320909,0.8818497234844863,28482.519999999997,31197.526500000007,1480.0,510.0,61670.046500000004
base,0.356,740,0.005775474525474525,0.9310810810810811,0.8173190984578885,0.8704990524320909,0.8818497234844863,28482.519999999997,31197.526500000007,1480.0,510.0,61670.046500000004
base,0.357,740,0.005775474525474525,0.9310810810810811,0.8173190984578885,0.8704990524320909,0.8818497234844863,28482.519999999997,31197.526500000007,1480.0,510.0,61670.046500000004
base,0.358,740,0.005775474525474525,0.9310810810810811,0.8173190984578885,0.8704990524320909,0.8818497234844863,28482.519999999997,31197.526500000007,1480.0,510.0,61670.046500000004
base,0.359,740,0.005775474525474525,0.9310810810810811,0.8173190984578885,0.8704990524320909,0.8818497234844863,28482.519999999997,31197.526500000007,1480.0,510.0,61670.046500000004
base,0.36,740,0.005775474525474525,0.9310810810810811,0.8173190984578885,0.8704990524320909,0.8818497234844863,28482.519999999997,31197.526500000007,1480.0,510.0,61670.046500000004
base,0.361,740,0.005775474525474525,0.9310810810810811,0.8173190984578885,0.8704990524320909,0.8818497234844863,28482.519999999997,31197.526500000007,1480.0,510.0,61670.046500000004
base,0.362,740,0.005775474525474525,0.9310810810810811,0.8173190984578885,0.8704990524320909,0.8818497234844863,28482.519999999997,31197.526500000007,1480.0,510.0,61670.046500000004
base,0.363,740,0.005775474525474525,0.9310810810810811,0.8173190984578885,0.8704990524320909,0.8818497234844863,28482.519999999997,31197.526500000007,1480.0,510.0,61670.046500000004
base,0.364,740,0.005775474525474525,0.9310810810810811,0.8173190984578885,0.8704990524320909,0.8818497234844863,28482.519999999997,31197.526500000007,1480.0,510.0,61670.046500000004
base,0.365,740,0.005775474525474525,0.9310810810810811,0.8173190984578885,0.8704990524320909,0.8818497234844863,28482.519999999997,31197.526500000007,1480.0,510.0,61670.046500000004
base,0.366,740,0.005775474525474525,0.9310810810810811,0.8173190984578885,0.8704990524320909,0.8818497234844863,28482.519999999997,31197.526500000007,1480.0,510.0,61670.046500000004
base,0.367,740,0.005775474525474525,0.9310810810810811,0.8173190984578885,0.8704990524320909,0.8818497234844863,28482.519999999997,31197.526500000007,1480.0,510.0,61670.046500000004
base,0.368,740,0.005775474525474525,0.9310810810810811,0.8173190984578885,0.8704990524320909,0.8818497234844863,28482.519999999997,31197.526500000007,1480.0,510.0,61670.046500000004
base,0.369,740,0.005775474525474525,0.9310810810810811,0.8173190984578885,0.8704990524320909,0.8818497234844863,28482.519999999997,31197.526500000007,1480.0,510.0,61670.046500000004
base,0.37,740,0.005775474525474525,0.9310810810810811,0.8173190984578885,0.8704990524320909,0.8818497234844863,28482.519999999997,31197.526500000007,1480.0,510.0,61670.046500000004
base,0.371,740,0.005775474525474525,0.9310810810810811,0.8173190984578885,0.8704990524320909,0.8818497234844863,28482.519999999997,31197.526500000007,1480.0,510.0,61670.046500000004
base,0.372,740,0.005775474525474525,0.9310810810810811,0.8173190984578885,0.8704990524320909,0.8818497234844863,28482.519999999997,31197.526500000007,1480.0,510.0,61670.046500000004
base,0.373,740,0.005775474525474525,0.9310810810810811,0.8173190984578885,0.8704990524320909,0.8818497234844863,28482.519999999997,31197.526500000007,1480.0,510.0,61670.046500000004
base,0.374,740,0.005775474525474525,0.9310810810810811,0.8173190984578885,0.8704990524320909,0.8818497234844863,28482.519999999997,31197.526500000007,1480.0,510.0,61670.046500000004
base,0.375,740,0.005775474525474525,0.9310810810810811,0.8173190984578885,0.8704990524320909,0.8818497234844863,28482.519999999997,31197.526500000007,1480.0,510.0,61670.046500000004
base,0.376,740,0.005775474525474525,0.9310810810810811,0.8173190984578885,0.8704990524320909,0.8818497234844863,28482.519999999997,31197.526500000007,1480.0,510.0,61670.046500000004
base,0.377,740,0.005775474525474525,0.9310810810810811,0.8173190984578885,0.8704990524320909,0.8818497234844863,28482.519999999997,31197.526500000007,1480.0,510.0,61670.046500000004
base,0.378,740,0.005775474525474525,0.9310810810810811,0.8173190984578885,0.8704990524320909,0.8818497234844863,28482.519999999997,31197.526500000007,1480.0,510.0,61670.046500000004
base,0.379,740,0.005775474525474525,0.9310810810810811,0.8173190984578885,0.8704990524320909,0.8818497234844863,28482.519999999997,31197.526500000007,1480.0,510.0,61670.046500000004
base,0.38,740,0.005775474525474525,0.9310810810810811,0.8173190984578885,0.8704990524320909,0.8818497234844863,28482.519999999997,31197.526500000007,1480.0,510.0,61670.046500000004
base,0.381,740,0.005775474525474525,0.9310810810810811,0.8173190984578885,0.8704990524320909,0.8818497234844863,28482.519999999997,31197.526500000007,1480.0,510.0,61670.046500000004
base,0.382,740,0.005775474525474525,0.9310810810810811,0.8173190984578885,0.8704990524320909,0.8818497234844863,28482.519999999997,31197.526500000007,1480.0,510.0,61670.046500000004
base,0.383,740,0.005775474525474525,0.9310810810810811,0.8173190984578885,0.8704990524320909,0.8818497234844863,28482.519999999997,31197.526500000007,1480.0,510.0,61670.046500000004
base,0.384,740,0.005775474525474525,0.9310810810810811,0.8173190984578885,0.8704990524320909,0.8818497234844863,28482.519999999997,31197.526500000007,1480.0,510.0,61670.046500000004
base,0.385,740,0.005775474525474525,0.9310810810810811,0.8173190984578885,0.8704990524320909,0.8818497234844863,28482.519999999997,31197.526500000007,1480.0,510.0,61670.046500000004
base,0.386,740,0.005775474525474525,0.9310810810810811,0.8173190984578885,0.8704990524320909,0.8818497234844863,28482.519999999997,31197.526500000007,1480.0,510.0,61670.046500000004
base,0.387,740,0.005775474525474525,0.9310810810810811,0.8173190984578885,0.8704990524320909,0.8818497234844863,28482.519999999997,31197.526500000007,1480.0,510.0,61670.046500000004
base,0.388,740,0.005775474525474525,0.9310810810810811,0.8173190984578885,0.8704990524320909,0.8818497234844863,28482.519999999997,31197.526500000007,1480.0,510.0,61670.046500000004
base,0.389,740,0.005775474525474525,0.9310810810810811,0.8173190984578885,0.8704990524320909,0.8818497234844863,28482.519999999997,31197.526500000007,1480.0,510.0,61670.046500000004
base,0.39,740,0.005775474525474525,0.9310810810810811,0.8173190984578885,0.8704990524320909,0.8818497234844863,28482.519999999997,31197.526500000007,1480.0,510.0,61670.046500000004
base,0.391,740,0.005775474525474525,0.9310810810810811,0.8173190984578885,0.8704990524320909,0.8818497234844863,28482.519999999997,31197.526500000007,1480.0,510.0,61670.046500000004
base,0.392,740,0.005775474525474525,0.9310810810810811,0.8173190984578885,0.8704990524320909,0.8818497234844863,28482.519999999997,31197.526500000007,1480.0,510.0,61670.046500000004
base,0.393,740,0.005775474525474525,0.9310810810810811,0.8173190984578885,0.8704990524320909,0.8818497234844863,28482.519999999997,31197.526500000007,1480.0,510.0,61670.046500000004
base,0.394,740,0.005775474525474525,0.9310810810810811,0.8173190984578885,0.8704990524320909,0.8818497234844863,28482.519999999997,31197.526500000007,1480.0,510.0,61670.046500000004
base,0.395,740,0.005775474525474525,0.9310810810810811,0.8173190984578885,0.8704990524320909,0.8818497234844863,28482.519999999997,31197.526500000007,1480.0,510.0,61670.046500000004
base,0.396,740,0.005775474525474525,0.9310810810810811,0.8173190984578885,0.8704990524320909,0.8818497234844863,28482.519999999997,31197.526500000007,1480.0,510.0,61670.046500000004
base,0.397,740,0.005775474525474525,0.9310810810810811,0.8173190984578885,0.8704990524320909,0.8818497234844863,28482.519999999997,31197.526500000007,1480.0,510.0,61670.046500000004
base,0.398,740,0.005775474525474525,0.9310810810810811,0.8173190984578885,0.8704990524320909,0.8818497234844863,28482.519999999997,31197.526500000007,1480.0,510.0,61670.046500000004
base,0.399,740,0.005775474525474525,0.9310810810810811,0.8173190984578885,0.8704990524320909,0.8818497234844863,28482.519999999997,31197.526500000007,1480.0,510.0,61670.046500000004
base,0.4,740,0.005775474525474525,0.9310810810810811,0.8173190984578885,0.8704990524320909,0.8818497234844863,28482.519999999997,31197.526500000007,1480.0,510.0,61670.046500000004
base,0.401,740,0.005775474525474525,0.9310810810810811,0.8173190984578885,0.8704990524320909,0.8818497234844863,28482.519999999997,31197.526500000007,1480.0,510.0,61670.046500000004
base,0.402,740,0.005775474525474525,0.9310810810810811,0.8173190984578885,0.8704990524320909,0.8818497234844863,28482.519999999997,31197.526500000007,1480.0,510.0,61670.046500000004
base,0.403,740,0.005775474525474525,0.9310810810810811,0.8173190984578885,0.8704990524320909,0.8818497234844863,28482.519999999997,31197.526500000007,1480.0,510.0,61670.046500000004
base,0.404,740,0.005775474525474525,0.9310810810810811,0.8173190984578885,0.8704990524320909,0.8818497234844863,28482.519999999997,31197.526500000007,1480.0,510.0,61670.046500000004
base,0.405,740,0.005775474525474525,0.9310810810810811,0.8173190984578885,0.8704990524320909,0.8818497234844863,28482.519999999997,31197.526500000007,1480.0,510.0,61670.046500000004
base,0.406,740,0.005775474525474525,0.9310810810810811,0.8173190984578885,0.8704990524320909,0.8818497234844863,28482.519999999997,31197.526500000007,1480.0,510.0,61670.046500000004
base,0.40700000000000003,740,0.005775474525474525,0.9310810810810811,0.8173190984578885,0.8704990524320909,0.8818497234844863,28482.519999999997,31197.526500000007,1480.0,510.0,61670.046500000004
base,0.40800000000000003,740,0.005775474525474525,0.9310810810810811,0.8173190984578885,0.8704990524320909,0.8818497234844863,28482.519999999997,31197.526500000007,1480.0,510.0,61670.046500000004
base,0.40900000000000003,740,0.005775474525474525,0.9310810810810811,0.8173190984578885,0.8704990524320909,0.8818497234844863,28482.519999999997,31197.526500000007,1480.0,510.0,61670.046500000004
base,0.41000000000000003,740,0.005775474525474525,0.9310810810810811,0.8173190984578885,0.8704990524320909,0.8818497234844863,28482.519999999997,31197.526500000007,1480.0,510.0,61670.046500000004
base,0.41100000000000003,740,0.005775474525474525,0.9310810810810811,0.8173190984578885,0.8704990524320909,0.8818497234844863,28482.519999999997,31197.526500000007,1480.0,510.0,61670.046500000004
base,0.41200000000000003,740,0.005775474525474525,0.9310810810810811,0.8173190984578885,0.8704990524320909,0.8818497234844863,28482.519999999997,31197.526500000007,1480.0,510.0,61670.046500000004
base,0.41300000000000003,740,0.005775474525474525,0.9310810810810811,0.8173190984578885,0.8704990524320909,0.8818497234844863,28482.519999999997,31197.526500000007,1480.0,510.0,61670.046500000004
base,0.41400000000000003,740,0.005775474525474525,0.9310810810810811,0.8173190984578885,0.8704990524320909,0.8818497234844863,28482.519999999997,31197.526500000007,1480.0,510.0,61670.046500000004
base,0.41500000000000004,740,0.005775474525474525,0.9310810810810811,0.8173190984578885,0.8704990524320909,0.8818497234844863,28482.519999999997,31197.526500000007,1480.0,510.0,61670.046500000004
base,0.41600000000000004,740,0.005775474525474525,0.9310810810810811,0.8173190984578885,0.8704990524320909,0.8818497234844863,28482.519999999997,31197.526500000007,1480.0,510.0,61670.046500000004
base,0.41700000000000004,740,0.005775474525474525,0.9310810810810811,0.8173190984578885,0.8704990524320909,0.8818497234844863,28482.519999999997,31197.526500000007,1480.0,510.0,61670.046500000004
base,0.418,740,0.005775474525474525,0.9310810810810811,0.8173190984578885,0.8704990524320909,0.8818497234844863,28482.519999999997,31197.526500000007,1480.0,510.0,61670.046500000004
base,0.419,740,0.005775474525474525,0.9310810810810811,0.8173190984578885,0.8704990524320909,0.8818497234844863,28482.519999999997,31197.526500000007,1480.0,510.0,61670.046500000004
base,0.42,740,0.005775474525474525,0.9310810810810811,0.8173190984578885,0.8704990524320909,0.8818497234844863,28482.519999999997,31197.526500000007,1480.0,510.0,61670.046500000004
base,0.421,740,0.005775474525474525,0.9310810810810811,0.8173190984578885,0.8704990524320909,0.8818497234844863,28482.519999999997,31197.526500000007,1480.0,510.0,61670.046500000004
base,0.422,740,0.005775474525474525,0.9310810810810811,0.8173190984578885,0.8704990524320909,0.8818497234844863,28482.519999999997,31197.526500000007,1480.0,510.0,61670.046500000004
base,0.423,740,0.005775474525474525,0.9310810810810811,0.8173190984578885,0.8704990524320909,0.8818497234844863,28482.519999999997,31197.526500000007,1480.0,510.0,61670.046500000004
base,0.424,740,0.005775474525474525,0.9310810810810811,0.8173190984578885,0.8704990524320909,0.8818497234844863,28482.519999999997,31197.526500000007,1480.0,510.0,61670.046500000004
base,0.425,740,0.005775474525474525,0.9310810810810811,0.8173190984578885,0.8704990524320909,0.8818497234844863,28482.519999999997,31197.526500000007,1480.0,510.0,61670.046500000004
base,0.426,740,0.005775474525474525,0.9310810810810811,0.8173190984578885,0.8704990524320909,0.8818497234844863,28482.519999999997,31197.526500000007,1480.0,510.0,61670.046500000004
base,0.427,740,0.005775474525474525,0.9310810810810811,0.8173190984578885,0.8704990524320909,0.8818497234844863,28482.519999999997,31197.526500000007,1480.0,510.0,61670.046500000004
base,0.428,740,0.005775474525474525,0.9310810810810811,0.8173190984578885,0.8704990524320909,0.8818497234844863,28482.519999999997,31197.526500000007,1480.0,510.0,61670.046500000004
base,0.429,740,0.005775474525474525,0.9310810810810811,0.8173190984578885,0.8704990524320909,0.8818497234844863,28482.519999999997,31197.526500000007,1480.0,510.0,61670.046500000004
base,0.43,740,0.005775474525474525,0.9310810810810811,0.8173190984578885,0.8704990524320909,0.8818497234844863,28482.519999999997,31197.526500000007,1480.0,510.0,61670.046500000004
base,0.431,740,0.005775474525474525,0.9310810810810811,0.8173190984578885,0.8704990524320909,0.8818497234844863,28482.519999999997,31197.526500000007,1480.0,510.0,61670.046500000004
base,0.432,740,0.005775474525474525,0.9310810810810811,0.8173190984578885,0.8704990524320909,0.8818497234844863,28482.519999999997,31197.526500000007,1480.0,510.0,61670.046500000004
base,0.433,740,0.005775474525474525,0.9310810810810811,0.8173190984578885,0.8704990524320909,0.8818497234844863,28482.519999999997,31197.526500000007,1480.0,510.0,61670.046500000004
base,0.434,740,0.005775474525474525,0.9310810810810811,0.8173190984578885,0.8704990524320909,0.8818497234844863,28482.519999999997,31197.526500000007,1480.0,510.0,61670.046500000004
base,0.435,740,0.005775474525474525,0.9310810810810811,0.8173190984578885,0.8704990524320909,0.8818497234844863,28482.519999999997,31197.526500000007,1480.0,510.0,61670.046500000004
base,0.436,740,0.005775474525474525,0.9310810810810811,0.8173190984578885,0.8704990524320909,0.8818497234844863,28482.519999999997,31197.526500000007,1480.0,510.0,61670.046500000004
base,0.437,740,0.005775474525474525,0.9310810810810811,0.8173190984578885,0.8704990524320909,0.8818497234844863,28482.519999999997,31197.526500000007,1480.0,510.0,61670.046500000004
base,0.438,740,0.005775474525474525,0.9310810810810811,0.8173190984578885,0.8704990524320909,0.8818497234844863,28482.519999999997,31197.526500000007,1480.0,510.0,61670.046500000004
base,0.439,740,0.005775474525474525,0.9310810810810811,0.8173190984578885,0.8704990524320909,0.8818497234844863,28482.519999999997,31197.526500000007,1480.0,510.0,61670.046500000004
base,0.44,740,0.005775474525474525,0.9310810810810811,0.8173190984578885,0.8704990524320909,0.8818497234844863,28482.519999999997,31197.526500000007,1480.0,510.0,61670.046500000004
base,0.441,740,0.005775474525474525,0.9310810810810811,0.8173190984578885,0.8704990524320909,0.8818497234844863,28482.519999999997,31197.526500000007,1480.0,510.0,61670.046500000004
base,0.442,740,0.005775474525474525,0.9310810810810811,0.8173190984578885,0.8704990524320909,0.8818497234844863,28482.519999999997,31197.526500000007,1480.0,510.0,61670.046500000004
base,0.443,740,0.005775474525474525,0.9310810810810811,0.8173190984578885,0.8704990524320909,0.8818497234844863,28482.519999999997,31197.526500000007,1480.0,510.0,61670.046500000004
base,0.444,740,0.005775474525474525,0.9310810810810811,0.8173190984578885,0.8704990524320909,0.8818497234844863,28482.519999999997,31197.526500000007,1480.0,510.0,61670.046500000004
base,0.445,740,0.005775474525474525,0.9310810810810811,0.8173190984578885,0.8704990524320909,0.8818497234844863,28482.519999999997,31197.526500000007,1480.0,510.0,61670.046500000004
base,0.446,740,0.005775474525474525,0.9310810810810811,0.8173190984578885,0.8704990524320909,0.8818497234844863,28482.519999999997,31197.526500000007,1480.0,510.0,61670.046500000004
base,0.447,740,0.005775474525474525,0.9310810810810811,0.8173190984578885,0.8704990524320909,0.8818497234844863,28482.519999999997,31197.526500000007,1480.0,510.0,61670.046500000004
base,0.448,740,0.005775474525474525,0.9310810810810811,0.8173190984578885,0.8704990524320909,0.8818497234844863,28482.519999999997,31197.526500000007,1480.0,510.0,61670.046500000004
base,0.449,740,0.005775474525474525,0.9310810810810811,0.8173190984578885,0.8704990524320909,0.8818497234844863,28482.519999999997,31197.526500000007,1480.0,510.0,61670.046500000004
base,0.45,740,0.005775474525474525,0.9310810810810811,0.8173190984578885,0.8704990524320909,0.8818497234844863,28482.519999999997,31197.526500000007,1480.0,510.0,61670.046500000004
base,0.451,740,0.005775474525474525,0.9310810810810811,0.8173190984578885,0.8704990524320909,0.8818497234844863,28482.519999999997,31197.526500000007,1480.0,510.0,61670.046500000004
base,0.452,740,0.005775474525474525,0.9310810810810811,0.8173190984578885,0.8704990524320909,0.8818497234844863,28482.519999999997,31197.526500000007,1480.0,510.0,61670.046500000004
base,0.453,740,0.005775474525474525,0.9310810810810811,0.8173190984578885,0.8704990524320909,0.8818497234844863,28482.519999999997,31197.526500000007,1480.0,510.0,61670.046500000004
base,0.454,740,0.005775474525474525,0.9310810810810811,0.8173190984578885,0.8704990524320909,0.8818497234844863,28482.519999999997,31197.526500000007,1480.0,510.0,61670.046500000004
base,0.455,740,0.005775474525474525,0.9310810810810811,0.8173190984578885,0.8704990524320909,0.8818497234844863,28482.519999999997,31197.526500000007,1480.0,510.0,61670.046500000004
base,0.456,740,0.005775474525474525,0.9310810810810811,0.8173190984578885,0.8704990524320909,0.8818497234844863,28482.519999999997,31197.526500000007,1480.0,510.0,61670.046500000004
base,0.457,740,0.005775474525474525,0.9310810810810811,0.8173190984578885,0.8704990524320909,0.8818497234844863,28482.519999999997,31197.526500000007,1480.0,510.0,61670.046500000004
base,0.458,740,0.005775474525474525,0.9310810810810811,0.8173190984578885,0.8704990524320909,0.8818497234844863,28482.519999999997,31197.526500000007,1480.0,510.0,61670.046500000004
base,0.459,740,0.005775474525474525,0.9310810810810811,0.8173190984578885,0.8704990524320909,0.8818497234844863,28482.519999999997,31197.526500000007,1480.0,510.0,61670.046500000004
base,0.46,740,0.005775474525474525,0.9310810810810811,0.8173190984578885,0.8704990524320909,0.8818497234844863,28482.519999999997,31197.526500000007,1480.0,510.0,61670.046500000004
base,0.461,740,0.005775474525474525,0.9310810810810811,0.8173190984578885,0.8704990524320909,0.8818497234844863,28482.519999999997,31197.526500000007,1480.0,510.0,61670.046500000004
base,0.462,740,0.005775474525474525,0.9310810810810811,0.8173190984578885,0.8704990524320909,0.8818497234844863,28482.519999999997,31197.526500000007,1480.0,510.0,61670.046500000004
base,0.463,740,0.005775474525474525,0.9310810810810811,0.8173190984578885,0.8704990524320909,0.8818497234844863,28482.519999999997,31197.526500000007,1480.0,510.0,61670.046500000004
base,0.464,740,0.005775474525474525,0.9310810810810811,0.8173190984578885,0.8704990524320909,0.8818497234844863,28482.519999999997,31197.526500000007,1480.0,510.0,61670.046500000004
base,0.465,740,0.005775474525474525,0.9310810810810811,0.8173190984578885,0.8704990524320909,0.8818497234844863,28482.519999999997,31197.526500000007,1480.0,510.0,61670.046500000004
base,0.466,740,0.005775474525474525,0.9310810810810811,0.8173190984578885,0.8704990524320909,0.8818497234844863,28482.519999999997,31197.526500000007,1480.0,510.0,61670.046500000004
base,0.467,740,0.005775474525474525,0.9310810810810811,0.8173190984578885,0.8704990524320909,0.8818497234844863,28482.519999999997,31197.526500000007,1480.0,510.0,61670.046500000004
base,0.468,740,0.005775474525474525,0.9310810810810811,0.8173190984578885,0.8704990524320909,0.8818497234844863,28482.519999999997,31197.526500000007,1480.0,510.0,61670.046500000004
base,0.46900000000000003,740,0.005775474525474525,0.9310810810810811,0.8173190984578885,0.8704990524320909,0.8818497234844863,28482.519999999997,31197.526500000007,1480.0,510.0,61670.046500000004
base,0.47000000000000003,740,0.005775474525474525,0.9310810810810811,0.8173190984578885,0.8704990524320909,0.8818497234844863,28482.519999999997,31197.526500000007,1480.0,510.0,61670.046500000004
base,0.47100000000000003,740,0.005775474525474525,0.9310810810810811,0.8173190984578885,0.8704990524320909,0.8818497234844863,28482.519999999997,31197.526500000007,1480.0,510.0,61670.046500000004
base,0.47200000000000003,740,0.005775474525474525,0.9310810810810811,0.8173190984578885,0.8704990524320909,0.8818497234844863,28482.519999999997,31197.526500000007,1480.0,510.0,61670.046500000004
base,0.47300000000000003,740,0.005775474525474525,0.9310810810810811,0.8173190984578885,0.8704990524320909,0.8818497234844863,28482.519999999997,31197.526500000007,1480.0,510.0,61670.046500000004
base,0.47400000000000003,740,0.005775474525474525,0.9310810810810811,0.8173190984578885,0.8704990524320909,0.8818497234844863,28482.519999999997,31197.526500000007,1480.0,510.0,61670.046500000004
base,0.47500000000000003,740,0.005775474525474525,0.9310810810810811,0.8173190984578885,0.8704990524320909,0.8818497234844863,28482.519999999997,31197.526500000007,1480.0,510.0,61670.046500000004
base,0.47600000000000003,740,0.005775474525474525,0.9310810810810811,0.8173190984578885,0.8704990524320909,0.8818497234844863,28482.519999999997,31197.526500000007,1480.0,510.0,61670.046500000004
base,0.47700000000000004,740,0.005775474525474525,0.9310810810810811,0.8173190984578885,0.8704990524320909,0.8818497234844863,28482.519999999997,31197.526500000007,1480.0,510.0,61670.046500000004
base,0.47800000000000004,740,0.005775474525474525,0.9310810810810811,0.8173190984578885,0.8704990524320909,0.8818497234844863,28482.519999999997,31197.526500000007,1480.0,510.0,61670.046500000004
base,0.47900000000000004,740,0.005775474525474525,0.9310810810810811,0.8173190984578885,0.8704990524320909,0.8818497234844863,28482.519999999997,31197.526500000007,1480.0,510.0,61670.046500000004
base,0.48000000000000004,740,0.005775474525474525,0.9310810810810811,0.8173190984578885,0.8704990524320909,0.8818497234844863,28482.519999999997,31197.526500000007,1480.0,510.0,61670.046500000004
base,0.481,740,0.005775474525474525,0.9310810810810811,0.8173190984578885,0.8704990524320909,0.8818497234844863,28482.519999999997,31197.526500000007,1480.0,510.0,61670.046500000004
base,0.482,740,0.005775474525474525,0.9310810810810811,0.8173190984578885,0.8704990524320909,0.8818497234844863,28482.519999999997,31197.526500000007,1480.0,510.0,61670.046500000004
base,0.483,740,0.005775474525474525,0.9310810810810811,0.8173190984578885,0.8704990524320909,0.8818497234844863,28482.519999999997,31197.526500000007,1480.0,510.0,61670.046500000004
base,0.484,740,0.005775474525474525,0.9310810810810811,0.8173190984578885,0.8704990524320909,0.8818497234844863,28482.519999999997,31197.526500000007,1480.0,510.0,61670.046500000004
base,0.485,740,0.005775474525474525,0.9310810810810811,0.8173190984578885,0.8704990524320909,0.8818497234844863,28482.519999999997,31197.526500000007,1480.0,510.0,61670.046500000004
base,0.486,740,0.005775474525474525,0.9310810810810811,0.8173190984578885,0.8704990524320909,0.8818497234844863,28482.519999999997,31197.526500000007,1480.0,510.0,61670.046500000004
base,0.487,740,0.005775474525474525,0.9310810810810811,0.8173190984578885,0.8704990524320909,0.8818497234844863,28482.519999999997,31197.526500000007,1480.0,510.0,61670.046500000004
base,0.488,740,0.005775474525474525,0.9310810810810811,0.8173190984578885,0.8704990524320909,0.8818497234844863,28482.519999999997,31197.526500000007,1480.0,510.0,61670.046500000004
base,0.489,740,0.005775474525474525,0.9310810810810811,0.8173190984578885,0.8704990524320909,0.8818497234844863,28482.519999999997,31197.526500000007,1480.0,510.0,61670.046500000004
base,0.49,740,0.005775474525474525,0.9310810810810811,0.8173190984578885,0.8704990524320909,0.8818497234844863,28482.519999999997,31197.526500000007,1480.0,510.0,61670.046500000004
base,0.491,740,0.005775474525474525,0.9310810810810811,0.8173190984578885,0.8704990524320909,0.8818497234844863,28482.519999999997,31197.526500000007,1480.0,510.0,61670.046500000004
base,0.492,740,0.005775474525474525,0.9310810810810811,0.8173190984578885,0.8704990524320909,0.8818497234844863,28482.519999999997,31197.526500000007,1480.0,510.0,61670.046500000004
base,0.493,739,0.00576766983016983,0.93234100135318,0.8173190984578885,0.8710493046776233,0.8818497234844863,28482.519999999997,31197.526500000007,1478.0,500.0,61658.046500000004
base,0.494,739,0.00576766983016983,0.93234100135318,0.8173190984578885,0.8710493046776233,0.8818497234844863,28482.519999999997,31197.526500000007,1478.0,500.0,61658.046500000004
base,0.495,739,0.00576766983016983,0.93234100135318,0.8173190984578885,0.8710493046776233,0.8818497234844863,28482.519999999997,31197.526500000007,1478.0,500.0,61658.046500000004
base,0.496,739,0.00576766983016983,0.93234100135318,0.8173190984578885,0.8710493046776233,0.8818497234844863,28482.519999999997,31197.526500000007,1478.0,500.0,61658.046500000004
base,0.497,739,0.00576766983016983,0.93234100135318,0.8173190984578885,0.8710493046776233,0.8818497234844863,28482.519999999997,31197.526500000007,1478.0,500.0,61658.046500000004
base,0.498,739,0.00576766983016983,0.93234100135318,0.8173190984578885,0.8710493046776233,0.8818497234844863,28482.519999999997,31197.526500000007,1478.0,500.0,61658.046500000004
base,0.499,739,0.00576766983016983,0.93234100135318,0.8173190984578885,0.8710493046776233,0.8818497234844863,28482.519999999997,31197.526500000007,1478.0,500.0,61658.046500000004
base,0.5,739,0.00576766983016983,0.93234100135318,0.8173190984578885,0.8710493046776233,0.8818497234844863,28482.519999999997,31197.526500000007,1478.0,500.0,61658.046500000004
base,0.501,739,0.00576766983016983,0.93234100135318,0.8173190984578885,0.8710493046776233,0.8818497234844863,28482.519999999997,31197.526500000007,1478.0,500.0,61658.046500000004
base,0.502,739,0.00576766983016983,0.93234100135318,0.8173190984578885,0.8710493046776233,0.8818497234844863,28482.519999999997,31197.526500000007,1478.0,500.0,61658.046500000004
base,0.503,739,0.00576766983016983,0.93234100135318,0.8173190984578885,0.8710493046776233,0.8818497234844863,28482.519999999997,31197.526500000007,1478.0,500.0,61658.046500000004
base,0.504,739,0.00576766983016983,0.93234100135318,0.8173190984578885,0.8710493046776233,0.8818497234844863,28482.519999999997,31197.526500000007,1478.0,500.0,61658.046500000004
base,0.505,739,0.00576766983016983,0.93234100135318,0.8173190984578885,0.8710493046776233,0.8818497234844863,28482.519999999997,31197.526500000007,1478.0,500.0,61658.046500000004
base,0.506,739,0.00576766983016983,0.93234100135318,0.8173190984578885,0.8710493046776233,0.8818497234844863,28482.519999999997,31197.526500000007,1478.0,500.0,61658.046500000004
base,0.507,739,0.00576766983016983,0.93234100135318,0.8173190984578885,0.8710493046776233,0.8818497234844863,28482.519999999997,31197.526500000007,1478.0,500.0,61658.046500000004
base,0.508,739,0.00576766983016983,0.93234100135318,0.8173190984578885,0.8710493046776233,0.8818497234844863,28482.519999999997,31197.526500000007,1478.0,500.0,61658.046500000004
base,0.509,739,0.00576766983016983,0.93234100135318,0.8173190984578885,0.8710493046776233,0.8818497234844863,28482.519999999997,31197.526500000007,1478.0,500.0,61658.046500000004
base,0.51,739,0.00576766983016983,0.93234100135318,0.8173190984578885,0.8710493046776233,0.8818497234844863,28482.519999999997,31197.526500000007,1478.0,500.0,61658.046500000004
base,0.511,739,0.00576766983016983,0.93234100135318,0.8173190984578885,0.8710493046776233,0.8818497234844863,28482.519999999997,31197.526500000007,1478.0,500.0,61658.046500000004
base,0.512,739,0.00576766983016983,0.93234100135318,0.8173190984578885,0.8710493046776233,0.8818497234844863,28482.519999999997,31197.526500000007,1478.0,500.0,61658.046500000004
base,0.513,739,0.00576766983016983,0.93234100135318,0.8173190984578885,0.8710493046776233,0.8818497234844863,28482.519999999997,31197.526500000007,1478.0,500.0,61658.046500000004
base,0.514,739,0.00576766983016983,0.93234100135318,0.8173190984578885,0.8710493046776233,0.8818497234844863,28482.519999999997,31197.526500000007,1478.0,500.0,61658.046500000004
base,0.515,739,0.00576766983016983,0.93234100135318,0.8173190984578885,0.8710493046776233,0.8818497234844863,28482.519999999997,31197.526500000007,1478.0,500.0,61658.046500000004
base,0.516,739,0.00576766983016983,0.93234100135318,0.8173190984578885,0.8710493046776233,0.8818497234844863,28482.519999999997,31197.526500000007,1478.0,500.0,61658.046500000004
base,0.517,739,0.00576766983016983,0.93234100135318,0.8173190984578885,0.8710493046776233,0.8818497234844863,28482.519999999997,31197.526500000007,1478.0,500.0,61658.046500000004
base,0.518,739,0.00576766983016983,0.93234100135318,0.8173190984578885,0.8710493046776233,0.8818497234844863,28482.519999999997,31197.526500000007,1478.0,500.0,61658.046500000004
base,0.519,739,0.00576766983016983,0.93234100135318,0.8173190984578885,0.8710493046776233,0.8818497234844863,28482.519999999997,31197.526500000007,1478.0,500.0,61658.046500000004
base,0.52,739,0.00576766983016983,0.93234100135318,0.8173190984578885,0.8710493046776233,0.8818497234844863,28482.519999999997,31197.526500000007,1478.0,500.0,61658.046500000004
base,0.521,739,0.00576766983016983,0.93234100135318,0.8173190984578885,0.8710493046776233,0.8818497234844863,28482.519999999997,31197.526500000007,1478.0,500.0,61658.046500000004
base,0.522,739,0.00576766983016983,0.93234100135318,0.8173190984578885,0.8710493046776233,0.8818497234844863,28482.519999999997,31197.526500000007,1478.0,500.0,61658.046500000004
base,0.523,739,0.00576766983016983,0.93234100135318,0.8173190984578885,0.8710493046776233,0.8818497234844863,28482.519999999997,31197.526500000007,1478.0,500.0,61658.046500000004
base,0.524,739,0.00576766983016983,0.93234100135318,0.8173190984578885,0.8710493046776233,0.8818497234844863,28482.519999999997,31197.526500000007,1478.0,500.0,61658.046500000004
base,0.525,739,0.00576766983016983,0.93234100135318,0.8173190984578885,0.8710493046776233,0.8818497234844863,28482.519999999997,31197.526500000007,1478.0,500.0,61658.046500000004
base,0.526,739,0.00576766983016983,0.93234100135318,0.8173190984578885,0.8710493046776233,0.8818497234844863,28482.519999999997,31197.526500000007,1478.0,500.0,61658.046500000004
base,0.527,739,0.00576766983016983,0.93234100135318,0.8173190984578885,0.8710493046776233,0.8818497234844863,28482.519999999997,31197.526500000007,1478.0,500.0,61658.046500000004
base,0.528,739,0.00576766983016983,0.93234100135318,0.8173190984578885,0.8710493046776233,0.8818497234844863,28482.519999999997,31197.526500000007,1478.0,500.0,61658.046500000004
base,0.529,739,0.00576766983016983,0.93234100135318,0.8173190984578885,0.8710493046776233,0.8818497234844863,28482.519999999997,31197.526500000007,1478.0,500.0,61658.046500000004
base,0.53,739,0.00576766983016983,0.93234100135318,0.8173190984578885,0.8710493046776233,0.8818497234844863,28482.519999999997,31197.526500000007,1478.0,500.0,61658.046500000004
base,0.531,739,0.00576766983016983,0.93234100135318,0.8173190984578885,0.8710493046776233,0.8818497234844863,28482.519999999997,31197.526500000007,1478.0,500.0,61658.046500000004
base,0.532,739,0.00576766983016983,0.93234100135318,0.8173190984578885,0.8710493046776233,0.8818497234844863,28482.519999999997,31197.526500000007,1478.0,500.0,61658.046500000004
base,0.533,739,0.00576766983016983,0.93234100135318,0.8173190984578885,0.8710493046776233,0.8818497234844863,28482.519999999997,31197.526500000007,1478.0,500.0,61658.046500000004
base,0.534,739,0.00576766983016983,0.93234100135318,0.8173190984578885,0.8710493046776233,0.8818497234844863,28482.519999999997,31197.526500000007,1478.0,500.0,61658.046500000004
base,0.535,739,0.00576766983016983,0.93234100135318,0.8173190984578885,0.8710493046776233,0.8818497234844863,28482.519999999997,31197.526500000007,1478.0,500.0,61658.046500000004
base,0.536,739,0.00576766983016983,0.93234100135318,0.8173190984578885,0.8710493046776233,0.8818497234844863,28482.519999999997,31197.526500000007,1478.0,500.0,61658.046500000004
base,0.537,739,0.00576766983016983,0.93234100135318,0.8173190984578885,0.8710493046776233,0.8818497234844863,28482.519999999997,31197.526500000007,1478.0,500.0,61658.046500000004
base,0.538,739,0.00576766983016983,0.93234100135318,0.8173190984578885,0.8710493046776233,0.8818497234844863,28482.519999999997,31197.526500000007,1478.0,500.0,61658.046500000004
base,0.539,739,0.00576766983016983,0.93234100135318,0.8173190984578885,0.8710493046776233,0.8818497234844863,28482.519999999997,31197.526500000007,1478.0,500.0,61658.046500000004
base,0.54,739,0.00576766983016983,0.93234100135318,0.8173190984578885,0.8710493046776233,0.8818497234844863,28482.519999999997,31197.526500000007,1478.0,500.0,61658.046500000004
base,0.541,739,0.00576766983016983,0.93234100135318,0.8173190984578885,0.8710493046776233,0.8818497234844863,28482.519999999997,31197.526500000007,1478.0,500.0,61658.046500000004
base,0.542,739,0.00576766983016983,0.93234100135318,0.8173190984578885,0.8710493046776233,0.8818497234844863,28482.519999999997,31197.526500000007,1478.0,500.0,61658.046500000004
base,0.543,739,0.00576766983016983,0.93234100135318,0.8173190984578885,0.8710493046776233,0.8818497234844863,28482.519999999997,31197.526500000007,1478.0,500.0,61658.046500000004
base,0.544,739,0.00576766983016983,0.93234100135318,0.8173190984578885,0.8710493046776233,0.8818497234844863,28482.519999999997,31197.526500000007,1478.0,500.0,61658.046500000004
base,0.545,739,0.00576766983016983,0.93234100135318,0.8173190984578885,0.8710493046776233,0.8818497234844863,28482.519999999997,31197.526500000007,1478.0,500.0,61658.046500000004
base,0.546,739,0.00576766983016983,0.93234100135318,0.8173190984578885,0.8710493046776233,0.8818497234844863,28482.519999999997,31197.526500000007,1478.0,500.0,61658.046500000004
base,0.547,739,0.00576766983016983,0.93234100135318,0.8173190984578885,0.8710493046776233,0.8818497234844863,28482.519999999997,31197.526500000007,1478.0,500.0,61658.046500000004
base,0.548,739,0.00576766983016983,0.93234100135318,0.8173190984578885,0.8710493046776233,0.8818497234844863,28482.519999999997,31197.526500000007,1478.0,500.0,61658.046500000004
base,0.549,739,0.00576766983016983,0.93234100135318,0.8173190984578885,0.8710493046776233,0.8818497234844863,28482.519999999997,31197.526500000007,1478.0,500.0,61658.046500000004
base,0.55,739,0.00576766983016983,0.93234100135318,0.8173190984578885,0.8710493046776233,0.8818497234844863,28482.519999999997,31197.526500000007,1478.0,500.0,61658.046500000004
base,0.551,739,0.00576766983016983,0.93234100135318,0.8173190984578885,0.8710493046776233,0.8818497234844863,28482.519999999997,31197.526500000007,1478.0,500.0,61658.046500000004
base,0.552,739,0.00576766983016983,0.93234100135318,0.8173190984578885,0.8710493046776233,0.8818497234844863,28482.519999999997,31197.526500000007,1478.0,500.0,61658.046500000004
base,0.553,739,0.00576766983016983,0.93234100135318,0.8173190984578885,0.8710493046776233,0.8818497234844863,28482.519999999997,31197.526500000007,1478.0,500.0,61658.046500000004
base,0.554,739,0.00576766983016983,0.93234100135318,0.8173190984578885,0.8710493046776233,0.8818497234844863,28482.519999999997,31197.526500000007,1478.0,500.0,61658.046500000004
base,0.555,739,0.00576766983016983,0.93234100135318,0.8173190984578885,0.8710493046776233,0.8818497234844863,28482.519999999997,31197.526500000007,1478.0,500.0,61658.046500000004
base,0.556,739,0.00576766983016983,0.93234100135318,0.8173190984578885,0.8710493046776233,0.8818497234844863,28482.519999999997,31197.526500000007,1478.0,500.0,61658.046500000004
base,0.557,739,0.00576766983016983,0.93234100135318,0.8173190984578885,0.8710493046776233,0.8818497234844863,28482.519999999997,31197.526500000007,1478.0,500.0,61658.046500000004
base,0.558,739,0.00576766983016983,0.93234100135318,0.8173190984578885,0.8710493046776233,0.8818497234844863,28482.519999999997,31197.526500000007,1478.0,500.0,61658.046500000004
base,0.559,739,0.00576766983016983,0.93234100135318,0.8173190984578885,0.8710493046776233,0.8818497234844863,28482.519999999997,31197.526500000007,1478.0,500.0,61658.046500000004
base,0.56,739,0.00576766983016983,0.93234100135318,0.8173190984578885,0.8710493046776233,0.8818497234844863,28482.519999999997,31197.526500000007,1478.0,500.0,61658.046500000004
base,0.561,739,0.00576766983016983,0.93234100135318,0.8173190984578885,0.8710493046776233,0.8818497234844863,28482.519999999997,31197.526500000007,1478.0,500.0,61658.046500000004
base,0.562,739,0.00576766983016983,0.93234100135318,0.8173190984578885,0.8710493046776233,0.8818497234844863,28482.519999999997,31197.526500000007,1478.0,500.0,61658.046500000004
base,0.5630000000000001,739,0.00576766983016983,0.93234100135318,0.8173190984578885,0.8710493046776233,0.8818497234844863,28482.519999999997,31197.526500000007,1478.0,500.0,61658.046500000004
base,0.5640000000000001,739,0.00576766983016983,0.93234100135318,0.8173190984578885,0.8710493046776233,0.8818497234844863,28482.519999999997,31197.526500000007,1478.0,500.0,61658.046500000004
base,0.5650000000000001,739,0.00576766983016983,0.93234100135318,0.8173190984578885,0.8710493046776233,0.8818497234844863,28482.519999999997,31197.526500000007,1478.0,500.0,61658.046500000004
base,0.5660000000000001,739,0.00576766983016983,0.93234100135318,0.8173190984578885,0.8710493046776233,0.8818497234844863,28482.519999999997,31197.526500000007,1478.0,500.0,61658.046500000004
base,0.5670000000000001,739,0.00576766983016983,0.93234100135318,0.8173190984578885,0.8710493046776233,0.8818497234844863,28482.519999999997,31197.526500000007,1478.0,500.0,61658.046500000004
base,0.5680000000000001,739,0.00576766983016983,0.93234100135318,0.8173190984578885,0.8710493046776233,0.8818497234844863,28482.519999999997,31197.526500000007,1478.0,500.0,61658.046500000004
base,0.5690000000000001,739,0.00576766983016983,0.93234100135318,0.8173190984578885,0.8710493046776233,0.8818497234844863,28482.519999999997,31197.526500000007,1478.0,500.0,61658.046500000004
base,0.5700000000000001,739,0.00576766983016983,0.93234100135318,0.8173190984578885,0.8710493046776233,0.8818497234844863,28482.519999999997,31197.526500000007,1478.0,500.0,61658.046500000004
base,0.5710000000000001,739,0.00576766983016983,0.93234100135318,0.8173190984578885,0.8710493046776233,0.8818497234844863,28482.519999999997,31197.526500000007,1478.0,500.0,61658.046500000004
base,0.5720000000000001,739,0.00576766983016983,0.93234100135318,0.8173190984578885,0.8710493046776233,0.8818497234844863,28482.519999999997,31197.526500000007,1478.0,500.0,61658.046500000004
base,0.5730000000000001,739,0.00576766983016983,0.93234100135318,0.8173190984578885,0.8710493046776233,0.8818497234844863,28482.519999999997,31197.526500000007,1478.0,500.0,61658.046500000004
base,0.5740000000000001,739,0.00576766983016983,0.93234100135318,0.8173190984578885,0.8710493046776233,0.8818497234844863,28482.519999999997,31197.526500000007,1478.0,500.0,61658.046500000004
base,0.5750000000000001,739,0.00576766983016983,0.93234100135318,0.8173190984578885,0.8710493046776233,0.8818497234844863,28482.519999999997,31197.526500000007,1478.0,500.0,61658.046500000004
base,0.5760000000000001,739,0.00576766983016983,0.93234100135318,0.8173190984578885,0.8710493046776233,0.8818497234844863,28482.519999999997,31197.526500000007,1478.0,500.0,61658.046500000004
base,0.5770000000000001,739,0.00576766983016983,0.93234100135318,0.8173190984578885,0.8710493046776233,0.8818497234844863,28482.519999999997,31197.526500000007,1478.0,500.0,61658.046500000004
base,0.578,739,0.00576766983016983,0.93234100135318,0.8173190984578885,0.8710493046776233,0.8818497234844863,28482.519999999997,31197.526500000007,1478.0,500.0,61658.046500000004
base,0.579,739,0.00576766983016983,0.93234100135318,0.8173190984578885,0.8710493046776233,0.8818497234844863,28482.519999999997,31197.526500000007,1478.0,500.0,61658.046500000004
base,0.58,739,0.00576766983016983,0.93234100135318,0.8173190984578885,0.8710493046776233,0.8818497234844863,28482.519999999997,31197.526500000007,1478.0,500.0,61658.046500000004
base,0.581,721,0.005627185314685315,0.9459084604715673,0.8090154211150652,0.8721227621483376,0.8779679027037965,29437.714999999997,31054.247250000004,1442.0,390.0,62323.96225
base,0.582,720,0.005619380619380619,0.9458333333333333,0.8078291814946619,0.8714011516314779,0.8763527851278591,29816.019999999997,30997.501500000006,1440.0,390.0,62643.5215
base,0.583,719,0.005611575924075924,0.9471488178025035,0.8078291814946619,0.8719590268886044,0.8763527851278591,29816.019999999997,30997.501500000006,1438.0,380.0,62631.5215
base,0.584,703,0.005486700799200799,0.9544807965860598,0.7959667852906287,0.8680465717981889,0.8661549229742336,32241.5,30633.679500000006,1406.0,320.0,64601.179500000006
base,0.585,703,0.005486700799200799,0.9544807965860598,0.7959667852906287,0.8680465717981889,0.8661549229742336,32241.5,30633.679500000006,1406.0,320.0,64601.179500000006
base,0.586,703,0.005486700799200799,0.9544807965860598,0.7959667852906287,0.8680465717981889,0.8661549229742336,32241.5,30633.679500000006,1406.0,320.0,64601.179500000006
base,0.587,703,0.005486700799200799,0.9544807965860598,0.7959667852906287,0.8680465717981889,0.8661549229742336,32241.5,30633.679500000006,1406.0,320.0,64601.179500000006
base,0.588,703,0.005486700799200799,0.9544807965860598,0.7959667852906287,0.8680465717981889,0.8661549229742336,32241.5,30633.679500000006,1406.0,320.0,64601.179500000006
base,0.589,703,0.005486700799200799,0.9544807965860598,0.7959667852906287,0.8680465717981889,0.8661549229742336,32241.5,30633.679500000006,1406.0,320.0,64601.179500000006
base,0.59,702,0.005478896103896104,0.9544159544159544,0.7947805456702254,0.8673139158576052,0.8644089488840866,32649.645000000004,30572.457750000005,1404.0,320.0,64946.102750000005
base,0.591,702,0.005478896103896104,0.9544159544159544,0.7947805456702254,0.8673139158576052,0.8644089488840866,32649.645000000004,30572.457750000005,1404.0,320.0,64946.102750000005
base,0.592,701,0.005471091408591409,0.9543509272467903,0.7935943060498221,0.866580310880829,0.8627351563698071,33041.33,30513.705000000005,1402.0,320.0,65277.035
base,0.593,701,0.005471091408591409,0.9543509272467903,0.7935943060498221,0.866580310880829,0.8627351563698071,33041.33,30513.705000000005,1402.0,320.0,65277.035
base,0.594,701,0.005471091408591409,0.9543509272467903,0.7935943060498221,0.866580310880829,0.8627351563698071,33041.33,30513.705000000005,1402.0,320.0,65277.035
base,0.595,701,0.005471091408591409,0.9543509272467903,0.7935943060498221,0.866580310880829,0.8627351563698071,33041.33,30513.705000000005,1402.0,320.0,65277.035
base,0.596,701,0.005471091408591409,0.9543509272467903,0.7935943060498221,0.866580310880829,0.8627351563698071,33041.33,30513.705000000005,1402.0,320.0,65277.035
base,0.597,701,0.005471091408591409,0.9543509272467903,0.7935943060498221,0.866580310880829,0.8627351563698071,33041.33,30513.705000000005,1402.0,320.0,65277.035
base,0.598,701,0.005471091408591409,0.9543509272467903,0.7935943060498221,0.866580310880829,0.8627351563698071,33041.33,30513.705000000005,1402.0,320.0,65277.035
base,0.599,701,0.005471091408591409,0.9543509272467903,0.7935943060498221,0.866580310880829,0.8627351563698071,33041.33,30513.705000000005,1402.0,320.0,65277.035
base,0.6,701,0.005471091408591409,0.9543509272467903,0.7935943060498221,0.866580310880829,0.8627351563698071,33041.33,30513.705000000005,1402.0,320.0,65277.035
base,0.601,701,0.005471091408591409,0.9543509272467903,0.7935943060498221,0.866580310880829,0.8627351563698071,33041.33,30513.705000000005,1402.0,320.0,65277.035
base,0.602,701,0.005471091408591409,0.9543509272467903,0.7935943060498221,0.866580310880829,0.8627351563698071,33041.33,30513.705000000005,1402.0,320.0,65277.035
base,0.603,701,0.005471091408591409,0.9543509272467903,0.7935943060498221,0.866580310880829,0.8627351563698071,33041.33,30513.705000000005,1402.0,320.0,65277.035
base,0.604,701,0.005471091408591409,0.9543509272467903,0.7935943060498221,0.866580310880829,0.8627351563698071,33041.33,30513.705000000005,1402.0,320.0,65277.035
base,0.605,701,0.005471091408591409,0.9543509272467903,0.7935943060498221,0.866580310880829,0.8627351563698071,33041.33,30513.705000000005,1402.0,320.0,65277.035
base,0.606,701,0.005471091408591409,0.9543509272467903,0.7935943060498221,0.866580310880829,0.8627351563698071,33041.33,30513.705000000005,1402.0,320.0,65277.035
base,0.607,701,0.005471091408591409,0.9543509272467903,0.7935943060498221,0.866580310880829,0.8627351563698071,33041.33,30513.705000000005,1402.0,320.0,65277.035
base,0.608,701,0.005471091408591409,0.9543509272467903,0.7935943060498221,0.866580310880829,0.8627351563698071,33041.33,30513.705000000005,1402.0,320.0,65277.035
base,0.609,701,0.005471091408591409,0.9543509272467903,0.7935943060498221,0.866580310880829,0.8627351563698071,33041.33,30513.705000000005,1402.0,320.0,65277.035
base,0.61,701,0.005471091408591409,0.9543509272467903,0.7935943060498221,0.866580310880829,0.8627351563698071,33041.33,30513.705000000005,1402.0,320.0,65277.035
base,0.611,701,0.005471091408591409,0.9543509272467903,0.7935943060498221,0.866580310880829,0.8627351563698071,33041.33,30513.705000000005,1402.0,320.0,65277.035
base,0.612,701,0.005471091408591409,0.9543509272467903,0.7935943060498221,0.866580310880829,0.8627351563698071,33041.33,30513.705000000005,1402.0,320.0,65277.035
base,0.613,685,0.005346216283716284,0.9576642335766423,0.7781731909845789,0.8586387434554974,0.8502989856471367,36007.225,30068.820750000003,1370.0,290.0,67736.04575
base,0.614,685,0.005346216283716284,0.9576642335766423,0.7781731909845789,0.8586387434554974,0.8502989856471367,36007.225,30068.820750000003,1370.0,290.0,67736.04575
base,0.615,685,0.005346216283716284,0.9576642335766423,0.7781731909845789,0.8586387434554974,0.8502989856471367,36007.225,30068.820750000003,1370.0,290.0,67736.04575
base,0.616,685,0.005346216283716284,0.9576642335766423,0.7781731909845789,0.8586387434554974,0.8502989856471367,36007.225,30068.820750000003,1370.0,290.0,67736.04575
base,0.617,685,0.005346216283716284,0.9576642335766423,0.7781731909845789,0.8586387434554974,0.8502989856471367,36007.225,30068.820750000003,1370.0,290.0,67736.04575
base,0.618,685,0.005346216283716284,0.9576642335766423,0.7781731909845789,0.8586387434554974,0.8502989856471367,36007.225,30068.820750000003,1370.0,290.0,67736.04575
base,0.619,685,0.005346216283716284,0.9576642335766423,0.7781731909845789,0.8586387434554974,0.8502989856471367,36007.225,30068.820750000003,1370.0,290.0,67736.04575
base,0.62,685,0.005346216283716284,0.9576642335766423,0.7781731909845789,0.8586387434554974,0.8502989856471367,36007.225,30068.820750000003,1370.0,290.0,67736.04575
base,0.621,685,0.005346216283716284,0.9576642335766423,0.7781731909845789,0.8586387434554974,0.8502989856471367,36007.225,30068.820750000003,1370.0,290.0,67736.04575
base,0.622,685,0.005346216283716284,0.9576642335766423,0.7781731909845789,0.8586387434554974,0.8502989856471367,36007.225,30068.820750000003,1370.0,290.0,67736.04575
base,0.623,685,0.005346216283716284,0.9576642335766423,0.7781731909845789,0.8586387434554974,0.8502989856471367,36007.225,30068.820750000003,1370.0,290.0,67736.04575
base,0.624,685,0.005346216283716284,0.9576642335766423,0.7781731909845789,0.8586387434554974,0.8502989856471367,36007.225,30068.820750000003,1370.0,290.0,67736.04575
base,0.625,685,0.005346216283716284,0.9576642335766423,0.7781731909845789,0.8586387434554974,0.8502989856471367,36007.225,30068.820750000003,1370.0,290.0,67736.04575
base,0.626,685,0.005346216283716284,0.9576642335766423,0.7781731909845789,0.8586387434554974,0.8502989856471367,36007.225,30068.820750000003,1370.0,290.0,67736.04575
base,0.627,685,0.005346216283716284,0.9576642335766423,0.7781731909845789,0.8586387434554974,0.8502989856471367,36007.225,30068.820750000003,1370.0,290.0,67736.04575
base,0.628,685,0.005346216283716284,0.9576642335766423,0.7781731909845789,0.8586387434554974,0.8502989856471367,36007.225,30068.820750000003,1370.0,290.0,67736.04575
base,0.629,685,0.005346216283716284,0.9576642335766423,0.7781731909845789,0.8586387434554974,0.8502989856471367,36007.225,30068.820750000003,1370.0,290.0,67736.04575
base,0.63,685,0.005346216283716284,0.9576642335766423,0.7781731909845789,0.8586387434554974,0.8502989856471367,36007.225,30068.820750000003,1370.0,290.0,67736.04575
base,0.631,685,0.005346216283716284,0.9576642335766423,0.7781731909845789,0.8586387434554974,0.8502989856471367,36007.225,30068.820750000003,1370.0,290.0,67736.04575
base,0.632,685,0.005346216283716284,0.9576642335766423,0.7781731909845789,0.8586387434554974,0.8502989856471367,36007.225,30068.820750000003,1370.0,290.0,67736.04575
base,0.633,685,0.005346216283716284,0.9576642335766423,0.7781731909845789,0.8586387434554974,0.8502989856471367,36007.225,30068.820750000003,1370.0,290.0,67736.04575
base,0.634,685,0.005346216283716284,0.9576642335766423,0.7781731909845789,0.8586387434554974,0.8502989856471367,36007.225,30068.820750000003,1370.0,290.0,67736.04575
base,0.635,685,0.005346216283716284,0.9576642335766423,0.7781731909845789,0.8586387434554974,0.8502989856471367,36007.225,30068.820750000003,1370.0,290.0,67736.04575
base,0.636,685,0.005346216283716284,0.9576642335766423,0.7781731909845789,0.8586387434554974,0.8502989856471367,36007.225,30068.820750000003,1370.0,290.0,67736.04575
base,0.637,685,0.005346216283716284,0.9576642335766423,0.7781731909845789,0.8586387434554974,0.8502989856471367,36007.225,30068.820750000003,1370.0,290.0,67736.04575
base,0.638,685,0.005346216283716284,0.9576642335766423,0.7781731909845789,0.8586387434554974,0.8502989856471367,36007.225,30068.820750000003,1370.0,290.0,67736.04575
base,0.639,685,0.005346216283716284,0.9576642335766423,0.7781731909845789,0.8586387434554974,0.8502989856471367,36007.225,30068.820750000003,1370.0,290.0,67736.04575
base,0.64,685,0.005346216283716284,0.9576642335766423,0.7781731909845789,0.8586387434554974,0.8502989856471367,36007.225,30068.820750000003,1370.0,290.0,67736.04575
base,0.641,685,0.005346216283716284,0.9576642335766423,0.7781731909845789,0.8586387434554974,0.8502989856471367,36007.225,30068.820750000003,1370.0,290.0,67736.04575
base,0.642,685,0.005346216283716284,0.9576642335766423,0.7781731909845789,0.8586387434554974,0.8502989856471367,36007.225,30068.820750000003,1370.0,290.0,67736.04575
base,0.643,685,0.005346216283716284,0.9576642335766423,0.7781731909845789,0.8586387434554974,0.8502989856471367,36007.225,30068.820750000003,1370.0,290.0,67736.04575
base,0.644,685,0.005346216283716284,0.9576642335766423,0.7781731909845789,0.8586387434554974,0.8502989856471367,36007.225,30068.820750000003,1370.0,290.0,67736.04575
base,0.645,685,0.005346216283716284,0.9576642335766423,0.7781731909845789,0.8586387434554974,0.8502989856471367,36007.225,30068.820750000003,1370.0,290.0,67736.04575
base,0.646,685,0.005346216283716284,0.9576642335766423,0.7781731909845789,0.8586387434554974,0.8502989856471367,36007.225,30068.820750000003,1370.0,290.0,67736.04575
base,0.647,685,0.005346216283716284,0.9576642335766423,0.7781731909845789,0.8586387434554974,0.8502989856471367,36007.225,30068.820750000003,1370.0,290.0,67736.04575
base,0.648,685,0.005346216283716284,0.9576642335766423,0.7781731909845789,0.8586387434554974,0.8502989856471367,36007.225,30068.820750000003,1370.0,290.0,67736.04575
base,0.649,685,0.005346216283716284,0.9576642335766423,0.7781731909845789,0.8586387434554974,0.8502989856471367,36007.225,30068.820750000003,1370.0,290.0,67736.04575
base,0.65,685,0.005346216283716284,0.9576642335766423,0.7781731909845789,0.8586387434554974,0.8502989856471367,36007.225,30068.820750000003,1370.0,290.0,67736.04575
base,0.651,685,0.005346216283716284,0.9576642335766423,0.7781731909845789,0.8586387434554974,0.8502989856471367,36007.225,30068.820750000003,1370.0,290.0,67736.04575
base,0.652,685,0.005346216283716284,0.9576642335766423,0.7781731909845789,0.8586387434554974,0.8502989856471367,36007.225,30068.820750000003,1370.0,290.0,67736.04575
base,0.653,685,0.005346216283716284,0.9576642335766423,0.7781731909845789,0.8586387434554974,0.8502989856471367,36007.225,30068.820750000003,1370.0,290.0,67736.04575
base,0.654,685,0.005346216283716284,0.9576642335766423,0.7781731909845789,0.8586387434554974,0.8502989856471367,36007.225,30068.820750000003,1370.0,290.0,67736.04575
base,0.655,685,0.005346216283716284,0.9576642335766423,0.7781731909845789,0.8586387434554974,0.8502989856471367,36007.225,30068.820750000003,1370.0,290.0,67736.04575
base,0.656,685,0.005346216283716284,0.9576642335766423,0.7781731909845789,0.8586387434554974,0.8502989856471367,36007.225,30068.820750000003,1370.0,290.0,67736.04575
base,0.657,685,0.005346216283716284,0.9576642335766423,0.7781731909845789,0.8586387434554974,0.8502989856471367,36007.225,30068.820750000003,1370.0,290.0,67736.04575
base,0.658,685,0.005346216283716284,0.9576642335766423,0.7781731909845789,0.8586387434554974,0.8502989856471367,36007.225,30068.820750000003,1370.0,290.0,67736.04575
base,0.659,685,0.005346216283716284,0.9576642335766423,0.7781731909845789,0.8586387434554974,0.8502989856471367,36007.225,30068.820750000003,1370.0,290.0,67736.04575
base,0.66,685,0.005346216283716284,0.9576642335766423,0.7781731909845789,0.8586387434554974,0.8502989856471367,36007.225,30068.820750000003,1370.0,290.0,67736.04575
base,0.661,685,0.005346216283716284,0.9576642335766423,0.7781731909845789,0.8586387434554974,0.8502989856471367,36007.225,30068.820750000003,1370.0,290.0,67736.04575
base,0.662,685,0.005346216283716284,0.9576642335766423,0.7781731909845789,0.8586387434554974,0.8502989856471367,36007.225,30068.820750000003,1370.0,290.0,67736.04575
base,0.663,685,0.005346216283716284,0.9576642335766423,0.7781731909845789,0.8586387434554974,0.8502989856471367,36007.225,30068.820750000003,1370.0,290.0,67736.04575
base,0.664,685,0.005346216283716284,0.9576642335766423,0.7781731909845789,0.8586387434554974,0.8502989856471367,36007.225,30068.820750000003,1370.0,290.0,67736.04575
base,0.665,685,0.005346216283716284,0.9576642335766423,0.7781731909845789,0.8586387434554974,0.8502989856471367,36007.225,30068.820750000003,1370.0,290.0,67736.04575
base,0.666,685,0.005346216283716284,0.9576642335766423,0.7781731909845789,0.8586387434554974,0.8502989856471367,36007.225,30068.820750000003,1370.0,290.0,67736.04575
base,0.667,685,0.005346216283716284,0.9576642335766423,0.7781731909845789,0.8586387434554974,0.8502989856471367,36007.225,30068.820750000003,1370.0,290.0,67736.04575
base,0.668,685,0.005346216283716284,0.9576642335766423,0.7781731909845789,0.8586387434554974,0.8502989856471367,36007.225,30068.820750000003,1370.0,290.0,67736.04575
base,0.669,685,0.005346216283716284,0.9576642335766423,0.7781731909845789,0.8586387434554974,0.8502989856471367,36007.225,30068.820750000003,1370.0,290.0,67736.04575
base,0.67,685,0.005346216283716284,0.9576642335766423,0.7781731909845789,0.8586387434554974,0.8502989856471367,36007.225,30068.820750000003,1370.0,290.0,67736.04575
base,0.671,685,0.005346216283716284,0.9576642335766423,0.7781731909845789,0.8586387434554974,0.8502989856471367,36007.225,30068.820750000003,1370.0,290.0,67736.04575
base,0.672,685,0.005346216283716284,0.9576642335766423,0.7781731909845789,0.8586387434554974,0.8502989856471367,36007.225,30068.820750000003,1370.0,290.0,67736.04575
base,0.673,685,0.005346216283716284,0.9576642335766423,0.7781731909845789,0.8586387434554974,0.8502989856471367,36007.225,30068.820750000003,1370.0,290.0,67736.04575
base,0.674,685,0.005346216283716284,0.9576642335766423,0.7781731909845789,0.8586387434554974,0.8502989856471367,36007.225,30068.820750000003,1370.0,290.0,67736.04575
base,0.675,685,0.005346216283716284,0.9576642335766423,0.7781731909845789,0.8586387434554974,0.8502989856471367,36007.225,30068.820750000003,1370.0,290.0,67736.04575
base,0.676,685,0.005346216283716284,0.9576642335766423,0.7781731909845789,0.8586387434554974,0.8502989856471367,36007.225,30068.820750000003,1370.0,290.0,67736.04575
base,0.677,685,0.005346216283716284,0.9576642335766423,0.7781731909845789,0.8586387434554974,0.8502989856471367,36007.225,30068.820750000003,1370.0,290.0,67736.04575
base,0.678,685,0.005346216283716284,0.9576642335766423,0.7781731909845789,0.8586387434554974,0.8502989856471367,36007.225,30068.820750000003,1370.0,290.0,67736.04575
base,0.679,684,0.005338411588411588,0.9590643274853801,0.7781731909845789,0.8592010478061559,0.8502989856471367,36007.225,30068.820750000003,1368.0,280.0,67724.04575
base,0.68,684,0.005338411588411588,0.9590643274853801,0.7781731909845789,0.8592010478061559,0.8502989856471367,36007.225,30068.820750000003,1368.0,280.0,67724.04575
base,0.681,684,0.005338411588411588,0.9590643274853801,0.7781731909845789,0.8592010478061559,0.8502989856471367,36007.225,30068.820750000003,1368.0,280.0,67724.04575
base,0.682,684,0.005338411588411588,0.9590643274853801,0.7781731909845789,0.8592010478061559,0.8502989856471367,36007.225,30068.820750000003,1368.0,280.0,67724.04575
base,0.683,684,0.005338411588411588,0.9590643274853801,0.7781731909845789,0.8592010478061559,0.8502989856471367,36007.225,30068.820750000003,1368.0,280.0,67724.04575
base,0.684,684,0.005338411588411588,0.9590643274853801,0.7781731909845789,0.8592010478061559,0.8502989856471367,36007.225,30068.820750000003,1368.0,280.0,67724.04575
base,0.685,684,0.005338411588411588,0.9590643274853801,0.7781731909845789,0.8592010478061559,0.8502989856471367,36007.225,30068.820750000003,1368.0,280.0,67724.04575
base,0.686,684,0.005338411588411588,0.9590643274853801,0.7781731909845789,0.8592010478061559,0.8502989856471367,36007.225,30068.820750000003,1368.0,280.0,67724.04575
base,0.687,684,0.005338411588411588,0.9590643274853801,0.7781731909845789,0.8592010478061559,0.8502989856471367,36007.225,30068.820750000003,1368.0,280.0,67724.04575
base,0.6880000000000001,684,0.005338411588411588,0.9590643274853801,0.7781731909845789,0.8592010478061559,0.8502989856471367,36007.225,30068.820750000003,1368.0,280.0,67724.04575
base,0.6890000000000001,684,0.005338411588411588,0.9590643274853801,0.7781731909845789,0.8592010478061559,0.8502989856471367,36007.225,30068.820750000003,1368.0,280.0,67724.04575
base,0.6900000000000001,684,0.005338411588411588,0.9590643274853801,0.7781731909845789,0.8592010478061559,0.8502989856471367,36007.225,30068.820750000003,1368.0,280.0,67724.04575
base,0.6910000000000001,664,0.005182317682317682,0.9668674698795181,0.7615658362989324,0.8520238885202389,0.8344380052573271,39764.100000000006,29505.289500000003,1328.0,220.0,70817.3895
base,0.6920000000000001,664,0.005182317682317682,0.9668674698795181,0.7615658362989324,0.8520238885202389,0.8344380052573271,39764.100000000006,29505.289500000003,1328.0,220.0,70817.3895
base,0.6930000000000001,664,0.005182317682317682,0.9668674698795181,0.7615658362989324,0.8520238885202389,0.8344380052573271,39764.100000000006,29505.289500000003,1328.0,220.0,70817.3895
base,0.6940000000000001,664,0.005182317682317682,0.9668674698795181,0.7615658362989324,0.8520238885202389,0.8344380052573271,39764.100000000006,29505.289500000003,1328.0,220.0,70817.3895
base,0.6950000000000001,664,0.005182317682317682,0.9668674698795181,0.7615658362989324,0.8520238885202389,0.8344380052573271,39764.100000000006,29505.289500000003,1328.0,220.0,70817.3895
base,0.6960000000000001,663,0.005174512987012987,0.9683257918552036,0.7615658362989324,0.852589641434263,0.8344380052573271,39764.100000000006,29505.289500000003,1326.0,210.0,70805.3895
base,0.6970000000000001,663,0.005174512987012987,0.9683257918552036,0.7615658362989324,0.852589641434263,0.8344380052573271,39764.100000000006,29505.289500000003,1326.0,210.0,70805.3895
base,0.6980000000000001,663,0.005174512987012987,0.9683257918552036,0.7615658362989324,0.852589641434263,0.8344380052573271,39764.100000000006,29505.289500000003,1326.0,210.0,70805.3895
base,0.6990000000000001,663,0.005174512987012987,0.9683257918552036,0.7615658362989324,0.852589641434263,0.8344380052573271,39764.100000000006,29505.289500000003,1326.0,210.0,70805.3895
base,0.7000000000000001,663,0.005174512987012987,0.9683257918552036,0.7615658362989324,0.852589641434263,0.8344380052573271,39764.100000000006,29505.289500000003,1326.0,210.0,70805.3895
base,0.7010000000000001,663,0.005174512987012987,0.9683257918552036,0.7615658362989324,0.852589641434263,0.8344380052573271,39764.100000000006,29505.289500000003,1326.0,210.0,70805.3895
base,0.7020000000000001,663,0.005174512987012987,0.9683257918552036,0.7615658362989324,0.852589641434263,0.8344380052573271,39764.100000000006,29505.289500000003,1326.0,210.0,70805.3895
base,0.7030000000000001,663,0.005174512987012987,0.9683257918552036,0.7615658362989324,0.852589641434263,0.8344380052573271,39764.100000000006,29505.289500000003,1326.0,210.0,70805.3895
base,0.7040000000000001,662,0.005166708291708292,0.9697885196374623,0.7615658362989324,0.8531561461794019,0.8344380052573271,39764.100000000006,29505.289500000003,1324.0,200.0,70793.3895
base,0.705,662,0.005166708291708292,0.9697885196374623,0.7615658362989324,0.8531561461794019,0.8344380052573271,39764.100000000006,29505.289500000003,1324.0,200.0,70793.3895
base,0.706,662,0.005166708291708292,0.9697885196374623,0.7615658362989324,0.8531561461794019,0.8344380052573271,39764.100000000006,29505.289500000003,1324.0,200.0,70793.3895
base,0.707,662,0.005166708291708292,0.9697885196374623,0.7615658362989324,0.8531561461794019,0.8344380052573271,39764.100000000006,29505.289500000003,1324.0,200.0,70793.3895
base,0.708,662,0.005166708291708292,0.9697885196374623,0.7615658362989324,0.8531561461794019,0.8344380052573271,39764.100000000006,29505.289500000003,1324.0,200.0,70793.3895
base,0.709,662,0.005166708291708292,0.9697885196374623,0.7615658362989324,0.8531561461794019,0.8344380052573271,39764.100000000006,29505.289500000003,1324.0,200.0,70793.3895
base,0.71,662,0.005166708291708292,0.9697885196374623,0.7615658362989324,0.8531561461794019,0.8344380052573271,39764.100000000006,29505.289500000003,1324.0,200.0,70793.3895
base,0.711,662,0.005166708291708292,0.9697885196374623,0.7615658362989324,0.8531561461794019,0.8344380052573271,39764.100000000006,29505.289500000003,1324.0,200.0,70793.3895
base,0.712,662,0.005166708291708292,0.9697885196374623,0.7615658362989324,0.8531561461794019,0.8344380052573271,39764.100000000006,29505.289500000003,1324.0,200.0,70793.3895
base,0.713,662,0.005166708291708292,0.9697885196374623,0.7615658362989324,0.8531561461794019,0.8344380052573271,39764.100000000006,29505.289500000003,1324.0,200.0,70793.3895
base,0.714,662,0.005166708291708292,0.9697885196374623,0.7615658362989324,0.8531561461794019,0.8344380052573271,39764.100000000006,29505.289500000003,1324.0,200.0,70793.3895
base,0.715,635,0.004955981518481518,0.9779527559055118,0.7366548042704626,0.8403247631935047,0.8026842512562599,47215.100000000006,28387.639500000005,1270.0,140.0,77012.73950000001
base,0.716,635,0.004955981518481518,0.9779527559055118,0.7366548042704626,0.8403247631935047,0.8026842512562599,47215.100000000006,28387.639500000005,1270.0,140.0,77012.73950000001
base,0.717,635,0.004955981518481518,0.9779527559055118,0.7366548042704626,0.8403247631935047,0.8026842512562599,47215.100000000006,28387.639500000005,1270.0,140.0,77012.73950000001
base,0.718,635,0.004955981518481518,0.9779527559055118,0.7366548042704626,0.8403247631935047,0.8026842512562599,47215.100000000006,28387.639500000005,1270.0,140.0,77012.73950000001
base,0.719,635,0.004955981518481518,0.9779527559055118,0.7366548042704626,0.8403247631935047,0.8026842512562599,47215.100000000006,28387.639500000005,1270.0,140.0,77012.73950000001
base,0.72,635,0.004955981518481518,0.9779527559055118,0.7366548042704626,0.8403247631935047,0.8026842512562599,47215.100000000006,28387.639500000005,1270.0,140.0,77012.73950000001
base,0.721,635,0.004955981518481518,0.9779527559055118,0.7366548042704626,0.8403247631935047,0.8026842512562599,47215.100000000006,28387.639500000005,1270.0,140.0,77012.73950000001
base,0.722,635,0.004955981518481518,0.9779527559055118,0.7366548042704626,0.8403247631935047,0.8026842512562599,47215.100000000006,28387.639500000005,1270.0,140.0,77012.73950000001
base,0.723,635,0.004955981518481518,0.9779527559055118,0.7366548042704626,0.8403247631935047,0.8026842512562599,47215.100000000006,28387.639500000005,1270.0,140.0,77012.73950000001
base,0.724,635,0.004955981518481518,0.9779527559055118,0.7366548042704626,0.8403247631935047,0.8026842512562599,47215.100000000006,28387.639500000005,1270.0,140.0,77012.73950000001
base,0.725,635,0.004955981518481518,0.9779527559055118,0.7366548042704626,0.8403247631935047,0.8026842512562599,47215.100000000006,28387.639500000005,1270.0,140.0,77012.73950000001
base,0.726,635,0.004955981518481518,0.9779527559055118,0.7366548042704626,0.8403247631935047,0.8026842512562599,47215.100000000006,28387.639500000005,1270.0,140.0,77012.73950000001
base,0.727,635,0.004955981518481518,0.9779527559055118,0.7366548042704626,0.8403247631935047,0.8026842512562599,47215.100000000006,28387.639500000005,1270.0,140.0,77012.73950000001
base,0.728,635,0.004955981518481518,0.9779527559055118,0.7366548042704626,0.8403247631935047,0.8026842512562599,47215.100000000006,28387.639500000005,1270.0,140.0,77012.73950000001
base,0.729,635,0.004955981518481518,0.9779527559055118,0.7366548042704626,0.8403247631935047,0.8026842512562599,47215.100000000006,28387.639500000005,1270.0,140.0,77012.73950000001
base,0.73,635,0.004955981518481518,0.9779527559055118,0.7366548042704626,0.8403247631935047,0.8026842512562599,47215.100000000006,28387.639500000005,1270.0,140.0,77012.73950000001
base,0.731,635,0.004955981518481518,0.9779527559055118,0.7366548042704626,0.8403247631935047,0.8026842512562599,47215.100000000006,28387.639500000005,1270.0,140.0,77012.73950000001
base,0.732,635,0.004955981518481518,0.9779527559055118,0.7366548042704626,0.8403247631935047,0.8026842512562599,47215.100000000006,28387.639500000005,1270.0,140.0,77012.73950000001
base,0.733,635,0.004955981518481518,0.9779527559055118,0.7366548042704626,0.8403247631935047,0.8026842512562599,47215.100000000006,28387.639500000005,1270.0,140.0,77012.73950000001
base,0.734,635,0.004955981518481518,0.9779527559055118,0.7366548042704626,0.8403247631935047,0.8026842512562599,47215.100000000006,28387.639500000005,1270.0,140.0,77012.73950000001
base,0.735,635,0.004955981518481518,0.9779527559055118,0.7366548042704626,0.8403247631935047,0.8026842512562599,47215.100000000006,28387.639500000005,1270.0,140.0,77012.73950000001
base,0.736,635,0.004955981518481518,0.9779527559055118,0.7366548042704626,0.8403247631935047,0.8026842512562599,47215.100000000006,28387.639500000005,1270.0,140.0,77012.73950000001
base,0.737,635,0.004955981518481518,0.9779527559055118,0.7366548042704626,0.8403247631935047,0.8026842512562599,47215.100000000006,28387.639500000005,1270.0,140.0,77012.73950000001
base,0.738,635,0.004955981518481518,0.9779527559055118,0.7366548042704626,0.8403247631935047,0.8026842512562599,47215.100000000006,28387.639500000005,1270.0,140.0,77012.73950000001
base,0.739,635,0.004955981518481518,0.9779527559055118,0.7366548042704626,0.8403247631935047,0.8026842512562599,47215.100000000006,28387.639500000005,1270.0,140.0,77012.73950000001
base,0.74,621,0.004846715784215784,0.9871175523349437,0.727164887307236,0.837431693989071,0.791008333200679,49957.630000000005,27976.260000000002,1242.0,80.0,79255.89000000001
base,0.741,621,0.004846715784215784,0.9871175523349437,0.727164887307236,0.837431693989071,0.791008333200679,49957.630000000005,27976.260000000002,1242.0,80.0,79255.89000000001
base,0.742,621,0.004846715784215784,0.9871175523349437,0.727164887307236,0.837431693989071,0.791008333200679,49957.630000000005,27976.260000000002,1242.0,80.0,79255.89000000001
base,0.743,621,0.004846715784215784,0.9871175523349437,0.727164887307236,0.837431693989071,0.791008333200679,49957.630000000005,27976.260000000002,1242.0,80.0,79255.89000000001
base,0.744,621,0.004846715784215784,0.9871175523349437,0.727164887307236,0.837431693989071,0.791008333200679,49957.630000000005,27976.260000000002,1242.0,80.0,79255.89000000001
base,0.745,621,0.004846715784215784,0.9871175523349437,0.727164887307236,0.837431693989071,0.791008333200679,49957.630000000005,27976.260000000002,1242.0,80.0,79255.89000000001
base,0.746,621,0.004846715784215784,0.9871175523349437,0.727164887307236,0.837431693989071,0.791008333200679,49957.630000000005,27976.260000000002,1242.0,80.0,79255.89000000001
base,0.747,621,0.004846715784215784,0.9871175523349437,0.727164887307236,0.837431693989071,0.791008333200679,49957.630000000005,27976.260000000002,1242.0,80.0,79255.89000000001
base,0.748,621,0.004846715784215784,0.9871175523349437,0.727164887307236,0.837431693989071,0.791008333200679,49957.630000000005,27976.260000000002,1242.0,80.0,79255.89000000001
base,0.749,621,0.004846715784215784,0.9871175523349437,0.727164887307236,0.837431693989071,0.791008333200679,49957.630000000005,27976.260000000002,1242.0,80.0,79255.89000000001
base,0.75,621,0.004846715784215784,0.9871175523349437,0.727164887307236,0.837431693989071,0.791008333200679,49957.630000000005,27976.260000000002,1242.0,80.0,79255.89000000001
base,0.751,621,0.004846715784215784,0.9871175523349437,0.727164887307236,0.837431693989071,0.791008333200679,49957.630000000005,27976.260000000002,1242.0,80.0,79255.89000000001
base,0.752,621,0.004846715784215784,0.9871175523349437,0.727164887307236,0.837431693989071,0.791008333200679,49957.630000000005,27976.260000000002,1242.0,80.0,79255.89000000001
base,0.753,621,0.004846715784215784,0.9871175523349437,0.727164887307236,0.837431693989071,0.791008333200679,49957.630000000005,27976.260000000002,1242.0,80.0,79255.89000000001
base,0.754,621,0.004846715784215784,0.9871175523349437,0.727164887307236,0.837431693989071,0.791008333200679,49957.630000000005,27976.260000000002,1242.0,80.0,79255.89000000001
base,0.755,621,0.004846715784215784,0.9871175523349437,0.727164887307236,0.837431693989071,0.791008333200679,49957.630000000005,27976.260000000002,1242.0,80.0,79255.89000000001
base,0.756,621,0.004846715784215784,0.9871175523349437,0.727164887307236,0.837431693989071,0.791008333200679,49957.630000000005,27976.260000000002,1242.0,80.0,79255.89000000001
base,0.757,621,0.004846715784215784,0.9871175523349437,0.727164887307236,0.837431693989071,0.791008333200679,49957.630000000005,27976.260000000002,1242.0,80.0,79255.89000000001
base,0.758,621,0.004846715784215784,0.9871175523349437,0.727164887307236,0.837431693989071,0.791008333200679,49957.630000000005,27976.260000000002,1242.0,80.0,79255.89000000001
base,0.759,621,0.004846715784215784,0.9871175523349437,0.727164887307236,0.837431693989071,0.791008333200679,49957.630000000005,27976.260000000002,1242.0,80.0,79255.89000000001
base,0.76,621,0.004846715784215784,0.9871175523349437,0.727164887307236,0.837431693989071,0.791008333200679,49957.630000000005,27976.260000000002,1242.0,80.0,79255.89000000001
base,0.761,621,0.004846715784215784,0.9871175523349437,0.727164887307236,0.837431693989071,0.791008333200679,49957.630000000005,27976.260000000002,1242.0,80.0,79255.89000000001
base,0.762,621,0.004846715784215784,0.9871175523349437,0.727164887307236,0.837431693989071,0.791008333200679,49957.630000000005,27976.260000000002,1242.0,80.0,79255.89000000001
base,0.763,621,0.004846715784215784,0.9871175523349437,0.727164887307236,0.837431693989071,0.791008333200679,49957.630000000005,27976.260000000002,1242.0,80.0,79255.89000000001
base,0.764,621,0.004846715784215784,0.9871175523349437,0.727164887307236,0.837431693989071,0.791008333200679,49957.630000000005,27976.260000000002,1242.0,80.0,79255.89000000001
base,0.765,621,0.004846715784215784,0.9871175523349437,0.727164887307236,0.837431693989071,0.791008333200679,49957.630000000005,27976.260000000002,1242.0,80.0,79255.89000000001
base,0.766,621,0.004846715784215784,0.9871175523349437,0.727164887307236,0.837431693989071,0.791008333200679,49957.630000000005,27976.260000000002,1242.0,80.0,79255.89000000001
base,0.767,621,0.004846715784215784,0.9871175523349437,0.727164887307236,0.837431693989071,0.791008333200679,49957.630000000005,27976.260000000002,1242.0,80.0,79255.89000000001
base,0.768,621,0.004846715784215784,0.9871175523349437,0.727164887307236,0.837431693989071,0.791008333200679,49957.630000000005,27976.260000000002,1242.0,80.0,79255.89000000001
base,0.769,621,0.004846715784215784,0.9871175523349437,0.727164887307236,0.837431693989071,0.791008333200679,49957.630000000005,27976.260000000002,1242.0,80.0,79255.89000000001
base,0.77,621,0.004846715784215784,0.9871175523349437,0.727164887307236,0.837431693989071,0.791008333200679,49957.630000000005,27976.260000000002,1242.0,80.0,79255.89000000001
base,0.771,621,0.004846715784215784,0.9871175523349437,0.727164887307236,0.837431693989071,0.791008333200679,49957.630000000005,27976.260000000002,1242.0,80.0,79255.89000000001
base,0.772,621,0.004846715784215784,0.9871175523349437,0.727164887307236,0.837431693989071,0.791008333200679,49957.630000000005,27976.260000000002,1242.0,80.0,79255.89000000001
base,0.773,621,0.004846715784215784,0.9871175523349437,0.727164887307236,0.837431693989071,0.791008333200679,49957.630000000005,27976.260000000002,1242.0,80.0,79255.89000000001
base,0.774,621,0.004846715784215784,0.9871175523349437,0.727164887307236,0.837431693989071,0.791008333200679,49957.630000000005,27976.260000000002,1242.0,80.0,79255.89000000001
base,0.775,621,0.004846715784215784,0.9871175523349437,0.727164887307236,0.837431693989071,0.791008333200679,49957.630000000005,27976.260000000002,1242.0,80.0,79255.89000000001
base,0.776,621,0.004846715784215784,0.9871175523349437,0.727164887307236,0.837431693989071,0.791008333200679,49957.630000000005,27976.260000000002,1242.0,80.0,79255.89000000001
base,0.777,621,0.004846715784215784,0.9871175523349437,0.727164887307236,0.837431693989071,0.791008333200679,49957.630000000005,27976.260000000002,1242.0,80.0,79255.89000000001
base,0.778,621,0.004846715784215784,0.9871175523349437,0.727164887307236,0.837431693989071,0.791008333200679,49957.630000000005,27976.260000000002,1242.0,80.0,79255.89000000001
base,0.779,621,0.004846715784215784,0.9871175523349437,0.727164887307236,0.837431693989071,0.791008333200679,49957.630000000005,27976.260000000002,1242.0,80.0,79255.89000000001
base,0.78,621,0.004846715784215784,0.9871175523349437,0.727164887307236,0.837431693989071,0.791008333200679,49957.630000000005,27976.260000000002,1242.0,80.0,79255.89000000001
base,0.781,621,0.004846715784215784,0.9871175523349437,0.727164887307236,0.837431693989071,0.791008333200679,49957.630000000005,27976.260000000002,1242.0,80.0,79255.89000000001
base,0.782,621,0.004846715784215784,0.9871175523349437,0.727164887307236,0.837431693989071,0.791008333200679,49957.630000000005,27976.260000000002,1242.0,80.0,79255.89000000001
base,0.783,621,0.004846715784215784,0.9871175523349437,0.727164887307236,0.837431693989071,0.791008333200679,49957.630000000005,27976.260000000002,1242.0,80.0,79255.89000000001
base,0.784,621,0.004846715784215784,0.9871175523349437,0.727164887307236,0.837431693989071,0.791008333200679,49957.630000000005,27976.260000000002,1242.0,80.0,79255.89000000001
base,0.785,621,0.004846715784215784,0.9871175523349437,0.727164887307236,0.837431693989071,0.791008333200679,49957.630000000005,27976.260000000002,1242.0,80.0,79255.89000000001
base,0.786,621,0.004846715784215784,0.9871175523349437,0.727164887307236,0.837431693989071,0.791008333200679,49957.630000000005,27976.260000000002,1242.0,80.0,79255.89000000001
base,0.787,621,0.004846715784215784,0.9871175523349437,0.727164887307236,0.837431693989071,0.791008333200679,49957.630000000005,27976.260000000002,1242.0,80.0,79255.89000000001
base,0.788,621,0.004846715784215784,0.9871175523349437,0.727164887307236,0.837431693989071,0.791008333200679,49957.630000000005,27976.260000000002,1242.0,80.0,79255.89000000001
base,0.789,621,0.004846715784215784,0.9871175523349437,0.727164887307236,0.837431693989071,0.791008333200679,49957.630000000005,27976.260000000002,1242.0,80.0,79255.89000000001
base,0.79,621,0.004846715784215784,0.9871175523349437,0.727164887307236,0.837431693989071,0.791008333200679,49957.630000000005,27976.260000000002,1242.0,80.0,79255.89000000001
base,0.791,621,0.004846715784215784,0.9871175523349437,0.727164887307236,0.837431693989071,0.791008333200679,49957.630000000005,27976.260000000002,1242.0,80.0,79255.89000000001
base,0.792,621,0.004846715784215784,0.9871175523349437,0.727164887307236,0.837431693989071,0.791008333200679,49957.630000000005,27976.260000000002,1242.0,80.0,79255.89000000001
base,0.793,621,0.004846715784215784,0.9871175523349437,0.727164887307236,0.837431693989071,0.791008333200679,49957.630000000005,27976.260000000002,1242.0,80.0,79255.89000000001
base,0.794,621,0.004846715784215784,0.9871175523349437,0.727164887307236,0.837431693989071,0.791008333200679,49957.630000000005,27976.260000000002,1242.0,80.0,79255.89000000001
base,0.795,621,0.004846715784215784,0.9871175523349437,0.727164887307236,0.837431693989071,0.791008333200679,49957.630000000005,27976.260000000002,1242.0,80.0,79255.89000000001
base,0.796,621,0.004846715784215784,0.9871175523349437,0.727164887307236,0.837431693989071,0.791008333200679,49957.630000000005,27976.260000000002,1242.0,80.0,79255.89000000001
base,0.797,621,0.004846715784215784,0.9871175523349437,0.727164887307236,0.837431693989071,0.791008333200679,49957.630000000005,27976.260000000002,1242.0,80.0,79255.89000000001
base,0.798,621,0.004846715784215784,0.9871175523349437,0.727164887307236,0.837431693989071,0.791008333200679,49957.630000000005,27976.260000000002,1242.0,80.0,79255.89000000001
base,0.799,621,0.004846715784215784,0.9871175523349437,0.727164887307236,0.837431693989071,0.791008333200679,49957.630000000005,27976.260000000002,1242.0,80.0,79255.89000000001
base,0.8,621,0.004846715784215784,0.9871175523349437,0.727164887307236,0.837431693989071,0.791008333200679,49957.630000000005,27976.260000000002,1242.0,80.0,79255.89000000001
base,0.801,603,0.004706231268731269,0.9917081260364843,0.7093712930011863,0.8271092669432918,0.7743788996852822,53899.74,27384.943500000005,1206.0,50.0,82540.6835
base,0.802,603,0.004706231268731269,0.9917081260364843,0.7093712930011863,0.8271092669432918,0.7743788996852822,53899.74,27384.943500000005,1206.0,50.0,82540.6835
base,0.803,603,0.004706231268731269,0.9917081260364843,0.7093712930011863,0.8271092669432918,0.7743788996852822,53899.74,27384.943500000005,1206.0,50.0,82540.6835
base,0.804,603,0.004706231268731269,0.9917081260364843,0.7093712930011863,0.8271092669432918,0.7743788996852822,53899.74,27384.943500000005,1206.0,50.0,82540.6835
base,0.805,603,0.004706231268731269,0.9917081260364843,0.7093712930011863,0.8271092669432918,0.7743788996852822,53899.74,27384.943500000005,1206.0,50.0,82540.6835
base,0.806,603,0.004706231268731269,0.9917081260364843,0.7093712930011863,0.8271092669432918,0.7743788996852822,53899.74,27384.943500000005,1206.0,50.0,82540.6835
base,0.807,603,0.004706231268731269,0.9917081260364843,0.7093712930011863,0.8271092669432918,0.7743788996852822,53899.74,27384.943500000005,1206.0,50.0,82540.6835
base,0.808,603,0.004706231268731269,0.9917081260364843,0.7093712930011863,0.8271092669432918,0.7743788996852822,53899.74,27384.943500000005,1206.0,50.0,82540.6835
base,0.809,603,0.004706231268731269,0.9917081260364843,0.7093712930011863,0.8271092669432918,0.7743788996852822,53899.74,27384.943500000005,1206.0,50.0,82540.6835
base,0.81,602,0.004698426573426573,0.9916943521594684,0.708185053380783,0.8262975778546713,0.7719803752064971,54456.69,27301.401000000005,1204.0,50.0,83012.09100000001
base,0.811,602,0.004698426573426573,0.9916943521594684,0.708185053380783,0.8262975778546713,0.7719803752064971,54456.69,27301.401000000005,1204.0,50.0,83012.09100000001
base,0.812,602,0.004698426573426573,0.9916943521594684,0.708185053380783,0.8262975778546713,0.7719803752064971,54456.69,27301.401000000005,1204.0,50.0,83012.09100000001
base,0.8130000000000001,602,0.004698426573426573,0.9916943521594684,0.708185053380783,0.8262975778546713,0.7719803752064971,54456.69,27301.401000000005,1204.0,50.0,83012.09100000001
base,0.8140000000000001,602,0.004698426573426573,0.9916943521594684,0.708185053380783,0.8262975778546713,0.7719803752064971,54456.69,27301.401000000005,1204.0,50.0,83012.09100000001
base,0.8150000000000001,602,0.004698426573426573,0.9916943521594684,0.708185053380783,0.8262975778546713,0.7719803752064971,54456.69,27301.401000000005,1204.0,50.0,83012.09100000001
base,0.8160000000000001,602,0.004698426573426573,0.9916943521594684,0.708185053380783,0.8262975778546713,0.7719803752064971,54456.69,27301.401000000005,1204.0,50.0,83012.09100000001
base,0.8170000000000001,602,0.004698426573426573,0.9916943521594684,0.708185053380783,0.8262975778546713,0.7719803752064971,54456.69,27301.401000000005,1204.0,50.0,83012.09100000001
base,0.8180000000000001,602,0.004698426573426573,0.9916943521594684,0.708185053380783,0.8262975778546713,0.7719803752064971,54456.69,27301.401000000005,1204.0,50.0,83012.09100000001
base,0.8190000000000001,602,0.004698426573426573,0.9916943521594684,0.708185053380783,0.8262975778546713,0.7719803752064971,54456.69,27301.401000000005,1204.0,50.0,83012.09100000001
base,0.8200000000000001,602,0.004698426573426573,0.9916943521594684,0.708185053380783,0.8262975778546713,0.7719803752064971,54456.69,27301.401000000005,1204.0,50.0,83012.09100000001
base,0.8210000000000001,602,0.004698426573426573,0.9916943521594684,0.708185053380783,0.8262975778546713,0.7719803752064971,54456.69,27301.401000000005,1204.0,50.0,83012.09100000001
base,0.8220000000000001,602,0.004698426573426573,0.9916943521594684,0.708185053380783,0.8262975778546713,0.7719803752064971,54456.69,27301.401000000005,1204.0,50.0,83012.09100000001
base,0.8230000000000001,602,0.004698426573426573,0.9916943521594684,0.708185053380783,0.8262975778546713,0.7719803752064971,54456.69,27301.401000000005,1204.0,50.0,83012.09100000001
base,0.8240000000000001,602,0.004698426573426573,0.9916943521594684,0.708185053380783,0.8262975778546713,0.7719803752064971,54456.69,27301.401000000005,1204.0,50.0,83012.09100000001
base,0.8250000000000001,602,0.004698426573426573,0.9916943521594684,0.708185053380783,0.8262975778546713,0.7719803752064971,54456.69,27301.401000000005,1204.0,50.0,83012.09100000001
base,0.8260000000000001,602,0.004698426573426573,0.9916943521594684,0.708185053380783,0.8262975778546713,0.7719803752064971,54456.69,27301.401000000005,1204.0,50.0,83012.09100000001
base,0.8270000000000001,602,0.004698426573426573,0.9916943521594684,0.708185053380783,0.8262975778546713,0.7719803752064971,54456.69,27301.401000000005,1204.0,50.0,83012.09100000001
base,0.8280000000000001,602,0.004698426573426573,0.9916943521594684,0.708185053380783,0.8262975778546713,0.7719803752064971,54456.69,27301.401000000005,1204.0,50.0,83012.09100000001
base,0.8290000000000001,602,0.004698426573426573,0.9916943521594684,0.708185053380783,0.8262975778546713,0.7719803752064971,54456.69,27301.401000000005,1204.0,50.0,83012.09100000001
base,0.8300000000000001,602,0.004698426573426573,0.9916943521594684,0.708185053380783,0.8262975778546713,0.7719803752064971,54456.69,27301.401000000005,1204.0,50.0,83012.09100000001
base,0.8310000000000001,602,0.004698426573426573,0.9916943521594684,0.708185053380783,0.8262975778546713,0.7719803752064971,54456.69,27301.401000000005,1204.0,50.0,83012.09100000001
base,0.8320000000000001,602,0.004698426573426573,0.9916943521594684,0.708185053380783,0.8262975778546713,0.7719803752064971,54456.69,27301.401000000005,1204.0,50.0,83012.09100000001
base,0.8330000000000001,602,0.004698426573426573,0.9916943521594684,0.708185053380783,0.8262975778546713,0.7719803752064971,54456.69,27301.401000000005,1204.0,50.0,83012.09100000001
base,0.834,602,0.004698426573426573,0.9916943521594684,0.708185053380783,0.8262975778546713,0.7719803752064971,54456.69,27301.401000000005,1204.0,50.0,83012.09100000001
base,0.835,602,0.004698426573426573,0.9916943521594684,0.708185053380783,0.8262975778546713,0.7719803752064971,54456.69,27301.401000000005,1204.0,50.0,83012.09100000001
base,0.836,602,0.004698426573426573,0.9916943521594684,0.708185053380783,0.8262975778546713,0.7719803752064971,54456.69,27301.401000000005,1204.0,50.0,83012.09100000001
base,0.837,602,0.004698426573426573,0.9916943521594684,0.708185053380783,0.8262975778546713,0.7719803752064971,54456.69,27301.401000000005,1204.0,50.0,83012.09100000001
base,0.838,602,0.004698426573426573,0.9916943521594684,0.708185053380783,0.8262975778546713,0.7719803752064971,54456.69,27301.401000000005,1204.0,50.0,83012.09100000001
base,0.839,602,0.004698426573426573,0.9916943521594684,0.708185053380783,0.8262975778546713,0.7719803752064971,54456.69,27301.401000000005,1204.0,50.0,83012.09100000001
base,0.84,602,0.004698426573426573,0.9916943521594684,0.708185053380783,0.8262975778546713,0.7719803752064971,54456.69,27301.401000000005,1204.0,50.0,83012.09100000001
base,0.841,602,0.004698426573426573,0.9916943521594684,0.708185053380783,0.8262975778546713,0.7719803752064971,54456.69,27301.401000000005,1204.0,50.0,83012.09100000001
base,0.842,602,0.004698426573426573,0.9916943521594684,0.708185053380783,0.8262975778546713,0.7719803752064971,54456.69,27301.401000000005,1204.0,50.0,83012.09100000001
base,0.843,602,0.004698426573426573,0.9916943521594684,0.708185053380783,0.8262975778546713,0.7719803752064971,54456.69,27301.401000000005,1204.0,50.0,83012.09100000001
base,0.844,602,0.004698426573426573,0.9916943521594684,0.708185053380783,0.8262975778546713,0.7719803752064971,54456.69,27301.401000000005,1204.0,50.0,83012.09100000001
base,0.845,602,0.004698426573426573,0.9916943521594684,0.708185053380783,0.8262975778546713,0.7719803752064971,54456.69,27301.401000000005,1204.0,50.0,83012.09100000001
base,0.846,602,0.004698426573426573,0.9916943521594684,0.708185053380783,0.8262975778546713,0.7719803752064971,54456.69,27301.401000000005,1204.0,50.0,83012.09100000001
base,0.847,593,0.004628184315684316,0.9915682967959528,0.697508896797153,0.8189415041782729,0.7618078818509515,56866.384999999995,26939.946750000006,1186.0,50.0,85042.33175
base,0.848,593,0.004628184315684316,0.9915682967959528,0.697508896797153,0.8189415041782729,0.7618078818509515,56866.384999999995,26939.946750000006,1186.0,50.0,85042.33175
base,0.849,593,0.004628184315684316,0.9915682967959528,0.697508896797153,0.8189415041782729,0.7618078818509515,56866.384999999995,26939.946750000006,1186.0,50.0,85042.33175
base,0.85,593,0.004628184315684316,0.9915682967959528,0.697508896797153,0.8189415041782729,0.7618078818509515,56866.384999999995,26939.946750000006,1186.0,50.0,85042.33175
base,0.851,593,0.004628184315684316,0.9915682967959528,0.697508896797153,0.8189415041782729,0.7618078818509515,56866.384999999995,26939.946750000006,1186.0,50.0,85042.33175
base,0.852,593,0.004628184315684316,0.9915682967959528,0.697508896797153,0.8189415041782729,0.7618078818509515,56866.384999999995,26939.946750000006,1186.0,50.0,85042.33175
base,0.853,593,0.004628184315684316,0.9915682967959528,0.697508896797153,0.8189415041782729,0.7618078818509515,56866.384999999995,26939.946750000006,1186.0,50.0,85042.33175
base,0.854,593,0.004628184315684316,0.9915682967959528,0.697508896797153,0.8189415041782729,0.7618078818509515,56866.384999999995,26939.946750000006,1186.0,50.0,85042.33175
base,0.855,593,0.004628184315684316,0.9915682967959528,0.697508896797153,0.8189415041782729,0.7618078818509515,56866.384999999995,26939.946750000006,1186.0,50.0,85042.33175
base,0.856,593,0.004628184315684316,0.9915682967959528,0.697508896797153,0.8189415041782729,0.7618078818509515,56866.384999999995,26939.946750000006,1186.0,50.0,85042.33175
base,0.857,593,0.004628184315684316,0.9915682967959528,0.697508896797153,0.8189415041782729,0.7618078818509515,56866.384999999995,26939.946750000006,1186.0,50.0,85042.33175
base,0.858,593,0.004628184315684316,0.9915682967959528,0.697508896797153,0.8189415041782729,0.7618078818509515,56866.384999999995,26939.946750000006,1186.0,50.0,85042.33175
base,0.859,593,0.004628184315684316,0.9915682967959528,0.697508896797153,0.8189415041782729,0.7618078818509515,56866.384999999995,26939.946750000006,1186.0,50.0,85042.33175
base,0.86,593,0.004628184315684316,0.9915682967959528,0.697508896797153,0.8189415041782729,0.7618078818509515,56866.384999999995,26939.946750000006,1186.0,50.0,85042.33175
base,0.861,593,0.004628184315684316,0.9915682967959528,0.697508896797153,0.8189415041782729,0.7618078818509515,56866.384999999995,26939.946750000006,1186.0,50.0,85042.33175
base,0.862,593,0.004628184315684316,0.9915682967959528,0.697508896797153,0.8189415041782729,0.7618078818509515,56866.384999999995,26939.946750000006,1186.0,50.0,85042.33175
base,0.863,593,0.004628184315684316,0.9915682967959528,0.697508896797153,0.8189415041782729,0.7618078818509515,56866.384999999995,26939.946750000006,1186.0,50.0,85042.33175
base,0.864,593,0.004628184315684316,0.9915682967959528,0.697508896797153,0.8189415041782729,0.7618078818509515,56866.384999999995,26939.946750000006,1186.0,50.0,85042.33175
base,0.865,593,0.004628184315684316,0.9915682967959528,0.697508896797153,0.8189415041782729,0.7618078818509515,56866.384999999995,26939.946750000006,1186.0,50.0,85042.33175
base,0.866,593,0.004628184315684316,0.9915682967959528,0.697508896797153,0.8189415041782729,0.7618078818509515,56866.384999999995,26939.946750000006,1186.0,50.0,85042.33175
base,0.867,593,0.004628184315684316,0.9915682967959528,0.697508896797153,0.8189415041782729,0.7618078818509515,56866.384999999995,26939.946750000006,1186.0,50.0,85042.33175
base,0.868,593,0.004628184315684316,0.9915682967959528,0.697508896797153,0.8189415041782729,0.7618078818509515,56866.384999999995,26939.946750000006,1186.0,50.0,85042.33175
base,0.869,593,0.004628184315684316,0.9915682967959528,0.697508896797153,0.8189415041782729,0.7618078818509515,56866.384999999995,26939.946750000006,1186.0,50.0,85042.33175
base,0.87,593,0.004628184315684316,0.9915682967959528,0.697508896797153,0.8189415041782729,0.7618078818509515,56866.384999999995,26939.946750000006,1186.0,50.0,85042.33175
base,0.871,593,0.004628184315684316,0.9915682967959528,0.697508896797153,0.8189415041782729,0.7618078818509515,56866.384999999995,26939.946750000006,1186.0,50.0,85042.33175
base,0.872,543,0.00423794955044955,0.996316758747698,0.641755634638197,0.7806637806637806,0.707704260594258,69673.95999999999,25018.810500000003,1086.0,20.0,95798.7705
base,0.873,543,0.00423794955044955,0.996316758747698,0.641755634638197,0.7806637806637806,0.707704260594258,69673.95999999999,25018.810500000003,1086.0,20.0,95798.7705
base,0.874,543,0.00423794955044955,0.996316758747698,0.641755634638197,0.7806637806637806,0.707704260594258,69673.95999999999,25018.810500000003,1086.0,20.0,95798.7705
base,0.875,543,0.00423794955044955,0.996316758747698,0.641755634638197,0.7806637806637806,0.707704260594258,69673.95999999999,25018.810500000003,1086.0,20.0,95798.7705
base,0.876,543,0.00423794955044955,0.996316758747698,0.641755634638197,0.7806637806637806,0.707704260594258,69673.95999999999,25018.810500000003,1086.0,20.0,95798.7705
base,0.877,543,0.00423794955044955,0.996316758747698,0.641755634638197,0.7806637806637806,0.707704260594258,69673.95999999999,25018.810500000003,1086.0,20.0,95798.7705
base,0.878,543,0.00423794955044955,0.996316758747698,0.641755634638197,0.7806637806637806,0.707704260594258,69673.95999999999,25018.810500000003,1086.0,20.0,95798.7705
base,0.879,543,0.00423794955044955,0.996316758747698,0.641755634638197,0.7806637806637806,0.707704260594258,69673.95999999999,25018.810500000003,1086.0,20.0,95798.7705
base,0.88,543,0.00423794955044955,0.996316758747698,0.641755634638197,0.7806637806637806,0.707704260594258,69673.95999999999,25018.810500000003,1086.0,20.0,95798.7705
base,0.881,543,0.00423794955044955,0.996316758747698,0.641755634638197,0.7806637806637806,0.707704260594258,69673.95999999999,25018.810500000003,1086.0,20.0,95798.7705
base,0.882,543,0.00423794955044955,0.996316758747698,0.641755634638197,0.7806637806637806,0.707704260594258,69673.95999999999,25018.810500000003,1086.0,20.0,95798.7705
base,0.883,543,0.00423794955044955,0.996316758747698,0.641755634638197,0.7806637806637806,0.707704260594258,69673.95999999999,25018.810500000003,1086.0,20.0,95798.7705
base,0.884,543,0.00423794955044955,0.996316758747698,0.641755634638197,0.7806637806637806,0.707704260594258,69673.95999999999,25018.810500000003,1086.0,20.0,95798.7705
base,0.885,543,0.00423794955044955,0.996316758747698,0.641755634638197,0.7806637806637806,0.707704260594258,69673.95999999999,25018.810500000003,1086.0,20.0,95798.7705
base,0.886,543,0.00423794955044955,0.996316758747698,0.641755634638197,0.7806637806637806,0.707704260594258,69673.95999999999,25018.810500000003,1086.0,20.0,95798.7705
base,0.887,543,0.00423794955044955,0.996316758747698,0.641755634638197,0.7806637806637806,0.707704260594258,69673.95999999999,25018.810500000003,1086.0,20.0,95798.7705
base,0.888,543,0.00423794955044955,0.996316758747698,0.641755634638197,0.7806637806637806,0.707704260594258,69673.95999999999,25018.810500000003,1086.0,20.0,95798.7705
base,0.889,543,0.00423794955044955,0.996316758747698,0.641755634638197,0.7806637806637806,0.707704260594258,69673.95999999999,25018.810500000003,1086.0,20.0,95798.7705
base,0.89,543,0.00423794955044955,0.996316758747698,0.641755634638197,0.7806637806637806,0.707704260594258,69673.95999999999,25018.810500000003,1086.0,20.0,95798.7705
base,0.891,543,0.00423794955044955,0.996316758747698,0.641755634638197,0.7806637806637806,0.707704260594258,69673.95999999999,25018.810500000003,1086.0,20.0,95798.7705
base,0.892,543,0.00423794955044955,0.996316758747698,0.641755634638197,0.7806637806637806,0.707704260594258,69673.95999999999,25018.810500000003,1086.0,20.0,95798.7705
base,0.893,543,0.00423794955044955,0.996316758747698,0.641755634638197,0.7806637806637806,0.707704260594258,69673.95999999999,25018.810500000003,1086.0,20.0,95798.7705
base,0.894,543,0.00423794955044955,0.996316758747698,0.641755634638197,0.7806637806637806,0.707704260594258,69673.95999999999,25018.810500000003,1086.0,20.0,95798.7705
base,0.895,543,0.00423794955044955,0.996316758747698,0.641755634638197,0.7806637806637806,0.707704260594258,69673.95999999999,25018.810500000003,1086.0,20.0,95798.7705
base,0.896,543,0.00423794955044955,0.996316758747698,0.641755634638197,0.7806637806637806,0.707704260594258,69673.95999999999,25018.810500000003,1086.0,20.0,95798.7705
base,0.897,543,0.00423794955044955,0.996316758747698,0.641755634638197,0.7806637806637806,0.707704260594258,69673.95999999999,25018.810500000003,1086.0,20.0,95798.7705
base,0.898,542,0.004230144855144855,0.996309963099631,0.6405693950177936,0.779783393501805,0.7070868800864496,69824.745,24996.192750000006,1084.0,20.0,95924.93775
base,0.899,542,0.004230144855144855,0.996309963099631,0.6405693950177936,0.779783393501805,0.7070868800864496,69824.745,24996.192750000006,1084.0,20.0,95924.93775
base,0.9,542,0.004230144855144855,0.996309963099631,0.6405693950177936,0.779783393501805,0.7070868800864496,69824.745,24996.192750000006,1084.0,20.0,95924.93775
base,0.901,542,0.004230144855144855,0.996309963099631,0.6405693950177936,0.779783393501805,0.7070868800864496,69824.745,24996.192750000006,1084.0,20.0,95924.93775
base,0.902,542,0.004230144855144855,0.996309963099631,0.6405693950177936,0.779783393501805,0.7070868800864496,69824.745,24996.192750000006,1084.0,20.0,95924.93775
base,0.903,542,0.004230144855144855,0.996309963099631,0.6405693950177936,0.779783393501805,0.7070868800864496,69824.745,24996.192750000006,1084.0,20.0,95924.93775
base,0.904,542,0.004230144855144855,0.996309963099631,0.6405693950177936,0.779783393501805,0.7070868800864496,69824.745,24996.192750000006,1084.0,20.0,95924.93775
base,0.905,542,0.004230144855144855,0.996309963099631,0.6405693950177936,0.779783393501805,0.7070868800864496,69824.745,24996.192750000006,1084.0,20.0,95924.93775
base,0.906,542,0.004230144855144855,0.996309963099631,0.6405693950177936,0.779783393501805,0.7070868800864496,69824.745,24996.192750000006,1084.0,20.0,95924.93775
base,0.907,542,0.004230144855144855,0.996309963099631,0.6405693950177936,0.779783393501805,0.7070868800864496,69824.745,24996.192750000006,1084.0,20.0,95924.93775
base,0.908,542,0.004230144855144855,0.996309963099631,0.6405693950177936,0.779783393501805,0.7070868800864496,69824.745,24996.192750000006,1084.0,20.0,95924.93775
base,0.909,542,0.004230144855144855,0.996309963099631,0.6405693950177936,0.779783393501805,0.7070868800864496,69824.745,24996.192750000006,1084.0,20.0,95924.93775
base,0.91,542,0.004230144855144855,0.996309963099631,0.6405693950177936,0.779783393501805,0.7070868800864496,69824.745,24996.192750000006,1084.0,20.0,95924.93775
base,0.911,542,0.004230144855144855,0.996309963099631,0.6405693950177936,0.779783393501805,0.7070868800864496,69824.745,24996.192750000006,1084.0,20.0,95924.93775
base,0.912,542,0.004230144855144855,0.996309963099631,0.6405693950177936,0.779783393501805,0.7070868800864496,69824.745,24996.192750000006,1084.0,20.0,95924.93775
base,0.913,541,0.00422234015984016,0.9963031423290203,0.6393831553973903,0.7789017341040463,0.7054545283918511,70206.98,24938.857500000002,1082.0,20.0,96247.8375
base,0.914,541,0.00422234015984016,0.9963031423290203,0.6393831553973903,0.7789017341040463,0.7054545283918511,70206.98,24938.857500000002,1082.0,20.0,96247.8375
base,0.915,541,0.00422234015984016,0.9963031423290203,0.6393831553973903,0.7789017341040463,0.7054545283918511,70206.98,24938.857500000002,1082.0,20.0,96247.8375
base,0.916,541,0.00422234015984016,0.9963031423290203,0.6393831553973903,0.7789017341040463,0.7054545283918511,70206.98,24938.857500000002,1082.0,20.0,96247.8375
base,0.917,541,0.00422234015984016,0.9963031423290203,0.6393831553973903,0.7789017341040463,0.7054545283918511,70206.98,24938.857500000002,1082.0,20.0,96247.8375
base,0.918,541,0.00422234015984016,0.9963031423290203,0.6393831553973903,0.7789017341040463,0.7054545283918511,70206.98,24938.857500000002,1082.0,20.0,96247.8375
base,0.919,541,0.00422234015984016,0.9963031423290203,0.6393831553973903,0.7789017341040463,0.7054545283918511,70206.98,24938.857500000002,1082.0,20.0,96247.8375
base,0.92,541,0.00422234015984016,0.9963031423290203,0.6393831553973903,0.7789017341040463,0.7054545283918511,70206.98,24938.857500000002,1082.0,20.0,96247.8375
base,0.921,541,0.00422234015984016,0.9963031423290203,0.6393831553973903,0.7789017341040463,0.7054545283918511,70206.98,24938.857500000002,1082.0,20.0,96247.8375
base,0.922,541,0.00422234015984016,0.9963031423290203,0.6393831553973903,0.7789017341040463,0.7054545283918511,70206.98,24938.857500000002,1082.0,20.0,96247.8375
base,0.923,541,0.00422234015984016,0.9963031423290203,0.6393831553973903,0.7789017341040463,0.7054545283918511,70206.98,24938.857500000002,1082.0,20.0,96247.8375
base,0.924,541,0.00422234015984016,0.9963031423290203,0.6393831553973903,0.7789017341040463,0.7054545283918511,70206.98,24938.857500000002,1082.0,20.0,96247.8375
base,0.925,541,0.00422234015984016,0.9963031423290203,0.6393831553973903,0.7789017341040463,0.7054545283918511,70206.98,24938.857500000002,1082.0,20.0,96247.8375
base,0.926,541,0.00422234015984016,0.9963031423290203,0.6393831553973903,0.7789017341040463,0.7054545283918511,70206.98,24938.857500000002,1082.0,20.0,96247.8375
base,0.927,541,0.00422234015984016,0.9963031423290203,0.6393831553973903,0.7789017341040463,0.7054545283918511,70206.98,24938.857500000002,1082.0,20.0,96247.8375
base,0.928,541,0.00422234015984016,0.9963031423290203,0.6393831553973903,0.7789017341040463,0.7054545283918511,70206.98,24938.857500000002,1082.0,20.0,96247.8375
base,0.929,541,0.00422234015984016,0.9963031423290203,0.6393831553973903,0.7789017341040463,0.7054545283918511,70206.98,24938.857500000002,1082.0,20.0,96247.8375
base,0.93,541,0.00422234015984016,0.9963031423290203,0.6393831553973903,0.7789017341040463,0.7054545283918511,70206.98,24938.857500000002,1082.0,20.0,96247.8375
base,0.931,541,0.00422234015984016,0.9963031423290203,0.6393831553973903,0.7789017341040463,0.7054545283918511,70206.98,24938.857500000002,1082.0,20.0,96247.8375
base,0.932,541,0.00422234015984016,0.9963031423290203,0.6393831553973903,0.7789017341040463,0.7054545283918511,70206.98,24938.857500000002,1082.0,20.0,96247.8375
base,0.933,541,0.00422234015984016,0.9963031423290203,0.6393831553973903,0.7789017341040463,0.7054545283918511,70206.98,24938.857500000002,1082.0,20.0,96247.8375
base,0.934,541,0.00422234015984016,0.9963031423290203,0.6393831553973903,0.7789017341040463,0.7054545283918511,70206.98,24938.857500000002,1082.0,20.0,96247.8375
base,0.935,541,0.00422234015984016,0.9963031423290203,0.6393831553973903,0.7789017341040463,0.7054545283918511,70206.98,24938.857500000002,1082.0,20.0,96247.8375
base,0.936,541,0.00422234015984016,0.9963031423290203,0.6393831553973903,0.7789017341040463,0.7054545283918511,70206.98,24938.857500000002,1082.0,20.0,96247.8375
base,0.937,541,0.00422234015984016,0.9963031423290203,0.6393831553973903,0.7789017341040463,0.7054545283918511,70206.98,24938.857500000002,1082.0,20.0,96247.8375
base,0.9380000000000001,541,0.00422234015984016,0.9963031423290203,0.6393831553973903,0.7789017341040463,0.7054545283918511,70206.98,24938.857500000002,1082.0,20.0,96247.8375
base,0.9390000000000001,541,0.00422234015984016,0.9963031423290203,0.6393831553973903,0.7789017341040463,0.7054545283918511,70206.98,24938.857500000002,1082.0,20.0,96247.8375
base,0.9400000000000001,541,0.00422234015984016,0.9963031423290203,0.6393831553973903,0.7789017341040463,0.7054545283918511,70206.98,24938.857500000002,1082.0,20.0,96247.8375
base,0.9410000000000001,541,0.00422234015984016,0.9963031423290203,0.6393831553973903,0.7789017341040463,0.7054545283918511,70206.98,24938.857500000002,1082.0,20.0,96247.8375
base,0.9420000000000001,541,0.00422234015984016,0.9963031423290203,0.6393831553973903,0.7789017341040463,0.7054545283918511,70206.98,24938.857500000002,1082.0,20.0,96247.8375
base,0.9430000000000001,541,0.00422234015984016,0.9963031423290203,0.6393831553973903,0.7789017341040463,0.7054545283918511,70206.98,24938.857500000002,1082.0,20.0,96247.8375
base,0.9440000000000001,541,0.00422234015984016,0.9963031423290203,0.6393831553973903,0.7789017341040463,0.7054545283918511,70206.98,24938.857500000002,1082.0,20.0,96247.8375
base,0.9450000000000001,541,0.00422234015984016,0.9963031423290203,0.6393831553973903,0.7789017341040463,0.7054545283918511,70206.98,24938.857500000002,1082.0,20.0,96247.8375
base,0.9460000000000001,541,0.00422234015984016,0.9963031423290203,0.6393831553973903,0.7789017341040463,0.7054545283918511,70206.98,24938.857500000002,1082.0,20.0,96247.8375
base,0.9470000000000001,541,0.00422234015984016,0.9963031423290203,0.6393831553973903,0.7789017341040463,0.7054545283918511,70206.98,24938.857500000002,1082.0,20.0,96247.8375
base,0.9480000000000001,541,0.00422234015984016,0.9963031423290203,0.6393831553973903,0.7789017341040463,0.7054545283918511,70206.98,24938.857500000002,1082.0,20.0,96247.8375
base,0.9490000000000001,541,0.00422234015984016,0.9963031423290203,0.6393831553973903,0.7789017341040463,0.7054545283918511,70206.98,24938.857500000002,1082.0,20.0,96247.8375
base,0.9500000000000001,541,0.00422234015984016,0.9963031423290203,0.6393831553973903,0.7789017341040463,0.7054545283918511,70206.98,24938.857500000002,1082.0,20.0,96247.8375
base,0.9510000000000001,541,0.00422234015984016,0.9963031423290203,0.6393831553973903,0.7789017341040463,0.7054545283918511,70206.98,24938.857500000002,1082.0,20.0,96247.8375
base,0.9520000000000001,541,0.00422234015984016,0.9963031423290203,0.6393831553973903,0.7789017341040463,0.7054545283918511,70206.98,24938.857500000002,1082.0,20.0,96247.8375
base,0.9530000000000001,541,0.00422234015984016,0.9963031423290203,0.6393831553973903,0.7789017341040463,0.7054545283918511,70206.98,24938.857500000002,1082.0,20.0,96247.8375
base,0.9540000000000001,541,0.00422234015984016,0.9963031423290203,0.6393831553973903,0.7789017341040463,0.7054545283918511,70206.98,24938.857500000002,1082.0,20.0,96247.8375
base,0.9550000000000001,541,0.00422234015984016,0.9963031423290203,0.6393831553973903,0.7789017341040463,0.7054545283918511,70206.98,24938.857500000002,1082.0,20.0,96247.8375
base,0.9560000000000001,541,0.00422234015984016,0.9963031423290203,0.6393831553973903,0.7789017341040463,0.7054545283918511,70206.98,24938.857500000002,1082.0,20.0,96247.8375
base,0.9570000000000001,541,0.00422234015984016,0.9963031423290203,0.6393831553973903,0.7789017341040463,0.7054545283918511,70206.98,24938.857500000002,1082.0,20.0,96247.8375
base,0.9580000000000001,541,0.00422234015984016,0.9963031423290203,0.6393831553973903,0.7789017341040463,0.7054545283918511,70206.98,24938.857500000002,1082.0,20.0,96247.8375
base,0.9590000000000001,541,0.00422234015984016,0.9963031423290203,0.6393831553973903,0.7789017341040463,0.7054545283918511,70206.98,24938.857500000002,1082.0,20.0,96247.8375
base,0.9600000000000001,541,0.00422234015984016,0.9963031423290203,0.6393831553973903,0.7789017341040463,0.7054545283918511,70206.98,24938.857500000002,1082.0,20.0,96247.8375
base,0.961,541,0.00422234015984016,0.9963031423290203,0.6393831553973903,0.7789017341040463,0.7054545283918511,70206.98,24938.857500000002,1082.0,20.0,96247.8375
base,0.962,541,0.00422234015984016,0.9963031423290203,0.6393831553973903,0.7789017341040463,0.7054545283918511,70206.98,24938.857500000002,1082.0,20.0,96247.8375
base,0.963,541,0.00422234015984016,0.9963031423290203,0.6393831553973903,0.7789017341040463,0.7054545283918511,70206.98,24938.857500000002,1082.0,20.0,96247.8375
base,0.964,541,0.00422234015984016,0.9963031423290203,0.6393831553973903,0.7789017341040463,0.7054545283918511,70206.98,24938.857500000002,1082.0,20.0,96247.8375
base,0.965,541,0.00422234015984016,0.9963031423290203,0.6393831553973903,0.7789017341040463,0.7054545283918511,70206.98,24938.857500000002,1082.0,20.0,96247.8375
base,0.966,541,0.00422234015984016,0.9963031423290203,0.6393831553973903,0.7789017341040463,0.7054545283918511,70206.98,24938.857500000002,1082.0,20.0,96247.8375
base,0.967,541,0.00422234015984016,0.9963031423290203,0.6393831553973903,0.7789017341040463,0.7054545283918511,70206.98,24938.857500000002,1082.0,20.0,96247.8375
base,0.968,541,0.00422234015984016,0.9963031423290203,0.6393831553973903,0.7789017341040463,0.7054545283918511,70206.98,24938.857500000002,1082.0,20.0,96247.8375
base,0.969,541,0.00422234015984016,0.9963031423290203,0.6393831553973903,0.7789017341040463,0.7054545283918511,70206.98,24938.857500000002,1082.0,20.0,96247.8375
base,0.97,541,0.00422234015984016,0.9963031423290203,0.6393831553973903,0.7789017341040463,0.7054545283918511,70206.98,24938.857500000002,1082.0,20.0,96247.8375
base,0.971,541,0.00422234015984016,0.9963031423290203,0.6393831553973903,0.7789017341040463,0.7054545283918511,70206.98,24938.857500000002,1082.0,20.0,96247.8375
base,0.972,541,0.00422234015984016,0.9963031423290203,0.6393831553973903,0.7789017341040463,0.7054545283918511,70206.98,24938.857500000002,1082.0,20.0,96247.8375
base,0.973,541,0.00422234015984016,0.9963031423290203,0.6393831553973903,0.7789017341040463,0.7054545283918511,70206.98,24938.857500000002,1082.0,20.0,96247.8375
base,0.974,541,0.00422234015984016,0.9963031423290203,0.6393831553973903,0.7789017341040463,0.7054545283918511,70206.98,24938.857500000002,1082.0,20.0,96247.8375
base,0.975,541,0.00422234015984016,0.9963031423290203,0.6393831553973903,0.7789017341040463,0.7054545283918511,70206.98,24938.857500000002,1082.0,20.0,96247.8375
base,0.976,541,0.00422234015984016,0.9963031423290203,0.6393831553973903,0.7789017341040463,0.7054545283918511,70206.98,24938.857500000002,1082.0,20.0,96247.8375
base,0.977,541,0.00422234015984016,0.9963031423290203,0.6393831553973903,0.7789017341040463,0.7054545283918511,70206.98,24938.857500000002,1082.0,20.0,96247.8375
base,0.978,541,0.00422234015984016,0.9963031423290203,0.6393831553973903,0.7789017341040463,0.7054545283918511,70206.98,24938.857500000002,1082.0,20.0,96247.8375
base,0.979,541,0.00422234015984016,0.9963031423290203,0.6393831553973903,0.7789017341040463,0.7054545283918511,70206.98,24938.857500000002,1082.0,20.0,96247.8375
base,0.98,437,0.003410651848151848,1.0,0.5183867141162515,0.6828125,0.5803313406219184,99759.57500000001,20505.96825,874.0,0.0,121139.54325000002
base,0.981,437,0.003410651848151848,1.0,0.5183867141162515,0.6828125,0.5803313406219184,99759.57500000001,20505.96825,874.0,0.0,121139.54325000002
base,0.982,437,0.003410651848151848,1.0,0.5183867141162515,0.6828125,0.5803313406219184,99759.57500000001,20505.96825,874.0,0.0,121139.54325000002
base,0.983,437,0.003410651848151848,1.0,0.5183867141162515,0.6828125,0.5803313406219184,99759.57500000001,20505.96825,874.0,0.0,121139.54325000002
base,0.984,437,0.003410651848151848,1.0,0.5183867141162515,0.6828125,0.5803313406219184,99759.57500000001,20505.96825,874.0,0.0,121139.54325000002
base,0.985,436,0.003402847152847153,1.0,0.5172004744958482,0.6817826426896012,0.5803096554522548,99774.52,20503.726500000004,872.0,0.0,121150.24650000001
base,0.986,436,0.003402847152847153,1.0,0.5172004744958482,0.6817826426896012,0.5803096554522548,99774.52,20503.726500000004,872.0,0.0,121150.24650000001
base,0.987,379,0.0029579795204795205,1.0,0.44958481613285883,0.6202945990180033,0.5142249669931547,115414.20999999999,18157.773000000005,758.0,0.0,134329.983
base,0.988,379,0.0029579795204795205,1.0,0.44958481613285883,0.6202945990180033,0.5142249669931547,115414.20999999999,18157.773000000005,758.0,0.0,134329.983
base,0.989,379,0.0029579795204795205,1.0,0.44958481613285883,0.6202945990180033,0.5142249669931547,115414.20999999999,18157.773000000005,758.0,0.0,134329.983
base,0.99,379,0.0029579795204795205,1.0,0.44958481613285883,0.6202945990180033,0.5142249669931547,115414.20999999999,18157.773000000005,758.0,0.0,134329.983
base,0.991,379,0.0029579795204795205,1.0,0.44958481613285883,0.6202945990180033,0.5142249669931547,115414.20999999999,18157.773000000005,758.0,0.0,134329.983
base,0.992,379,0.0029579795204795205,1.0,0.44958481613285883,0.6202945990180033,0.5142249669931547,115414.20999999999,18157.773000000005,758.0,0.0,134329.983
base,0.993,379,0.0029579795204795205,1.0,0.44958481613285883,0.6202945990180033,0.5142249669931547,115414.20999999999,18157.773000000005,758.0,0.0,134329.983
base,0.994,379,0.0029579795204795205,1.0,0.44958481613285883,0.6202945990180033,0.5142249669931547,115414.20999999999,18157.773000000005,758.0,0.0,134329.983
base,0.995,379,0.0029579795204795205,1.0,0.44958481613285883,0.6202945990180033,0.5142249669931547,115414.20999999999,18157.773000000005,758.0,0.0,134329.983
base,0.996,379,0.0029579795204795205,1.0,0.44958481613285883,0.6202945990180033,0.5142249669931547,115414.20999999999,18157.773000000005,758.0,0.0,134329.983
base,0.997,379,0.0029579795204795205,1.0,0.44958481613285883,0.6202945990180033,0.5142249669931547,115414.20999999999,18157.773000000005,758.0,0.0,134329.983
base,0.998,379,0.0029579795204795205,1.0,0.44958481613285883,0.6202945990180033,0.5142249669931547,115414.20999999999,18157.773000000005,758.0,0.0,134329.983
base,0.999,379,0.0029579795204795205,1.0,0.44958481613285883,0.6202945990180033,0.5142249669931547,115414.20999999999,18157.773000000005,758.0,0.0,134329.983
high_loss,0.001,6156,0.048045704295704296,0.13482781026640675,0.9845788849347569,0.23717673953421917,0.9948249406025882,2620.2,23515.59300000002,18468.0,53260.0,97863.79300000002
high_loss,0.002,5384,0.04202047952047952,0.15397473997028233,0.9833926453143536,0.2662598361972057,0.9929028101392575,3516.83,23470.76150000002,16152.0,45550.0,88689.59150000001
high_loss,0.003,5384,0.04202047952047952,0.15397473997028233,0.9833926453143536,0.2662598361972057,0.9929028101392575,3516.83,23470.76150000002,16152.0,45550.0,88689.59150000001
high_loss,0.004,3594,0.028050074925074924,0.22927100723427934,0.9774614472123369,0.37142213207121927,0.9922087092991404,3933.3900000000003,23449.933500000025,10782.0,27700.0,65865.32350000003
high_loss,0.005,3594,0.028050074925074924,0.22927100723427934,0.9774614472123369,0.37142213207121927,0.9922087092991404,3933.3900000000003,23449.933500000025,10782.0,27700.0,65865.32350000003
high_loss,0.006,3593,0.028042270229770228,0.22933481770108544,0.9774614472123369,0.3715058611361587,0.9922087092991404,3933.3900000000003,23449.933500000025,10779.0,27690.0,65852.32350000003
high_loss,0.007,2977,0.023234577922077924,0.27611689620423246,0.9750889679715302,0.43036649214659684,0.9919343666875802,4098.51,23441.67750000002,8931.0,21550.0,58021.18750000002
high_loss,0.008,2318,0.018091283716283716,0.35202761000862814,0.9679715302491103,0.5162923125593166,0.9882760851432119,5886.950000000001,23352.25550000002,6954.0,15020.0,51213.205500000025
high_loss,0.009000000000000001,2129,0.016616196303696304,0.38139971817754814,0.963226571767497,0.5464333781965006,0.986441002327571,6803.880000000002,23306.40900000002,6387.0,13170.0,49667.28900000002
high_loss,0.010000000000000002,2129,0.016616196303696304,0.38139971817754814,0.963226571767497,0.5464333781965006,0.986441002327571,6803.880000000002,23306.40900000002,6387.0,13170.0,49667.28900000002
high_loss,0.011,2129,0.016616196303696304,0.38139971817754814,0.963226571767497,0.5464333781965006,0.986441002327571,6803.880000000002,23306.40900000002,6387.0,13170.0,49667.28900000002
high_loss,0.012,1904,0.01486013986013986,0.4254201680672269,0.9608540925266904,0.5897342555515107,0.9859414760027178,7071.699999999999,23293.01800000002,5712.0,10940.0,47016.718000000015
high_loss,0.013000000000000001,1904,0.01486013986013986,0.4254201680672269,0.9608540925266904,0.5897342555515107,0.9859414760027178,7071.699999999999,23293.01800000002,5712.0,10940.0,47016.718000000015
high_loss,0.014000000000000002,1904,0.01486013986013986,0.4254201680672269,0.9608540925266904,0.5897342555515107,0.9859414760027178,7071.699999999999,23293.01800000002,5712.0,10940.0,47016.718000000015
high_loss,0.015,1904,0.01486013986013986,0.4254201680672269,0.9608540925266904,0.5897342555515107,0.9859414760027178,7071.699999999999,23293.01800000002,5712.0,10940.0,47016.718000000015
high_loss,0.016,1837,0.014337225274725274,0.43984757757212845,0.9584816132858838,0.6029850746268657,0.9859217422790603,7120.7,23290.56800000002,5511.0,10290.0,46212.268000000025
high_loss,0.017,1837,0.014337225274725274,0.43984757757212845,0.9584816132858838,0.6029850746268657,0.9859217422790603,7120.7,23290.56800000002,5511.0,10290.0,46212.268000000025
high_loss,0.018000000000000002,1837,0.014337225274725274,0.43984757757212845,0.9584816132858838,0.6029850746268657,0.9859217422790603,7120.7,23290.56800000002,5511.0,10290.0,46212.268000000025
high_loss,0.019000000000000003,1637,0.012776286213786214,0.48869883934025654,0.9489916963226572,0.6451612903225806,0.9785681894216456,10634.449999999999,23114.88050000002,4911.0,8370.0,47030.33050000002
high_loss,0.02,1637,0.012776286213786214,0.48869883934025654,0.9489916963226572,0.6451612903225806,0.9785681894216456,10634.449999999999,23114.88050000002,4911.0,8370.0,47030.33050000002
high_loss,0.021,1637,0.012776286213786214,0.48869883934025654,0.9489916963226572,0.6451612903225806,0.9785681894216456,10634.449999999999,23114.88050000002,4911.0,8370.0,47030.33050000002
high_loss,0.022000000000000002,1637,0.012776286213786214,0.48869883934025654,0.9489916963226572,0.6451612903225806,0.9785681894216456,10634.449999999999,23114.88050000002,4911.0,8370.0,47030.33050000002
high_loss,0.023,1390,0.010848526473526474,0.5683453237410072,0.9371293001186239,0.7075682937751904,0.9729963725469174,13375.599999999997,22977.82300000002,4170.0,6000.0,46523.42300000002
high_loss,0.024,1390,0.010848526473526474,0.5683453237410072,0.9371293001186239,0.7075682937751904,0.9729963725469174,13375.599999999997,22977.82300000002,4170.0,6000.0,46523.42300000002
high_loss,0.025,1390,0.010848526473526474,0.5683453237410072,0.9371293001186239,0.7075682937751904,0.9729963725469174,13375.599999999997,22977.82300000002,4170.0,6000.0,46523.42300000002
high_loss,0.026000000000000002,1390,0.010848526473526474,0.5683453237410072,0.9371293001186239,0.7075682937751904,0.9729963725469174,13375.599999999997,22977.82300000002,4170.0,6000.0,46523.42300000002
high_loss,0.027000000000000003,1390,0.010848526473526474,0.5683453237410072,0.9371293001186239,0.7075682937751904,0.9729963725469174,13375.599999999997,22977.82300000002,4170.0,6000.0,46523.42300000002
high_loss,0.028,1390,0.010848526473526474,0.5683453237410072,0.9371293001186239,0.7075682937751904,0.9729963725469174,13375.599999999997,22977.82300000002,4170.0,6000.0,46523.42300000002
high_loss,0.029,1390,0.010848526473526474,0.5683453237410072,0.9371293001186239,0.7075682937751904,0.9729963725469174,13375.599999999997,22977.82300000002,4170.0,6000.0,46523.42300000002
high_loss,0.030000000000000002,1390,0.010848526473526474,0.5683453237410072,0.9371293001186239,0.7075682937751904,0.9729963725469174,13375.599999999997,22977.82300000002,4170.0,6000.0,46523.42300000002
high_loss,0.031,1390,0.010848526473526474,0.5683453237410072,0.9371293001186239,0.7075682937751904,0.9729963725469174,13375.599999999997,22977.82300000002,4170.0,6000.0,46523.42300000002
high_loss,0.032,1390,0.010848526473526474,0.5683453237410072,0.9371293001186239,0.7075682937751904,0.9729963725469174,13375.599999999997,22977.82300000002,4170.0,6000.0,46523.42300000002
high_loss,0.033,1390,0.010848526473526474,0.5683453237410072,0.9371293001186239,0.7075682937751904,0.9729963725469174,13375.599999999997,22977.82300000002,4170.0,6000.0,46523.42300000002
high_loss,0.034,1390,0.010848526473526474,0.5683453237410072,0.9371293001186239,0.7075682937751904,0.9729963725469174,13375.599999999997,22977.82300000002,4170.0,6000.0,46523.42300000002
high_loss,0.035,1390,0.010848526473526474,0.5683453237410072,0.9371293001186239,0.7075682937751904,0.9729963725469174,13375.599999999997,22977.82300000002,4170.0,6000.0,46523.42300000002
high_loss,0.036000000000000004,1390,0.010848526473526474,0.5683453237410072,0.9371293001186239,0.7075682937751904,0.9729963725469174,13375.599999999997,22977.82300000002,4170.0,6000.0,46523.42300000002
high_loss,0.037000000000000005,1390,0.010848526473526474,0.5683453237410072,0.9371293001186239,0.7075682937751904,0.9729963725469174,13375.599999999997,22977.82300000002,4170.0,6000.0,46523.42300000002
high_loss,0.038,1390,0.010848526473526474,0.5683453237410072,0.9371293001186239,0.7075682937751904,0.9729963725469174,13375.599999999997,22977.82300000002,4170.0,6000.0,46523.42300000002
high_loss,0.039,1390,0.010848526473526474,0.5683453237410072,0.9371293001186239,0.7075682937751904,0.9729963725469174,13375.599999999997,22977.82300000002,4170.0,6000.0,46523.42300000002
high_loss,0.04,1390,0.010848526473526474,0.5683453237410072,0.9371293001186239,0.7075682937751904,0.9729963725469174,13375.599999999997,22977.82300000002,4170.0,6000.0,46523.42300000002
high_loss,0.041,1390,0.010848526473526474,0.5683453237410072,0.9371293001186239,0.7075682937751904,0.9729963725469174,13375.599999999997,22977.82300000002,4170.0,6000.0,46523.42300000002
high_loss,0.042,1390,0.010848526473526474,0.5683453237410072,0.9371293001186239,0.7075682937751904,0.9729963725469174,13375.599999999997,22977.82300000002,4170.0,6000.0,46523.42300000002
high_loss,0.043000000000000003,1390,0.010848526473526474,0.5683453237410072,0.9371293001186239,0.7075682937751904,0.9729963725469174,13375.599999999997,22977.82300000002,4170.0,6000.0,46523.42300000002
high_loss,0.044000000000000004,1390,0.010848526473526474,0.5683453237410072,0.9371293001186239,0.7075682937751904,0.9729963725469174,13375.599999999997,22977.82300000002,4170.0,6000.0,46523.42300000002
high_loss,0.045,1390,0.010848526473526474,0.5683453237410072,0.9371293001186239,0.7075682937751904,0.9729963725469174,13375.599999999997,22977.82300000002,4170.0,6000.0,46523.42300000002
high_loss,0.046,1390,0.010848526473526474,0.5683453237410072,0.9371293001186239,0.7075682937751904,0.9729963725469174,13375.599999999997,22977.82300000002,4170.0,6000.0,46523.42300000002
high_loss,0.047,1390,0.010848526473526474,0.5683453237410072,0.9371293001186239,0.7075682937751904,0.9729963725469174,13375.599999999997,22977.82300000002,4170.0,6000.0,46523.42300000002
high_loss,0.048,1390,0.010848526473526474,0.5683453237410072,0.9371293001186239,0.7075682937751904,0.9729963725469174,13375.599999999997,22977.82300000002,4170.0,6000.0,46523.42300000002
high_loss,0.049,1390,0.010848526473526474,0.5683453237410072,0.9371293001186239,0.7075682937751904,0.9729963725469174,13375.599999999997,22977.82300000002,4170.0,6000.0,46523.42300000002
high_loss,0.05,1390,0.010848526473526474,0.5683453237410072,0.9371293001186239,0.7075682937751904,0.9729963725469174,13375.599999999997,22977.82300000002,4170.0,6000.0,46523.42300000002
high_loss,0.051000000000000004,1375,0.010731456043956044,0.5738181818181818,0.9359430604982206,0.7114517583408476,0.9729496036218488,13416.929999999997,22975.75650000002,4125.0,5860.0,46377.68650000002
high_loss,0.052000000000000005,1375,0.010731456043956044,0.5738181818181818,0.9359430604982206,0.7114517583408476,0.9729496036218488,13416.929999999997,22975.75650000002,4125.0,5860.0,46377.68650000002
high_loss,0.053000000000000005,1375,0.010731456043956044,0.5738181818181818,0.9359430604982206,0.7114517583408476,0.9729496036218488,13416.929999999997,22975.75650000002,4125.0,5860.0,46377.68650000002
high_loss,0.054,1375,0.010731456043956044,0.5738181818181818,0.9359430604982206,0.7114517583408476,0.9729496036218488,13416.929999999997,22975.75650000002,4125.0,5860.0,46377.68650000002
high_loss,0.055,1375,0.010731456043956044,0.5738181818181818,0.9359430604982206,0.7114517583408476,0.9729496036218488,13416.929999999997,22975.75650000002,4125.0,5860.0,46377.68650000002
high_loss,0.056,1375,0.010731456043956044,0.5738181818181818,0.9359430604982206,0.7114517583408476,0.9729496036218488,13416.929999999997,22975.75650000002,4125.0,5860.0,46377.68650000002
high_loss,0.057,1375,0.010731456043956044,0.5738181818181818,0.9359430604982206,0.7114517583408476,0.9729496036218488,13416.929999999997,22975.75650000002,4125.0,5860.0,46377.68650000002
high_loss,0.058,1375,0.010731456043956044,0.5738181818181818,0.9359430604982206,0.7114517583408476,0.9729496036218488,13416.929999999997,22975.75650000002,4125.0,5860.0,46377.68650000002
high_loss,0.059000000000000004,1375,0.010731456043956044,0.5738181818181818,0.9359430604982206,0.7114517583408476,0.9729496036218488,13416.929999999997,22975.75650000002,4125.0,5860.0,46377.68650000002
high_loss,0.060000000000000005,1135,0.00885832917082917,0.6792951541850221,0.9145907473309609,0.7795753286147624,0.9599873099001067,19688.67,22662.16950000002,3405.0,3640.0,49395.83950000002
high_loss,0.061,1134,0.008850524475524476,0.6798941798941799,0.9145907473309609,0.779969650986343,0.9599873099001067,19688.67,22662.16950000002,3402.0,3630.0,49382.83950000002
high_loss,0.062,1134,0.008850524475524476,0.6798941798941799,0.9145907473309609,0.779969650986343,0.9599873099001067,19688.67,22662.16950000002,3402.0,3630.0,49382.83950000002
high_loss,0.063,1134,0.008850524475524476,0.6798941798941799,0.9145907473309609,0.779969650986343,0.9599873099001067,19688.67,22662.16950000002,3402.0,3630.0,49382.83950000002
high_loss,0.064,1134,0.008850524475524476,0.6798941798941799,0.9145907473309609,0.779969650986343,0.9599873099001067,19688.67,22662.16950000002,3402.0,3630.0,49382.83950000002
high_loss,0.065,1134,0.008850524475524476,0.6798941798941799,0.9145907473309609,0.779969650986343,0.9599873099001067,19688.67,22662.16950000002,3402.0,3630.0,49382.83950000002
high_loss,0.066,1134,0.008850524475524476,0.6798941798941799,0.9145907473309609,0.779969650986343,0.9599873099001067,19688.67,22662.16950000002,3402.0,3630.0,49382.83950000002
high_loss,0.067,1134,0.008850524475524476,0.6798941798941799,0.9145907473309609,0.779969650986343,0.9599873099001067,19688.67,22662.16950000002,3402.0,3630.0,49382.83950000002
high_loss,0.068,1134,0.008850524475524476,0.6798941798941799,0.9145907473309609,0.779969650986343,0.9599873099001067,19688.67,22662.16950000002,3402.0,3630.0,49382.83950000002
high_loss,0.069,1134,0.008850524475524476,0.6798941798941799,0.9145907473309609,0.779969650986343,0.9599873099001067,19688.67,22662.16950000002,3402.0,3630.0,49382.83950000002
high_loss,0.07,1134,0.008850524475524476,0.6798941798941799,0.9145907473309609,0.779969650986343,0.9599873099001067,19688.67,22662.16950000002,3402.0,3630.0,49382.83950000002
high_loss,0.07100000000000001,1134,0.008850524475524476,0.6798941798941799,0.9145907473309609,0.779969650986343,0.9599873099001067,19688.67,22662.16950000002,3402.0,3630.0,49382.83950000002
high_loss,0.07200000000000001,1134,0.008850524475524476,0.6798941798941799,0.9145907473309609,0.779969650986343,0.9599873099001067,19688.67,22662.16950000002,3402.0,3630.0,49382.83950000002
high_loss,0.07300000000000001,1134,0.008850524475524476,0.6798941798941799,0.9145907473309609,0.779969650986343,0.9599873099001067,19688.67,22662.16950000002,3402.0,3630.0,49382.83950000002
high_loss,0.074,1134,0.008850524475524476,0.6798941798941799,0.9145907473309609,0.779969650986343,0.9599873099001067,19688.67,22662.16950000002,3402.0,3630.0,49382.83950000002
high_loss,0.075,1134,0.008850524475524476,0.6798941798941799,0.9145907473309609,0.779969650986343,0.9599873099001067,19688.67,22662.16950000002,3402.0,3630.0,49382.83950000002
high_loss,0.076,1134,0.008850524475524476,0.6798941798941799,0.9145907473309609,0.779969650986343,0.9599873099001067,19688.67,22662.16950000002,3402.0,3630.0,49382.83950000002
high_loss,0.077,1134,0.008850524475524476,0.6798941798941799,0.9145907473309609,0.779969650986343,0.9599873099001067,19688.67,22662.16950000002,3402.0,3630.0,49382.83950000002
high_loss,0.078,1134,0.008850524475524476,0.6798941798941799,0.9145907473309609,0.779969650986343,0.9599873099001067,19688.67,22662.16950000002,3402.0,3630.0,49382.83950000002
high_loss,0.079,1134,0.008850524475524476,0.6798941798941799,0.9145907473309609,0.779969650986343,0.9599873099001067,19688.67,22662.16950000002,3402.0,3630.0,49382.83950000002
high_loss,0.08,1134,0.008850524475524476,0.6798941798941799,0.9145907473309609,0.779969650986343,0.9599873099001067,19688.67,22662.16950000002,3402.0,3630.0,49382.83950000002
high_loss,0.081,1134,0.008850524475524476,0.6798941798941799,0.9145907473309609,0.779969650986343,0.9599873099001067,19688.67,22662.16950000002,3402.0,3630.0,49382.83950000002
high_loss,0.082,1134,0.008850524475524476,0.6798941798941799,0.9145907473309609,0.779969650986343,0.9599873099001067,19688.67,22662.16950000002,3402.0,3630.0,49382.83950000002
high_loss,0.083,1134,0.008850524475524476,0.6798941798941799,0.9145907473309609,0.779969650986343,0.9599873099001067,19688.67,22662.16950000002,3402.0,3630.0,49382.83950000002
high_loss,0.084,1134,0.008850524475524476,0.6798941798941799,0.9145907473309609,0.779969650986343,0.9599873099001067,19688.67,22662.16950000002,3402.0,3630.0,49382.83950000002
high_loss,0.085,1134,0.008850524475524476,0.6798941798941799,0.9145907473309609,0.779969650986343,0.9599873099001067,19688.67,22662.16950000002,3402.0,3630.0,49382.83950000002
high_loss,0.08600000000000001,1134,0.008850524475524476,0.6798941798941799,0.9145907473309609,0.779969650986343,0.9599873099001067,19688.67,22662.16950000002,3402.0,3630.0,49382.83950000002
high_loss,0.08700000000000001,1134,0.008850524475524476,0.6798941798941799,0.9145907473309609,0.779969650986343,0.9599873099001067,19688.67,22662.16950000002,3402.0,3630.0,49382.83950000002
high_loss,0.08800000000000001,1134,0.008850524475524476,0.6798941798941799,0.9145907473309609,0.779969650986343,0.9599873099001067,19688.67,22662.16950000002,3402.0,3630.0,49382.83950000002
high_loss,0.089,1134,0.008850524475524476,0.6798941798941799,0.9145907473309609,0.779969650986343,0.9599873099001067,19688.67,22662.16950000002,3402.0,3630.0,49382.83950000002
high_loss,0.09,1134,0.008850524475524476,0.6798941798941799,0.9145907473309609,0.779969650986343,0.9599873099001067,19688.67,22662.16950000002,3402.0,3630.0,49382.83950000002
high_loss,0.091,1134,0.008850524475524476,0.6798941798941799,0.9145907473309609,0.779969650986343,0.9599873099001067,19688.67,22662.16950000002,3402.0,3630.0,49382.83950000002
high_loss,0.092,1069,0.00834321928071928,0.715622076707203,0.9074733096085409,0.8002092050209205,0.9568653471120332,21232.51,22584.977500000023,3207.0,3040.0,50064.48750000002
high_loss,0.093,1069,0.00834321928071928,0.715622076707203,0.9074733096085409,0.8002092050209205,0.9568653471120332,21232.51,22584.977500000023,3207.0,3040.0,50064.48750000002
high_loss,0.094,1069,0.00834321928071928,0.715622076707203,0.9074733096085409,0.8002092050209205,0.9568653471120332,21232.51,22584.977500000023,3207.0,3040.0,50064.48750000002
high_loss,0.095,1069,0.00834321928071928,0.715622076707203,0.9074733096085409,0.8002092050209205,0.9568653471120332,21232.51,22584.977500000023,3207.0,3040.0,50064.48750000002
high_loss,0.096,1069,0.00834321928071928,0.715622076707203,0.9074733096085409,0.8002092050209205,0.9568653471120332,21232.51,22584.977500000023,3207.0,3040.0,50064.48750000002
high_loss,0.097,1069,0.00834321928071928,0.715622076707203,0.9074733096085409,0.8002092050209205,0.9568653471120332,21232.51,22584.977500000023,3207.0,3040.0,50064.48750000002
high_loss,0.098,1069,0.00834321928071928,0.715622076707203,0.9074733096085409,0.8002092050209205,0.9568653471120332,21232.51,22584.977500000023,3207.0,3040.0,50064.48750000002
high_loss,0.099,1069,0.00834321928071928,0.715622076707203,0.9074733096085409,0.8002092050209205,0.9568653471120332,21232.51,22584.977500000023,3207.0,3040.0,50064.48750000002
high_loss,0.1,1069,0.00834321928071928,0.715622076707203,0.9074733096085409,0.8002092050209205,0.9568653471120332,21232.51,22584.977500000023,3207.0,3040.0,50064.48750000002
high_loss,0.101,1015,0.007921765734265734,0.7467980295566502,0.8991696322657177,0.8159311087190527,0.9516864067489686,23734.479999999996,22459.87900000002,3045.0,2570.0,51809.35900000001
high_loss,0.10200000000000001,971,0.007578359140859141,0.7744593202883625,0.8920521945432978,0.8291069459757442,0.9460746181206541,26413.859999999993,22325.910000000018,2913.0,2190.0,53842.77000000001
high_loss,0.10300000000000001,971,0.007578359140859141,0.7744593202883625,0.8920521945432978,0.8291069459757442,0.9460746181206541,26413.859999999993,22325.910000000018,2913.0,2190.0,53842.77000000001
high_loss,0.10400000000000001,971,0.007578359140859141,0.7744593202883625,0.8920521945432978,0.8291069459757442,0.9460746181206541,26413.859999999993,22325.910000000018,2913.0,2190.0,53842.77000000001
high_loss,0.10500000000000001,971,0.007578359140859141,0.7744593202883625,0.8920521945432978,0.8291069459757442,0.9460746181206541,26413.859999999993,22325.910000000018,2913.0,2190.0,53842.77000000001
high_loss,0.106,971,0.007578359140859141,0.7744593202883625,0.8920521945432978,0.8291069459757442,0.9460746181206541,26413.859999999993,22325.910000000018,2913.0,2190.0,53842.77000000001
high_loss,0.107,971,0.007578359140859141,0.7744593202883625,0.8920521945432978,0.8291069459757442,0.9460746181206541,26413.859999999993,22325.910000000018,2913.0,2190.0,53842.77000000001
high_loss,0.108,971,0.007578359140859141,0.7744593202883625,0.8920521945432978,0.8291069459757442,0.9460746181206541,26413.859999999993,22325.910000000018,2913.0,2190.0,53842.77000000001
high_loss,0.109,971,0.007578359140859141,0.7744593202883625,0.8920521945432978,0.8291069459757442,0.9460746181206541,26413.859999999993,22325.910000000018,2913.0,2190.0,53842.77000000001
high_loss,0.11,971,0.007578359140859141,0.7744593202883625,0.8920521945432978,0.8291069459757442,0.9460746181206541,26413.859999999993,22325.910000000018,2913.0,2190.0,53842.77000000001
high_loss,0.111,971,0.007578359140859141,0.7744593202883625,0.8920521945432978,0.8291069459757442,0.9460746181206541,26413.859999999993,22325.910000000018,2913.0,2190.0,53842.77000000001
high_loss,0.112,971,0.007578359140859141,0.7744593202883625,0.8920521945432978,0.8291069459757442,0.9460746181206541,26413.859999999993,22325.910000000018,2913.0,2190.0,53842.77000000001
high_loss,0.113,971,0.007578359140859141,0.7744593202883625,0.8920521945432978,0.8291069459757442,0.9460746181206541,26413.859999999993,22325.910000000018,2913.0,2190.0,53842.77000000001
high_loss,0.114,971,0.007578359140859141,0.7744593202883625,0.8920521945432978,0.8291069459757442,0.9460746181206541,26413.859999999993,22325.910000000018,2913.0,2190.0,53842.77000000001
high_loss,0.115,971,0.007578359140859141,0.7744593202883625,0.8920521945432978,0.8291069459757442,0.9460746181206541,26413.859999999993,22325.910000000018,2913.0,2190.0,53842.77000000001
high_loss,0.116,971,0.007578359140859141,0.7744593202883625,0.8920521945432978,0.8291069459757442,0.9460746181206541,26413.859999999993,22325.910000000018,2913.0,2190.0,53842.77000000001
high_loss,0.117,971,0.007578359140859141,0.7744593202883625,0.8920521945432978,0.8291069459757442,0.9460746181206541,26413.859999999993,22325.910000000018,2913.0,2190.0,53842.77000000001
high_loss,0.11800000000000001,971,0.007578359140859141,0.7744593202883625,0.8920521945432978,0.8291069459757442,0.9460746181206541,26413.859999999993,22325.910000000018,2913.0,2190.0,53842.77000000001
high_loss,0.11900000000000001,971,0.007578359140859141,0.7744593202883625,0.8920521945432978,0.8291069459757442,0.9460746181206541,26413.859999999993,22325.910000000018,2913.0,2190.0,53842.77000000001
high_loss,0.12000000000000001,971,0.007578359140859141,0.7744593202883625,0.8920521945432978,0.8291069459757442,0.9460746181206541,26413.859999999993,22325.910000000018,2913.0,2190.0,53842.77000000001
high_loss,0.121,971,0.007578359140859141,0.7744593202883625,0.8920521945432978,0.8291069459757442,0.9460746181206541,26413.859999999993,22325.910000000018,2913.0,2190.0,53842.77000000001
high_loss,0.122,971,0.007578359140859141,0.7744593202883625,0.8920521945432978,0.8291069459757442,0.9460746181206541,26413.859999999993,22325.910000000018,2913.0,2190.0,53842.77000000001
high_loss,0.123,971,0.007578359140859141,0.7744593202883625,0.8920521945432978,0.8291069459757442,0.9460746181206541,26413.859999999993,22325.910000000018,2913.0,2190.0,53842.77000000001
high_loss,0.124,971,0.007578359140859141,0.7744593202883625,0.8920521945432978,0.8291069459757442,0.9460746181206541,26413.859999999993,22325.910000000018,2913.0,2190.0,53842.77000000001
high_loss,0.125,971,0.007578359140859141,0.7744593202883625,0.8920521945432978,0.8291069459757442,0.9460746181206541,26413.859999999993,22325.910000000018,2913.0,2190.0,53842.77000000001
high_loss,0.126,971,0.007578359140859141,0.7744593202883625,0.8920521945432978,0.8291069459757442,0.9460746181206541,26413.859999999993,22325.910000000018,2913.0,2190.0,53842.77000000001
high_loss,0.127,971,0.007578359140859141,0.7744593202883625,0.8920521945432978,0.8291069459757442,0.9460746181206541,26413.859999999993,22325.910000000018,2913.0,2190.0,53842.77000000001
high_loss,0.128,971,0.007578359140859141,0.7744593202883625,0.8920521945432978,0.8291069459757442,0.9460746181206541,26413.859999999993,22325.910000000018,2913.0,2190.0,53842.77000000001
high_loss,0.129,971,0.007578359140859141,0.7744593202883625,0.8920521945432978,0.8291069459757442,0.9460746181206541,26413.859999999993,22325.910000000018,2913.0,2190.0,53842.77000000001
high_loss,0.13,971,0.007578359140859141,0.7744593202883625,0.8920521945432978,0.8291069459757442,0.9460746181206541,26413.859999999993,22325.910000000018,2913.0,2190.0,53842.77000000001
high_loss,0.131,971,0.007578359140859141,0.7744593202883625,0.8920521945432978,0.8291069459757442,0.9460746181206541,26413.859999999993,22325.910000000018,2913.0,2190.0,53842.77000000001
high_loss,0.132,971,0.007578359140859141,0.7744593202883625,0.8920521945432978,0.8291069459757442,0.9460746181206541,26413.859999999993,22325.910000000018,2913.0,2190.0,53842.77000000001
high_loss,0.133,971,0.007578359140859141,0.7744593202883625,0.8920521945432978,0.8291069459757442,0.9460746181206541,26413.859999999993,22325.910000000018,2913.0,2190.0,53842.77000000001
high_loss,0.134,971,0.007578359140859141,0.7744593202883625,0.8920521945432978,0.8291069459757442,0.9460746181206541,26413.859999999993,22325.910000000018,2913.0,2190.0,53842.77000000001
high_loss,0.135,971,0.007578359140859141,0.7744593202883625,0.8920521945432978,0.8291069459757442,0.9460746181206541,26413.859999999993,22325.910000000018,2913.0,2190.0,53842.77000000001
high_loss,0.136,886,0.00691496003996004,0.8250564334085779,0.867141162514828,0.8455754771544245,0.9198725087434649,38783.91,21707.40750000002,2658.0,1550.0,64699.31750000002
high_loss,0.137,886,0.00691496003996004,0.8250564334085779,0.867141162514828,0.8455754771544245,0.9198725087434649,38783.91,21707.40750000002,2658.0,1550.0,64699.31750000002
high_loss,0.138,886,0.00691496003996004,0.8250564334085779,0.867141162514828,0.8455754771544245,0.9198725087434649,38783.91,21707.40750000002,2658.0,1550.0,64699.31750000002
high_loss,0.139,886,0.00691496003996004,0.8250564334085779,0.867141162514828,0.8455754771544245,0.9198725087434649,38783.91,21707.40750000002,2658.0,1550.0,64699.31750000002
high_loss,0.14,886,0.00691496003996004,0.8250564334085779,0.867141162514828,0.8455754771544245,0.9198725087434649,38783.91,21707.40750000002,2658.0,1550.0,64699.31750000002
high_loss,0.14100000000000001,886,0.00691496003996004,0.8250564334085779,0.867141162514828,0.8455754771544245,0.9198725087434649,38783.91,21707.40750000002,2658.0,1550.0,64699.31750000002
high_loss,0.14200000000000002,886,0.00691496003996004,0.8250564334085779,0.867141162514828,0.8455754771544245,0.9198725087434649,38783.91,21707.40750000002,2658.0,1550.0,64699.31750000002
high_loss,0.14300000000000002,836,0.006524725274725275,0.8660287081339713,0.8588374851720048,0.8624181060154854,0.914909959623486,41187.19000000001,21587.24350000002,2508.0,1120.0,66402.43350000003
high_loss,0.14400000000000002,836,0.006524725274725275,0.8660287081339713,0.8588374851720048,0.8624181060154854,0.914909959623486,41187.19000000001,21587.24350000002,2508.0,1120.0,66402.43350000003
high_loss,0.14500000000000002,836,0.006524725274725275,0.8660287081339713,0.8588374851720048,0.8624181060154854,0.914909959623486,41187.19000000001,21587.24350000002,2508.0,1120.0,66402.43350000003
high_loss,0.146,836,0.006524725274725275,0.8660287081339713,0.8588374851720048,0.8624181060154854,0.914909959623486,41187.19000000001,21587.24350000002,2508.0,1120.0,66402.43350000003
high_loss,0.147,836,0.006524725274725275,0.8660287081339713,0.8588374851720048,0.8624181060154854,0.914909959623486,41187.19000000001,21587.24350000002,2508.0,1120.0,66402.43350000003
high_loss,0.148,836,0.006524725274725275,0.8660287081339713,0.8588374851720048,0.8624181060154854,0.914909959623486,41187.19000000001,21587.24350000002,2508.0,1120.0,66402.43350000003
high_loss,0.149,836,0.006524725274725275,0.8660287081339713,0.8588374851720048,0.8624181060154854,0.914909959623486,41187.19000000001,21587.24350000002,2508.0,1120.0,66402.43350000003
high_loss,0.15,836,0.006524725274725275,0.8660287081339713,0.8588374851720048,0.8624181060154854,0.914909959623486,41187.19000000001,21587.24350000002,2508.0,1120.0,66402.43350000003
high_loss,0.151,821,0.006407654845154845,0.8757612667478685,0.8529062870699882,0.8641826923076923,0.9081766596269898,44358.06,21428.70000000002,2463.0,1020.0,69269.76000000001
high_loss,0.152,821,0.006407654845154845,0.8757612667478685,0.8529062870699882,0.8641826923076923,0.9081766596269898,44358.06,21428.70000000002,2463.0,1020.0,69269.76000000001
high_loss,0.153,821,0.006407654845154845,0.8757612667478685,0.8529062870699882,0.8641826923076923,0.9081766596269898,44358.06,21428.70000000002,2463.0,1020.0,69269.76000000001
high_loss,0.154,821,0.006407654845154845,0.8757612667478685,0.8529062870699882,0.8641826923076923,0.9081766596269898,44358.06,21428.70000000002,2463.0,1020.0,69269.76000000001
high_loss,0.155,821,0.006407654845154845,0.8757612667478685,0.8529062870699882,0.8641826923076923,0.9081766596269898,44358.06,21428.70000000002,2463.0,1020.0,69269.76000000001
high_loss,0.156,821,0.006407654845154845,0.8757612667478685,0.8529062870699882,0.8641826923076923,0.9081766596269898,44358.06,21428.70000000002,2463.0,1020.0,69269.76000000001
high_loss,0.157,821,0.006407654845154845,0.8757612667478685,0.8529062870699882,0.8641826923076923,0.9081766596269898,44358.06,21428.70000000002,2463.0,1020.0,69269.76000000001
high_loss,0.158,821,0.006407654845154845,0.8757612667478685,0.8529062870699882,0.8641826923076923,0.9081766596269898,44358.06,21428.70000000002,2463.0,1020.0,69269.76000000001
high_loss,0.159,821,0.006407654845154845,0.8757612667478685,0.8529062870699882,0.8641826923076923,0.9081766596269898,44358.06,21428.70000000002,2463.0,1020.0,69269.76000000001
high_loss,0.16,821,0.006407654845154845,0.8757612667478685,0.8529062870699882,0.8641826923076923,0.9081766596269898,44358.06,21428.70000000002,2463.0,1020.0,69269.76000000001
high_loss,0.161,821,0.006407654845154845,0.8757612667478685,0.8529062870699882,0.8641826923076923,0.9081766596269898,44358.06,21428.70000000002,2463.0,1020.0,69269.76000000001
high_loss,0.162,821,0.006407654845154845,0.8757612667478685,0.8529062870699882,0.8641826923076923,0.9081766596269898,44358.06,21428.70000000002,2463.0,1020.0,69269.76000000001
high_loss,0.163,821,0.006407654845154845,0.8757612667478685,0.8529062870699882,0.8641826923076923,0.9081766596269898,44358.06,21428.70000000002,2463.0,1020.0,69269.76000000001
high_loss,0.164,821,0.006407654845154845,0.8757612667478685,0.8529062870699882,0.8641826923076923,0.9081766596269898,44358.06,21428.70000000002,2463.0,1020.0,69269.76000000001
high_loss,0.165,821,0.006407654845154845,0.8757612667478685,0.8529062870699882,0.8641826923076923,0.9081766596269898,44358.06,21428.70000000002,2463.0,1020.0,69269.76000000001
high_loss,0.166,821,0.006407654845154845,0.8757612667478685,0.8529062870699882,0.8641826923076923,0.9081766596269898,44358.06,21428.70000000002,2463.0,1020.0,69269.76000000001
high_loss,0.167,821,0.006407654845154845,0.8757612667478685,0.8529062870699882,0.8641826923076923,0.9081766596269898,44358.06,21428.70000000002,2463.0,1020.0,69269.76000000001
high_loss,0.168,821,0.006407654845154845,0.8757612667478685,0.8529062870699882,0.8641826923076923,0.9081766596269898,44358.06,21428.70000000002,2463.0,1020.0,69269.76000000001
high_loss,0.169,821,0.006407654845154845,0.8757612667478685,0.8529062870699882,0.8641826923076923,0.9081766596269898,44358.06,21428.70000000002,2463.0,1020.0,69269.76000000001
high_loss,0.17,821,0.006407654845154845,0.8757612667478685,0.8529062870699882,0.8641826923076923,0.9081766596269898,44358.06,21428.70000000002,2463.0,1020.0,69269.76000000001
high_loss,0.171,821,0.006407654845154845,0.8757612667478685,0.8529062870699882,0.8641826923076923,0.9081766596269898,44358.06,21428.70000000002,2463.0,1020.0,69269.76000000001
high_loss,0.17200000000000001,821,0.006407654845154845,0.8757612667478685,0.8529062870699882,0.8641826923076923,0.9081766596269898,44358.06,21428.70000000002,2463.0,1020.0,69269.76000000001
high_loss,0.17300000000000001,821,0.006407654845154845,0.8757612667478685,0.8529062870699882,0.8641826923076923,0.9081766596269898,44358.06,21428.70000000002,2463.0,1020.0,69269.76000000001
high_loss,0.17400000000000002,821,0.006407654845154845,0.8757612667478685,0.8529062870699882,0.8641826923076923,0.9081766596269898,44358.06,21428.70000000002,2463.0,1020.0,69269.76000000001
high_loss,0.17500000000000002,821,0.006407654845154845,0.8757612667478685,0.8529062870699882,0.8641826923076923,0.9081766596269898,44358.06,21428.70000000002,2463.0,1020.0,69269.76000000001
high_loss,0.17600000000000002,821,0.006407654845154845,0.8757612667478685,0.8529062870699882,0.8641826923076923,0.9081766596269898,44358.06,21428.70000000002,2463.0,1020.0,69269.76000000001
high_loss,0.177,821,0.006407654845154845,0.8757612667478685,0.8529062870699882,0.8641826923076923,0.9081766596269898,44358.06,21428.70000000002,2463.0,1020.0,69269.76000000001
high_loss,0.178,821,0.006407654845154845,0.8757612667478685,0.8529062870699882,0.8641826923076923,0.9081766596269898,44358.06,21428.70000000002,2463.0,1020.0,69269.76000000001
high_loss,0.179,821,0.006407654845154845,0.8757612667478685,0.8529062870699882,0.8641826923076923,0.9081766596269898,44358.06,21428.70000000002,2463.0,1020.0,69269.76000000001
high_loss,0.18,821,0.006407654845154845,0.8757612667478685,0.8529062870699882,0.8641826923076923,0.9081766596269898,44358.06,21428.70000000002,2463.0,1020.0,69269.76000000001
high_loss,0.181,821,0.006407654845154845,0.8757612667478685,0.8529062870699882,0.8641826923076923,0.9081766596269898,44358.06,21428.70000000002,2463.0,1020.0,69269.76000000001
high_loss,0.182,821,0.006407654845154845,0.8757612667478685,0.8529062870699882,0.8641826923076923,0.9081766596269898,44358.06,21428.70000000002,2463.0,1020.0,69269.76000000001
high_loss,0.183,821,0.006407654845154845,0.8757612667478685,0.8529062870699882,0.8641826923076923,0.9081766596269898,44358.06,21428.70000000002,2463.0,1020.0,69269.76000000001
high_loss,0.184,821,0.006407654845154845,0.8757612667478685,0.8529062870699882,0.8641826923076923,0.9081766596269898,44358.06,21428.70000000002,2463.0,1020.0,69269.76000000001
high_loss,0.185,821,0.006407654845154845,0.8757612667478685,0.8529062870699882,0.8641826923076923,0.9081766596269898,44358.06,21428.70000000002,2463.0,1020.0,69269.76000000001
high_loss,0.186,821,0.006407654845154845,0.8757612667478685,0.8529062870699882,0.8641826923076923,0.9081766596269898,44358.06,21428.70000000002,2463.0,1020.0,69269.76000000001
high_loss,0.187,821,0.006407654845154845,0.8757612667478685,0.8529062870699882,0.8641826923076923,0.9081766596269898,44358.06,21428.70000000002,2463.0,1020.0,69269.76000000001
high_loss,0.188,821,0.006407654845154845,0.8757612667478685,0.8529062870699882,0.8641826923076923,0.9081766596269898,44358.06,21428.70000000002,2463.0,1020.0,69269.76000000001
high_loss,0.189,821,0.006407654845154845,0.8757612667478685,0.8529062870699882,0.8641826923076923,0.9081766596269898,44358.06,21428.70000000002,2463.0,1020.0,69269.76000000001
high_loss,0.19,821,0.006407654845154845,0.8757612667478685,0.8529062870699882,0.8641826923076923,0.9081766596269898,44358.06,21428.70000000002,2463.0,1020.0,69269.76000000001
high_loss,0.191,821,0.006407654845154845,0.8757612667478685,0.8529062870699882,0.8641826923076923,0.9081766596269898,44358.06,21428.70000000002,2463.0,1020.0,69269.76000000001
high_loss,0.192,821,0.006407654845154845,0.8757612667478685,0.8529062870699882,0.8641826923076923,0.9081766596269898,44358.06,21428.70000000002,2463.0,1020.0,69269.76000000001
high_loss,0.193,821,0.006407654845154845,0.8757612667478685,0.8529062870699882,0.8641826923076923,0.9081766596269898,44358.06,21428.70000000002,2463.0,1020.0,69269.76000000001
high_loss,0.194,821,0.006407654845154845,0.8757612667478685,0.8529062870699882,0.8641826923076923,0.9081766596269898,44358.06,21428.70000000002,2463.0,1020.0,69269.76000000001
high_loss,0.195,821,0.006407654845154845,0.8757612667478685,0.8529062870699882,0.8641826923076923,0.9081766596269898,44358.06,21428.70000000002,2463.0,1020.0,69269.76000000001
high_loss,0.196,821,0.006407654845154845,0.8757612667478685,0.8529062870699882,0.8641826923076923,0.9081766596269898,44358.06,21428.70000000002,2463.0,1020.0,69269.76000000001
high_loss,0.197,821,0.006407654845154845,0.8757612667478685,0.8529062870699882,0.8641826923076923,0.9081766596269898,44358.06,21428.70000000002,2463.0,1020.0,69269.76000000001
high_loss,0.198,821,0.006407654845154845,0.8757612667478685,0.8529062870699882,0.8641826923076923,0.9081766596269898,44358.06,21428.70000000002,2463.0,1020.0,69269.76000000001
high_loss,0.199,821,0.006407654845154845,0.8757612667478685,0.8529062870699882,0.8641826923076923,0.9081766596269898,44358.06,21428.70000000002,2463.0,1020.0,69269.76000000001
high_loss,0.2,821,0.006407654845154845,0.8757612667478685,0.8529062870699882,0.8641826923076923,0.9081766596269898,44358.06,21428.70000000002,2463.0,1020.0,69269.76000000001
high_loss,0.201,821,0.006407654845154845,0.8757612667478685,0.8529062870699882,0.8641826923076923,0.9081766596269898,44358.06,21428.70000000002,2463.0,1020.0,69269.76000000001
high_loss,0.202,821,0.006407654845154845,0.8757612667478685,0.8529062870699882,0.8641826923076923,0.9081766596269898,44358.06,21428.70000000002,2463.0,1020.0,69269.76000000001
high_loss,0.203,821,0.006407654845154845,0.8757612667478685,0.8529062870699882,0.8641826923076923,0.9081766596269898,44358.06,21428.70000000002,2463.0,1020.0,69269.76000000001
high_loss,0.20400000000000001,821,0.006407654845154845,0.8757612667478685,0.8529062870699882,0.8641826923076923,0.9081766596269898,44358.06,21428.70000000002,2463.0,1020.0,69269.76000000001
high_loss,0.20500000000000002,821,0.006407654845154845,0.8757612667478685,0.8529062870699882,0.8641826923076923,0.9081766596269898,44358.06,21428.70000000002,2463.0,1020.0,69269.76000000001
high_loss,0.20600000000000002,821,0.006407654845154845,0.8757612667478685,0.8529062870699882,0.8641826923076923,0.9081766596269898,44358.06,21428.70000000002,2463.0,1020.0,69269.76000000001
high_loss,0.20700000000000002,821,0.006407654845154845,0.8757612667478685,0.8529062870699882,0.8641826923076923,0.9081766596269898,44358.06,21428.70000000002,2463.0,1020.0,69269.76000000001
high_loss,0.20800000000000002,821,0.006407654845154845,0.8757612667478685,0.8529062870699882,0.8641826923076923,0.9081766596269898,44358.06,21428.70000000002,2463.0,1020.0,69269.76000000001
high_loss,0.20900000000000002,821,0.006407654845154845,0.8757612667478685,0.8529062870699882,0.8641826923076923,0.9081766596269898,44358.06,21428.70000000002,2463.0,1020.0,69269.76000000001
high_loss,0.21,821,0.006407654845154845,0.8757612667478685,0.8529062870699882,0.8641826923076923,0.9081766596269898,44358.06,21428.70000000002,2463.0,1020.0,69269.76000000001
high_loss,0.211,821,0.006407654845154845,0.8757612667478685,0.8529062870699882,0.8641826923076923,0.9081766596269898,44358.06,21428.70000000002,2463.0,1020.0,69269.76000000001
high_loss,0.212,821,0.006407654845154845,0.8757612667478685,0.8529062870699882,0.8641826923076923,0.9081766596269898,44358.06,21428.70000000002,2463.0,1020.0,69269.76000000001
high_loss,0.213,821,0.006407654845154845,0.8757612667478685,0.8529062870699882,0.8641826923076923,0.9081766596269898,44358.06,21428.70000000002,2463.0,1020.0,69269.76000000001
high_loss,0.214,821,0.006407654845154845,0.8757612667478685,0.8529062870699882,0.8641826923076923,0.9081766596269898,44358.06,21428.70000000002,2463.0,1020.0,69269.76000000001
high_loss,0.215,821,0.006407654845154845,0.8757612667478685,0.8529062870699882,0.8641826923076923,0.9081766596269898,44358.06,21428.70000000002,2463.0,1020.0,69269.76000000001
high_loss,0.216,821,0.006407654845154845,0.8757612667478685,0.8529062870699882,0.8641826923076923,0.9081766596269898,44358.06,21428.70000000002,2463.0,1020.0,69269.76000000001
high_loss,0.217,821,0.006407654845154845,0.8757612667478685,0.8529062870699882,0.8641826923076923,0.9081766596269898,44358.06,21428.70000000002,2463.0,1020.0,69269.76000000001
high_loss,0.218,821,0.006407654845154845,0.8757612667478685,0.8529062870699882,0.8641826923076923,0.9081766596269898,44358.06,21428.70000000002,2463.0,1020.0,69269.76000000001
high_loss,0.219,821,0.006407654845154845,0.8757612667478685,0.8529062870699882,0.8641826923076923,0.9081766596269898,44358.06,21428.70000000002,2463.0,1020.0,69269.76000000001
high_loss,0.22,821,0.006407654845154845,0.8757612667478685,0.8529062870699882,0.8641826923076923,0.9081766596269898,44358.06,21428.70000000002,2463.0,1020.0,69269.76000000001
high_loss,0.221,821,0.006407654845154845,0.8757612667478685,0.8529062870699882,0.8641826923076923,0.9081766596269898,44358.06,21428.70000000002,2463.0,1020.0,69269.76000000001
high_loss,0.222,821,0.006407654845154845,0.8757612667478685,0.8529062870699882,0.8641826923076923,0.9081766596269898,44358.06,21428.70000000002,2463.0,1020.0,69269.76000000001
high_loss,0.223,821,0.006407654845154845,0.8757612667478685,0.8529062870699882,0.8641826923076923,0.9081766596269898,44358.06,21428.70000000002,2463.0,1020.0,69269.76000000001
high_loss,0.224,821,0.006407654845154845,0.8757612667478685,0.8529062870699882,0.8641826923076923,0.9081766596269898,44358.06,21428.70000000002,2463.0,1020.0,69269.76000000001
high_loss,0.225,821,0.006407654845154845,0.8757612667478685,0.8529062870699882,0.8641826923076923,0.9081766596269898,44358.06,21428.70000000002,2463.0,1020.0,69269.76000000001
high_loss,0.226,821,0.006407654845154845,0.8757612667478685,0.8529062870699882,0.8641826923076923,0.9081766596269898,44358.06,21428.70000000002,2463.0,1020.0,69269.76000000001
high_loss,0.227,821,0.006407654845154845,0.8757612667478685,0.8529062870699882,0.8641826923076923,0.9081766596269898,44358.06,21428.70000000002,2463.0,1020.0,69269.76000000001
high_loss,0.228,821,0.006407654845154845,0.8757612667478685,0.8529062870699882,0.8641826923076923,0.9081766596269898,44358.06,21428.70000000002,2463.0,1020.0,69269.76000000001
high_loss,0.229,821,0.006407654845154845,0.8757612667478685,0.8529062870699882,0.8641826923076923,0.9081766596269898,44358.06,21428.70000000002,2463.0,1020.0,69269.76000000001
high_loss,0.23,821,0.006407654845154845,0.8757612667478685,0.8529062870699882,0.8641826923076923,0.9081766596269898,44358.06,21428.70000000002,2463.0,1020.0,69269.76000000001
high_loss,0.231,821,0.006407654845154845,0.8757612667478685,0.8529062870699882,0.8641826923076923,0.9081766596269898,44358.06,21428.70000000002,2463.0,1020.0,69269.76000000001
high_loss,0.232,821,0.006407654845154845,0.8757612667478685,0.8529062870699882,0.8641826923076923,0.9081766596269898,44358.06,21428.70000000002,2463.0,1020.0,69269.76000000001
high_loss,0.233,821,0.006407654845154845,0.8757612667478685,0.8529062870699882,0.8641826923076923,0.9081766596269898,44358.06,21428.70000000002,2463.0,1020.0,69269.76000000001
high_loss,0.234,821,0.006407654845154845,0.8757612667478685,0.8529062870699882,0.8641826923076923,0.9081766596269898,44358.06,21428.70000000002,2463.0,1020.0,69269.76000000001
high_loss,0.23500000000000001,821,0.006407654845154845,0.8757612667478685,0.8529062870699882,0.8641826923076923,0.9081766596269898,44358.06,21428.70000000002,2463.0,1020.0,69269.76000000001
high_loss,0.23600000000000002,821,0.006407654845154845,0.8757612667478685,0.8529062870699882,0.8641826923076923,0.9081766596269898,44358.06,21428.70000000002,2463.0,1020.0,69269.76000000001
high_loss,0.23700000000000002,821,0.006407654845154845,0.8757612667478685,0.8529062870699882,0.8641826923076923,0.9081766596269898,44358.06,21428.70000000002,2463.0,1020.0,69269.76000000001
high_loss,0.23800000000000002,821,0.006407654845154845,0.8757612667478685,0.8529062870699882,0.8641826923076923,0.9081766596269898,44358.06,21428.70000000002,2463.0,1020.0,69269.76000000001
high_loss,0.23900000000000002,821,0.006407654845154845,0.8757612667478685,0.8529062870699882,0.8641826923076923,0.9081766596269898,44358.06,21428.70000000002,2463.0,1020.0,69269.76000000001
high_loss,0.24000000000000002,821,0.006407654845154845,0.8757612667478685,0.8529062870699882,0.8641826923076923,0.9081766596269898,44358.06,21428.70000000002,2463.0,1020.0,69269.76000000001
high_loss,0.241,821,0.006407654845154845,0.8757612667478685,0.8529062870699882,0.8641826923076923,0.9081766596269898,44358.06,21428.70000000002,2463.0,1020.0,69269.76000000001
high_loss,0.242,821,0.006407654845154845,0.8757612667478685,0.8529062870699882,0.8641826923076923,0.9081766596269898,44358.06,21428.70000000002,2463.0,1020.0,69269.76000000001
high_loss,0.243,821,0.006407654845154845,0.8757612667478685,0.8529062870699882,0.8641826923076923,0.9081766596269898,44358.06,21428.70000000002,2463.0,1020.0,69269.76000000001
high_loss,0.244,821,0.006407654845154845,0.8757612667478685,0.8529062870699882,0.8641826923076923,0.9081766596269898,44358.06,21428.70000000002,2463.0,1020.0,69269.76000000001
high_loss,0.245,821,0.006407654845154845,0.8757612667478685,0.8529062870699882,0.8641826923076923,0.9081766596269898,44358.06,21428.70000000002,2463.0,1020.0,69269.76000000001
high_loss,0.246,821,0.006407654845154845,0.8757612667478685,0.8529062870699882,0.8641826923076923,0.9081766596269898,44358.06,21428.70000000002,2463.0,1020.0,69269.76000000001
high_loss,0.247,821,0.006407654845154845,0.8757612667478685,0.8529062870699882,0.8641826923076923,0.9081766596269898,44358.06,21428.70000000002,2463.0,1020.0,69269.76000000001
high_loss,0.248,821,0.006407654845154845,0.8757612667478685,0.8529062870699882,0.8641826923076923,0.9081766596269898,44358.06,21428.70000000002,2463.0,1020.0,69269.76000000001
high_loss,0.249,821,0.006407654845154845,0.8757612667478685,0.8529062870699882,0.8641826923076923,0.9081766596269898,44358.06,21428.70000000002,2463.0,1020.0,69269.76000000001
high_loss,0.25,821,0.006407654845154845,0.8757612667478685,0.8529062870699882,0.8641826923076923,0.9081766596269898,44358.06,21428.70000000002,2463.0,1020.0,69269.76000000001
high_loss,0.251,821,0.006407654845154845,0.8757612667478685,0.8529062870699882,0.8641826923076923,0.9081766596269898,44358.06,21428.70000000002,2463.0,1020.0,69269.76000000001
high_loss,0.252,821,0.006407654845154845,0.8757612667478685,0.8529062870699882,0.8641826923076923,0.9081766596269898,44358.06,21428.70000000002,2463.0,1020.0,69269.76000000001
high_loss,0.253,821,0.006407654845154845,0.8757612667478685,0.8529062870699882,0.8641826923076923,0.9081766596269898,44358.06,21428.70000000002,2463.0,1020.0,69269.76000000001
high_loss,0.254,821,0.006407654845154845,0.8757612667478685,0.8529062870699882,0.8641826923076923,0.9081766596269898,44358.06,21428.70000000002,2463.0,1020.0,69269.76000000001
high_loss,0.255,821,0.006407654845154845,0.8757612667478685,0.8529062870699882,0.8641826923076923,0.9081766596269898,44358.06,21428.70000000002,2463.0,1020.0,69269.76000000001
high_loss,0.256,821,0.006407654845154845,0.8757612667478685,0.8529062870699882,0.8641826923076923,0.9081766596269898,44358.06,21428.70000000002,2463.0,1020.0,69269.76000000001
high_loss,0.257,821,0.006407654845154845,0.8757612667478685,0.8529062870699882,0.8641826923076923,0.9081766596269898,44358.06,21428.70000000002,2463.0,1020.0,69269.76000000001
high_loss,0.258,821,0.006407654845154845,0.8757612667478685,0.8529062870699882,0.8641826923076923,0.9081766596269898,44358.06,21428.70000000002,2463.0,1020.0,69269.76000000001
high_loss,0.259,821,0.006407654845154845,0.8757612667478685,0.8529062870699882,0.8641826923076923,0.9081766596269898,44358.06,21428.70000000002,2463.0,1020.0,69269.76000000001
high_loss,0.26,821,0.006407654845154845,0.8757612667478685,0.8529062870699882,0.8641826923076923,0.9081766596269898,44358.06,21428.70000000002,2463.0,1020.0,69269.76000000001
high_loss,0.261,821,0.006407654845154845,0.8757612667478685,0.8529062870699882,0.8641826923076923,0.9081766596269898,44358.06,21428.70000000002,2463.0,1020.0,69269.76000000001
high_loss,0.262,821,0.006407654845154845,0.8757612667478685,0.8529062870699882,0.8641826923076923,0.9081766596269898,44358.06,21428.70000000002,2463.0,1020.0,69269.76000000001
high_loss,0.263,821,0.006407654845154845,0.8757612667478685,0.8529062870699882,0.8641826923076923,0.9081766596269898,44358.06,21428.70000000002,2463.0,1020.0,69269.76000000001
high_loss,0.264,821,0.006407654845154845,0.8757612667478685,0.8529062870699882,0.8641826923076923,0.9081766596269898,44358.06,21428.70000000002,2463.0,1020.0,69269.76000000001
high_loss,0.265,821,0.006407654845154845,0.8757612667478685,0.8529062870699882,0.8641826923076923,0.9081766596269898,44358.06,21428.70000000002,2463.0,1020.0,69269.76000000001
high_loss,0.266,821,0.006407654845154845,0.8757612667478685,0.8529062870699882,0.8641826923076923,0.9081766596269898,44358.06,21428.70000000002,2463.0,1020.0,69269.76000000001
high_loss,0.267,821,0.006407654845154845,0.8757612667478685,0.8529062870699882,0.8641826923076923,0.9081766596269898,44358.06,21428.70000000002,2463.0,1020.0,69269.76000000001
high_loss,0.268,821,0.006407654845154845,0.8757612667478685,0.8529062870699882,0.8641826923076923,0.9081766596269898,44358.06,21428.70000000002,2463.0,1020.0,69269.76000000001
high_loss,0.269,821,0.006407654845154845,0.8757612667478685,0.8529062870699882,0.8641826923076923,0.9081766596269898,44358.06,21428.70000000002,2463.0,1020.0,69269.76000000001
high_loss,0.27,821,0.006407654845154845,0.8757612667478685,0.8529062870699882,0.8641826923076923,0.9081766596269898,44358.06,21428.70000000002,2463.0,1020.0,69269.76000000001
high_loss,0.271,821,0.006407654845154845,0.8757612667478685,0.8529062870699882,0.8641826923076923,0.9081766596269898,44358.06,21428.70000000002,2463.0,1020.0,69269.76000000001
high_loss,0.272,821,0.006407654845154845,0.8757612667478685,0.8529062870699882,0.8641826923076923,0.9081766596269898,44358.06,21428.70000000002,2463.0,1020.0,69269.76000000001
high_loss,0.273,821,0.006407654845154845,0.8757612667478685,0.8529062870699882,0.8641826923076923,0.9081766596269898,44358.06,21428.70000000002,2463.0,1020.0,69269.76000000001
high_loss,0.274,821,0.006407654845154845,0.8757612667478685,0.8529062870699882,0.8641826923076923,0.9081766596269898,44358.06,21428.70000000002,2463.0,1020.0,69269.76000000001
high_loss,0.275,752,0.005869130869130869,0.9228723404255319,0.8232502965599051,0.8702194357366771,0.8871219605077321,54460.51999999999,20923.57700000002,2256.0,580.0,78220.09700000001
high_loss,0.276,752,0.005869130869130869,0.9228723404255319,0.8232502965599051,0.8702194357366771,0.8871219605077321,54460.51999999999,20923.57700000002,2256.0,580.0,78220.09700000001
high_loss,0.277,752,0.005869130869130869,0.9228723404255319,0.8232502965599051,0.8702194357366771,0.8871219605077321,54460.51999999999,20923.57700000002,2256.0,580.0,78220.09700000001
high_loss,0.278,752,0.005869130869130869,0.9228723404255319,0.8232502965599051,0.8702194357366771,0.8871219605077321,54460.51999999999,20923.57700000002,2256.0,580.0,78220.09700000001
high_loss,0.279,752,0.005869130869130869,0.9228723404255319,0.8232502965599051,0.8702194357366771,0.8871219605077321,54460.51999999999,20923.57700000002,2256.0,580.0,78220.09700000001
high_loss,0.28,752,0.005869130869130869,0.9228723404255319,0.8232502965599051,0.8702194357366771,0.8871219605077321,54460.51999999999,20923.57700000002,2256.0,580.0,78220.09700000001
high_loss,0.281,752,0.005869130869130869,0.9228723404255319,0.8232502965599051,0.8702194357366771,0.8871219605077321,54460.51999999999,20923.57700000002,2256.0,580.0,78220.09700000001
high_loss,0.28200000000000003,752,0.005869130869130869,0.9228723404255319,0.8232502965599051,0.8702194357366771,0.8871219605077321,54460.51999999999,20923.57700000002,2256.0,580.0,78220.09700000001
high_loss,0.28300000000000003,752,0.005869130869130869,0.9228723404255319,0.8232502965599051,0.8702194357366771,0.8871219605077321,54460.51999999999,20923.57700000002,2256.0,580.0,78220.09700000001
high_loss,0.28400000000000003,752,0.005869130869130869,0.9228723404255319,0.8232502965599051,0.8702194357366771,0.8871219605077321,54460.51999999999,20923.57700000002,2256.0,580.0,78220.09700000001
high_loss,0.28500000000000003,752,0.005869130869130869,0.9228723404255319,0.8232502965599051,0.8702194357366771,0.8871219605077321,54460.51999999999,20923.57700000002,2256.0,580.0,78220.09700000001
high_loss,0.28600000000000003,752,0.005869130869130869,0.9228723404255319,0.8232502965599051,0.8702194357366771,0.8871219605077321,54460.51999999999,20923.57700000002,2256.0,580.0,78220.09700000001
high_loss,0.28700000000000003,752,0.005869130869130869,0.9228723404255319,0.8232502965599051,0.8702194357366771,0.8871219605077321,54460.51999999999,20923.57700000002,2256.0,580.0,78220.09700000001
high_loss,0.28800000000000003,752,0.005869130869130869,0.9228723404255319,0.8232502965599051,0.8702194357366771,0.8871219605077321,54460.51999999999,20923.57700000002,2256.0,580.0,78220.09700000001
high_loss,0.28900000000000003,752,0.005869130869130869,0.9228723404255319,0.8232502965599051,0.8702194357366771,0.8871219605077321,54460.51999999999,20923.57700000002,2256.0,580.0,78220.09700000001
high_loss,0.29,752,0.005869130869130869,0.9228723404255319,0.8232502965599051,0.8702194357366771,0.8871219605077321,54460.51999999999,20923.57700000002,2256.0,580.0,78220.09700000001
high_loss,0.291,752,0.005869130869130869,0.9228723404255319,0.8232502965599051,0.8702194357366771,0.8871219605077321,54460.51999999999,20923.57700000002,2256.0,580.0,78220.09700000001
high_loss,0.292,752,0.005869130869130869,0.9228723404255319,0.8232502965599051,0.8702194357366771,0.8871219605077321,54460.51999999999,20923.57700000002,2256.0,580.0,78220.09700000001
high_loss,0.293,752,0.005869130869130869,0.9228723404255319,0.8232502965599051,0.8702194357366771,0.8871219605077321,54460.51999999999,20923.57700000002,2256.0,580.0,78220.09700000001
high_loss,0.294,752,0.005869130869130869,0.9228723404255319,0.8232502965599051,0.8702194357366771,0.8871219605077321,54460.51999999999,20923.57700000002,2256.0,580.0,78220.09700000001
high_loss,0.295,752,0.005869130869130869,0.9228723404255319,0.8232502965599051,0.8702194357366771,0.8871219605077321,54460.51999999999,20923.57700000002,2256.0,580.0,78220.09700000001
high_loss,0.296,752,0.005869130869130869,0.9228723404255319,0.8232502965599051,0.8702194357366771,0.8871219605077321,54460.51999999999,20923.57700000002,2256.0,580.0,78220.09700000001
high_loss,0.297,752,0.005869130869130869,0.9228723404255319,0.8232502965599051,0.8702194357366771,0.8871219605077321,54460.51999999999,20923.57700000002,2256.0,580.0,78220.09700000001
high_loss,0.298,752,0.005869130869130869,0.9228723404255319,0.8232502965599051,0.8702194357366771,0.8871219605077321,54460.51999999999,20923.57700000002,2256.0,580.0,78220.09700000001
high_loss,0.299,752,0.005869130869130869,0.9228723404255319,0.8232502965599051,0.8702194357366771,0.8871219605077321,54460.51999999999,20923.57700000002,2256.0,580.0,78220.09700000001
high_loss,0.3,752,0.005869130869130869,0.9228723404255319,0.8232502965599051,0.8702194357366771,0.8871219605077321,54460.51999999999,20923.57700000002,2256.0,580.0,78220.09700000001
high_loss,0.301,752,0.005869130869130869,0.9228723404255319,0.8232502965599051,0.8702194357366771,0.8871219605077321,54460.51999999999,20923.57700000002,2256.0,580.0,78220.09700000001
high_loss,0.302,751,0.005861326173826174,0.9241011984021305,0.8232502965599051,0.8707653701380176,0.8871219605077321,54460.51999999999,20923.57700000002,2253.0,570.0,78207.09700000001
high_loss,0.303,751,0.005861326173826174,0.9241011984021305,0.8232502965599051,0.8707653701380176,0.8871219605077321,54460.51999999999,20923.57700000002,2253.0,570.0,78207.09700000001
high_loss,0.304,751,0.005861326173826174,0.9241011984021305,0.8232502965599051,0.8707653701380176,0.8871219605077321,54460.51999999999,20923.57700000002,2253.0,570.0,78207.09700000001
high_loss,0.305,751,0.005861326173826174,0.9241011984021305,0.8232502965599051,0.8707653701380176,0.8871219605077321,54460.51999999999,20923.57700000002,2253.0,570.0,78207.09700000001
high_loss,0.306,751,0.005861326173826174,0.9241011984021305,0.8232502965599051,0.8707653701380176,0.8871219605077321,54460.51999999999,20923.57700000002,2253.0,570.0,78207.09700000001
high_loss,0.307,751,0.005861326173826174,0.9241011984021305,0.8232502965599051,0.8707653701380176,0.8871219605077321,54460.51999999999,20923.57700000002,2253.0,570.0,78207.09700000001
high_loss,0.308,751,0.005861326173826174,0.9241011984021305,0.8232502965599051,0.8707653701380176,0.8871219605077321,54460.51999999999,20923.57700000002,2253.0,570.0,78207.09700000001
high_loss,0.309,751,0.005861326173826174,0.9241011984021305,0.8232502965599051,0.8707653701380176,0.8871219605077321,54460.51999999999,20923.57700000002,2253.0,570.0,78207.09700000001
high_loss,0.31,751,0.005861326173826174,0.9241011984021305,0.8232502965599051,0.8707653701380176,0.8871219605077321,54460.51999999999,20923.57700000002,2253.0,570.0,78207.09700000001
high_loss,0.311,751,0.005861326173826174,0.9241011984021305,0.8232502965599051,0.8707653701380176,0.8871219605077321,54460.51999999999,20923.57700000002,2253.0,570.0,78207.09700000001
high_loss,0.312,751,0.005861326173826174,0.9241011984021305,0.8232502965599051,0.8707653701380176,0.8871219605077321,54460.51999999999,20923.57700000002,2253.0,570.0,78207.09700000001
high_loss,0.313,751,0.005861326173826174,0.9241011984021305,0.8232502965599051,0.8707653701380176,0.8871219605077321,54460.51999999999,20923.57700000002,2253.0,570.0,78207.09700000001
high_loss,0.314,751,0.005861326173826174,0.9241011984021305,0.8232502965599051,0.8707653701380176,0.8871219605077321,54460.51999999999,20923.57700000002,2253.0,570.0,78207.09700000001
high_loss,0.315,751,0.005861326173826174,0.9241011984021305,0.8232502965599051,0.8707653701380176,0.8871219605077321,54460.51999999999,20923.57700000002,2253.0,570.0,78207.09700000001
high_loss,0.316,743,0.005798888611388611,0.9300134589502019,0.8196915776986952,0.8713745271122321,0.8844311138024987,55747.740000000005,20859.21600000002,2229.0,520.0,79355.95600000002
high_loss,0.317,743,0.005798888611388611,0.9300134589502019,0.8196915776986952,0.8713745271122321,0.8844311138024987,55747.740000000005,20859.21600000002,2229.0,520.0,79355.95600000002
high_loss,0.318,743,0.005798888611388611,0.9300134589502019,0.8196915776986952,0.8713745271122321,0.8844311138024987,55747.740000000005,20859.21600000002,2229.0,520.0,79355.95600000002
high_loss,0.319,743,0.005798888611388611,0.9300134589502019,0.8196915776986952,0.8713745271122321,0.8844311138024987,55747.740000000005,20859.21600000002,2229.0,520.0,79355.95600000002
high_loss,0.32,743,0.005798888611388611,0.9300134589502019,0.8196915776986952,0.8713745271122321,0.8844311138024987,55747.740000000005,20859.21600000002,2229.0,520.0,79355.95600000002
high_loss,0.321,743,0.005798888611388611,0.9300134589502019,0.8196915776986952,0.8713745271122321,0.8844311138024987,55747.740000000005,20859.21600000002,2229.0,520.0,79355.95600000002
high_loss,0.322,743,0.005798888611388611,0.9300134589502019,0.8196915776986952,0.8713745271122321,0.8844311138024987,55747.740000000005,20859.21600000002,2229.0,520.0,79355.95600000002
high_loss,0.323,743,0.005798888611388611,0.9300134589502019,0.8196915776986952,0.8713745271122321,0.8844311138024987,55747.740000000005,20859.21600000002,2229.0,520.0,79355.95600000002
high_loss,0.324,743,0.005798888611388611,0.9300134589502019,0.8196915776986952,0.8713745271122321,0.8844311138024987,55747.740000000005,20859.21600000002,2229.0,520.0,79355.95600000002
high_loss,0.325,743,0.005798888611388611,0.9300134589502019,0.8196915776986952,0.8713745271122321,0.8844311138024987,55747.740000000005,20859.21600000002,2229.0,520.0,79355.95600000002
high_loss,0.326,743,0.005798888611388611,0.9300134589502019,0.8196915776986952,0.8713745271122321,0.8844311138024987,55747.740000000005,20859.21600000002,2229.0,520.0,79355.95600000002
high_loss,0.327,743,0.005798888611388611,0.9300134589502019,0.8196915776986952,0.8713745271122321,0.8844311138024987,55747.740000000005,20859.21600000002,2229.0,520.0,79355.95600000002
high_loss,0.328,743,0.005798888611388611,0.9300134589502019,0.8196915776986952,0.8713745271122321,0.8844311138024987,55747.740000000005,20859.21600000002,2229.0,520.0,79355.95600000002
high_loss,0.329,743,0.005798888611388611,0.9300134589502019,0.8196915776986952,0.8713745271122321,0.8844311138024987,55747.740000000005,20859.21600000002,2229.0,520.0,79355.95600000002
high_loss,0.33,743,0.005798888611388611,0.9300134589502019,0.8196915776986952,0.8713745271122321,0.8844311138024987,55747.740000000005,20859.21600000002,2229.0,520.0,79355.95600000002
high_loss,0.331,743,0.005798888611388611,0.9300134589502019,0.8196915776986952,0.8713745271122321,0.8844311138024987,55747.740000000005,20859.21600000002,2229.0,520.0,79355.95600000002
high_loss,0.332,743,0.005798888611388611,0.9300134589502019,0.8196915776986952,0.8713745271122321,0.8844311138024987,55747.740000000005,20859.21600000002,2229.0,520.0,79355.95600000002
high_loss,0.333,743,0.005798888611388611,0.9300134589502019,0.8196915776986952,0.8713745271122321,0.8844311138024987,55747.740000000005,20859.21600000002,2229.0,520.0,79355.95600000002
high_loss,0.334,740,0.005775474525474525,0.9310810810810811,0.8173190984578885,0.8704990524320909,0.8818497234844863,56965.03999999999,20798.35100000002,2220.0,510.0,80493.39100000002
high_loss,0.335,740,0.005775474525474525,0.9310810810810811,0.8173190984578885,0.8704990524320909,0.8818497234844863,56965.03999999999,20798.35100000002,2220.0,510.0,80493.39100000002
high_loss,0.336,740,0.005775474525474525,0.9310810810810811,0.8173190984578885,0.8704990524320909,0.8818497234844863,56965.03999999999,20798.35100000002,2220.0,510.0,80493.39100000002
high_loss,0.337,740,0.005775474525474525,0.9310810810810811,0.8173190984578885,0.8704990524320909,0.8818497234844863,56965.03999999999,20798.35100000002,2220.0,510.0,80493.39100000002
high_loss,0.338,740,0.005775474525474525,0.9310810810810811,0.8173190984578885,0.8704990524320909,0.8818497234844863,56965.03999999999,20798.35100000002,2220.0,510.0,80493.39100000002
high_loss,0.339,740,0.005775474525474525,0.9310810810810811,0.8173190984578885,0.8704990524320909,0.8818497234844863,56965.03999999999,20798.35100000002,2220.0,510.0,80493.39100000002
high_loss,0.34,740,0.005775474525474525,0.9310810810810811,0.8173190984578885,0.8704990524320909,0.8818497234844863,56965.03999999999,20798.35100000002,2220.0,510.0,80493.39100000002
high_loss,0.341,740,0.005775474525474525,0.9310810810810811,0.8173190984578885,0.8704990524320909,0.8818497234844863,56965.03999999999,20798.35100000002,2220.0,510.0,80493.39100000002
high_loss,0.342,740,0.005775474525474525,0.9310810810810811,0.8173190984578885,0.8704990524320909,0.8818497234844863,56965.03999999999,20798.35100000002,2220.0,510.0,80493.39100000002
high_loss,0.343,740,0.005775474525474525,0.9310810810810811,0.8173190984578885,0.8704990524320909,0.8818497234844863,56965.03999999999,20798.35100000002,2220.0,510.0,80493.39100000002
high_loss,0.34400000000000003,740,0.005775474525474525,0.9310810810810811,0.8173190984578885,0.8704990524320909,0.8818497234844863,56965.03999999999,20798.35100000002,2220.0,510.0,80493.39100000002
high_loss,0.34500000000000003,740,0.005775474525474525,0.9310810810810811,0.8173190984578885,0.8704990524320909,0.8818497234844863,56965.03999999999,20798.35100000002,2220.0,510.0,80493.39100000002
high_loss,0.34600000000000003,740,0.005775474525474525,0.9310810810810811,0.8173190984578885,0.8704990524320909,0.8818497234844863,56965.03999999999,20798.35100000002,2220.0,510.0,80493.39100000002
high_loss,0.34700000000000003,740,0.005775474525474525,0.9310810810810811,0.8173190984578885,0.8704990524320909,0.8818497234844863,56965.03999999999,20798.35100000002,2220.0,510.0,80493.39100000002
high_loss,0.34800000000000003,740,0.005775474525474525,0.9310810810810811,0.8173190984578885,0.8704990524320909,0.8818497234844863,56965.03999999999,20798.35100000002,2220.0,510.0,80493.39100000002
high_loss,0.34900000000000003,740,0.005775474525474525,0.9310810810810811,0.8173190984578885,0.8704990524320909,0.8818497234844863,56965.03999999999,20798.35100000002,2220.0,510.0,80493.39100000002
high_loss,0.35000000000000003,740,0.005775474525474525,0.9310810810810811,0.8173190984578885,0.8704990524320909,0.8818497234844863,56965.03999999999,20798.35100000002,2220.0,510.0,80493.39100000002
high_loss,0.35100000000000003,740,0.005775474525474525,0.9310810810810811,0.8173190984578885,0.8704990524320909,0.8818497234844863,56965.03999999999,20798.35100000002,2220.0,510.0,80493.39100000002
high_loss,0.35200000000000004,740,0.005775474525474525,0.9310810810810811,0.8173190984578885,0.8704990524320909,0.8818497234844863,56965.03999999999,20798.35100000002,2220.0,510.0,80493.39100000002
high_loss,0.353,740,0.005775474525474525,0.9310810810810811,0.8173190984578885,0.8704990524320909,0.8818497234844863,56965.03999999999,20798.35100000002,2220.0,510.0,80493.39100000002
high_loss,0.354,740,0.005775474525474525,0.9310810810810811,0.8173190984578885,0.8704990524320909,0.8818497234844863,56965.03999999999,20798.35100000002,2220.0,510.0,80493.39100000002
high_loss,0.355,740,0.005775474525474525,0.9310810810810811,0.8173190984578885,0.8704990524320909,0.8818497234844863,56965.03999999999,20798.35100000002,2220.0,510.0,80493.39100000002
high_loss,0.356,740,0.005775474525474525,0.9310810810810811,0.8173190984578885,0.8704990524320909,0.8818497234844863,56965.03999999999,20798.35100000002,2220.0,510.0,80493.39100000002
high_loss,0.357,740,0.005775474525474525,0.9310810810810811,0.8173190984578885,0.8704990524320909,0.8818497234844863,56965.03999999999,20798.35100000002,2220.0,510.0,80493.39100000002
high_loss,0.358,740,0.005775474525474525,0.9310810810810811,0.8173190984578885,0.8704990524320909,0.8818497234844863,56965.03999999999,20798.35100000002,2220.0,510.0,80493.39100000002
high_loss,0.359,740,0.005775474525474525,0.9310810810810811,0.8173190984578885,0.8704990524320909,0.8818497234844863,56965.03999999999,20798.35100000002,2220.0,510.0,80493.39100000002
high_loss,0.36,740,0.005775474525474525,0.9310810810810811,0.8173190984578885,0.8704990524320909,0.8818497234844863,56965.03999999999,20798.35100000002,2220.0,510.0,80493.39100000002
high_loss,0.361,740,0.005775474525474525,0.9310810810810811,0.8173190984578885,0.8704990524320909,0.8818497234844863,56965.03999999999,20798.35100000002,2220.0,510.0,80493.39100000002
high_loss,0.362,740,0.005775474525474525,0.9310810810810811,0.8173190984578885,0.8704990524320909,0.8818497234844863,56965.03999999999,20798.35100000002,2220.0,510.0,80493.39100000002
high_loss,0.363,740,0.005775474525474525,0.9310810810810811,0.8173190984578885,0.8704990524320909,0.8818497234844863,56965.03999999999,20798.35100000002,2220.0,510.0,80493.39100000002
high_loss,0.364,740,0.005775474525474525,0.9310810810810811,0.8173190984578885,0.8704990524320909,0.8818497234844863,56965.03999999999,20798.35100000002,2220.0,510.0,80493.39100000002
high_loss,0.365,740,0.005775474525474525,0.9310810810810811,0.8173190984578885,0.8704990524320909,0.8818497234844863,56965.03999999999,20798.35100000002,2220.0,510.0,80493.39100000002
high_loss,0.366,740,0.005775474525474525,0.9310810810810811,0.8173190984578885,0.8704990524320909,0.8818497234844863,56965.03999999999,20798.35100000002,2220.0,510.0,80493.39100000002
high_loss,0.367,740,0.005775474525474525,0.9310810810810811,0.8173190984578885,0.8704990524320909,0.8818497234844863,56965.03999999999,20798.35100000002,2220.0,510.0,80493.39100000002
high_loss,0.368,740,0.005775474525474525,0.9310810810810811,0.8173190984578885,0.8704990524320909,0.8818497234844863,56965.03999999999,20798.35100000002,2220.0,510.0,80493.39100000002
high_loss,0.369,740,0.005775474525474525,0.9310810810810811,0.8173190984578885,0.8704990524320909,0.8818497234844863,56965.03999999999,20798.35100000002,2220.0,510.0,80493.39100000002
high_loss,0.37,740,0.005775474525474525,0.9310810810810811,0.8173190984578885,0.8704990524320909,0.8818497234844863,56965.03999999999,20798.35100000002,2220.0,510.0,80493.39100000002
high_loss,0.371,740,0.005775474525474525,0.9310810810810811,0.8173190984578885,0.8704990524320909,0.8818497234844863,56965.03999999999,20798.35100000002,2220.0,510.0,80493.39100000002
high_loss,0.372,740,0.005775474525474525,0.9310810810810811,0.8173190984578885,0.8704990524320909,0.8818497234844863,56965.03999999999,20798.35100000002,2220.0,510.0,80493.39100000002
high_loss,0.373,740,0.005775474525474525,0.9310810810810811,0.8173190984578885,0.8704990524320909,0.8818497234844863,56965.03999999999,20798.35100000002,2220.0,510.0,80493.39100000002
high_loss,0.374,740,0.005775474525474525,0.9310810810810811,0.8173190984578885,0.8704990524320909,0.8818497234844863,56965.03999999999,20798.35100000002,2220.0,510.0,80493.39100000002
high_loss,0.375,740,0.005775474525474525,0.9310810810810811,0.8173190984578885,0.8704990524320909,0.8818497234844863,56965.03999999999,20798.35100000002,2220.0,510.0,80493.39100000002
high_loss,0.376,740,0.005775474525474525,0.9310810810810811,0.8173190984578885,0.8704990524320909,0.8818497234844863,56965.03999999999,20798.35100000002,2220.0,510.0,80493.39100000002
high_loss,0.377,740,0.005775474525474525,0.9310810810810811,0.8173190984578885,0.8704990524320909,0.8818497234844863,56965.03999999999,20798.35100000002,2220.0,510.0,80493.39100000002
high_loss,0.378,740,0.005775474525474525,0.9310810810810811,0.8173190984578885,0.8704990524320909,0.8818497234844863,56965.03999999999,20798.35100000002,2220.0,510.0,80493.39100000002
high_loss,0.379,740,0.005775474525474525,0.9310810810810811,0.8173190984578885,0.8704990524320909,0.8818497234844863,56965.03999999999,20798.35100000002,2220.0,510.0,80493.39100000002
high_loss,0.38,740,0.005775474525474525,0.9310810810810811,0.8173190984578885,0.8704990524320909,0.8818497234844863,56965.03999999999,20798.35100000002,2220.0,510.0,80493.39100000002
high_loss,0.381,740,0.005775474525474525,0.9310810810810811,0.8173190984578885,0.8704990524320909,0.8818497234844863,56965.03999999999,20798.35100000002,2220.0,510.0,80493.39100000002
high_loss,0.382,740,0.005775474525474525,0.9310810810810811,0.8173190984578885,0.8704990524320909,0.8818497234844863,56965.03999999999,20798.35100000002,2220.0,510.0,80493.39100000002
high_loss,0.383,740,0.005775474525474525,0.9310810810810811,0.8173190984578885,0.8704990524320909,0.8818497234844863,56965.03999999999,20798.35100000002,2220.0,510.0,80493.39100000002
high_loss,0.384,740,0.005775474525474525,0.9310810810810811,0.8173190984578885,0.8704990524320909,0.8818497234844863,56965.03999999999,20798.35100000002,2220.0,510.0,80493.39100000002
high_loss,0.385,740,0.005775474525474525,0.9310810810810811,0.8173190984578885,0.8704990524320909,0.8818497234844863,56965.03999999999,20798.35100000002,2220.0,510.0,80493.39100000002
high_loss,0.386,740,0.005775474525474525,0.9310810810810811,0.8173190984578885,0.8704990524320909,0.8818497234844863,56965.03999999999,20798.35100000002,2220.0,510.0,80493.39100000002
high_loss,0.387,740,0.005775474525474525,0.9310810810810811,0.8173190984578885,0.8704990524320909,0.8818497234844863,56965.03999999999,20798.35100000002,2220.0,510.0,80493.39100000002
high_loss,0.388,740,0.005775474525474525,0.9310810810810811,0.8173190984578885,0.8704990524320909,0.8818497234844863,56965.03999999999,20798.35100000002,2220.0,510.0,80493.39100000002
high_loss,0.389,740,0.005775474525474525,0.9310810810810811,0.8173190984578885,0.8704990524320909,0.8818497234844863,56965.03999999999,20798.35100000002,2220.0,510.0,80493.39100000002
high_loss,0.39,740,0.005775474525474525,0.9310810810810811,0.8173190984578885,0.8704990524320909,0.8818497234844863,56965.03999999999,20798.35100000002,2220.0,510.0,80493.39100000002
high_loss,0.391,740,0.005775474525474525,0.9310810810810811,0.8173190984578885,0.8704990524320909,0.8818497234844863,56965.03999999999,20798.35100000002,2220.0,510.0,80493.39100000002
high_loss,0.392,740,0.005775474525474525,0.9310810810810811,0.8173190984578885,0.8704990524320909,0.8818497234844863,56965.03999999999,20798.35100000002,2220.0,510.0,80493.39100000002
high_loss,0.393,740,0.005775474525474525,0.9310810810810811,0.8173190984578885,0.8704990524320909,0.8818497234844863,56965.03999999999,20798.35100000002,2220.0,510.0,80493.39100000002
high_loss,0.394,740,0.005775474525474525,0.9310810810810811,0.8173190984578885,0.8704990524320909,0.8818497234844863,56965.03999999999,20798.35100000002,2220.0,510.0,80493.39100000002
high_loss,0.395,740,0.005775474525474525,0.9310810810810811,0.8173190984578885,0.8704990524320909,0.8818497234844863,56965.03999999999,20798.35100000002,2220.0,510.0,80493.39100000002
high_loss,0.396,740,0.005775474525474525,0.9310810810810811,0.8173190984578885,0.8704990524320909,0.8818497234844863,56965.03999999999,20798.35100000002,2220.0,510.0,80493.39100000002
high_loss,0.397,740,0.005775474525474525,0.9310810810810811,0.8173190984578885,0.8704990524320909,0.8818497234844863,56965.03999999999,20798.35100000002,2220.0,510.0,80493.39100000002
high_loss,0.398,740,0.005775474525474525,0.9310810810810811,0.8173190984578885,0.8704990524320909,0.8818497234844863,56965.03999999999,20798.35100000002,2220.0,510.0,80493.39100000002
high_loss,0.399,740,0.005775474525474525,0.9310810810810811,0.8173190984578885,0.8704990524320909,0.8818497234844863,56965.03999999999,20798.35100000002,2220.0,510.0,80493.39100000002
high_loss,0.4,740,0.005775474525474525,0.9310810810810811,0.8173190984578885,0.8704990524320909,0.8818497234844863,56965.03999999999,20798.35100000002,2220.0,510.0,80493.39100000002
high_loss,0.401,740,0.005775474525474525,0.9310810810810811,0.8173190984578885,0.8704990524320909,0.8818497234844863,56965.03999999999,20798.35100000002,2220.0,510.0,80493.39100000002
high_loss,0.402,740,0.005775474525474525,0.9310810810810811,0.8173190984578885,0.8704990524320909,0.8818497234844863,56965.03999999999,20798.35100000002,2220.0,510.0,80493.39100000002
high_loss,0.403,740,0.005775474525474525,0.9310810810810811,0.8173190984578885,0.8704990524320909,0.8818497234844863,56965.03999999999,20798.35100000002,2220.0,510.0,80493.39100000002
high_loss,0.404,740,0.005775474525474525,0.9310810810810811,0.8173190984578885,0.8704990524320909,0.8818497234844863,56965.03999999999,20798.35100000002,2220.0,510.0,80493.39100000002
high_loss,0.405,740,0.005775474525474525,0.9310810810810811,0.8173190984578885,0.8704990524320909,0.8818497234844863,56965.03999999999,20798.35100000002,2220.0,510.0,80493.39100000002
high_loss,0.406,740,0.005775474525474525,0.9310810810810811,0.8173190984578885,0.8704990524320909,0.8818497234844863,56965.03999999999,20798.35100000002,2220.0,510.0,80493.39100000002
high_loss,0.40700000000000003,740,0.005775474525474525,0.9310810810810811,0.8173190984578885,0.8704990524320909,0.8818497234844863,56965.03999999999,20798.35100000002,2220.0,510.0,80493.39100000002
high_loss,0.40800000000000003,740,0.005775474525474525,0.9310810810810811,0.8173190984578885,0.8704990524320909,0.8818497234844863,56965.03999999999,20798.35100000002,2220.0,510.0,80493.39100000002
high_loss,0.40900000000000003,740,0.005775474525474525,0.9310810810810811,0.8173190984578885,0.8704990524320909,0.8818497234844863,56965.03999999999,20798.35100000002,2220.0,510.0,80493.39100000002
high_loss,0.41000000000000003,740,0.005775474525474525,0.9310810810810811,0.8173190984578885,0.8704990524320909,0.8818497234844863,56965.03999999999,20798.35100000002,2220.0,510.0,80493.39100000002
high_loss,0.41100000000000003,740,0.005775474525474525,0.9310810810810811,0.8173190984578885,0.8704990524320909,0.8818497234844863,56965.03999999999,20798.35100000002,2220.0,510.0,80493.39100000002
high_loss,0.41200000000000003,740,0.005775474525474525,0.9310810810810811,0.8173190984578885,0.8704990524320909,0.8818497234844863,56965.03999999999,20798.35100000002,2220.0,510.0,80493.39100000002
high_loss,0.41300000000000003,740,0.005775474525474525,0.9310810810810811,0.8173190984578885,0.8704990524320909,0.8818497234844863,56965.03999999999,20798.35100000002,2220.0,510.0,80493.39100000002
high_loss,0.41400000000000003,740,0.005775474525474525,0.9310810810810811,0.8173190984578885,0.8704990524320909,0.8818497234844863,56965.03999999999,20798.35100000002,2220.0,510.0,80493.39100000002
high_loss,0.41500000000000004,740,0.005775474525474525,0.9310810810810811,0.8173190984578885,0.8704990524320909,0.8818497234844863,56965.03999999999,20798.35100000002,2220.0,510.0,80493.39100000002
high_loss,0.41600000000000004,740,0.005775474525474525,0.9310810810810811,0.8173190984578885,0.8704990524320909,0.8818497234844863,56965.03999999999,20798.35100000002,2220.0,510.0,80493.39100000002
high_loss,0.41700000000000004,740,0.005775474525474525,0.9310810810810811,0.8173190984578885,0.8704990524320909,0.8818497234844863,56965.03999999999,20798.35100000002,2220.0,510.0,80493.39100000002
high_loss,0.418,740,0.005775474525474525,0.9310810810810811,0.8173190984578885,0.8704990524320909,0.8818497234844863,56965.03999999999,20798.35100000002,2220.0,510.0,80493.39100000002
high_loss,0.419,740,0.005775474525474525,0.9310810810810811,0.8173190984578885,0.8704990524320909,0.8818497234844863,56965.03999999999,20798.35100000002,2220.0,510.0,80493.39100000002
high_loss,0.42,740,0.005775474525474525,0.9310810810810811,0.8173190984578885,0.8704990524320909,0.8818497234844863,56965.03999999999,20798.35100000002,2220.0,510.0,80493.39100000002
high_loss,0.421,740,0.005775474525474525,0.9310810810810811,0.8173190984578885,0.8704990524320909,0.8818497234844863,56965.03999999999,20798.35100000002,2220.0,510.0,80493.39100000002
high_loss,0.422,740,0.005775474525474525,0.9310810810810811,0.8173190984578885,0.8704990524320909,0.8818497234844863,56965.03999999999,20798.35100000002,2220.0,510.0,80493.39100000002
high_loss,0.423,740,0.005775474525474525,0.9310810810810811,0.8173190984578885,0.8704990524320909,0.8818497234844863,56965.03999999999,20798.35100000002,2220.0,510.0,80493.39100000002
high_loss,0.424,740,0.005775474525474525,0.9310810810810811,0.8173190984578885,0.8704990524320909,0.8818497234844863,56965.03999999999,20798.35100000002,2220.0,510.0,80493.39100000002
high_loss,0.425,740,0.005775474525474525,0.9310810810810811,0.8173190984578885,0.8704990524320909,0.8818497234844863,56965.03999999999,20798.35100000002,2220.0,510.0,80493.39100000002
high_loss,0.426,740,0.005775474525474525,0.9310810810810811,0.8173190984578885,0.8704990524320909,0.8818497234844863,56965.03999999999,20798.35100000002,2220.0,510.0,80493.39100000002
high_loss,0.427,740,0.005775474525474525,0.9310810810810811,0.8173190984578885,0.8704990524320909,0.8818497234844863,56965.03999999999,20798.35100000002,2220.0,510.0,80493.39100000002
high_loss,0.428,740,0.005775474525474525,0.9310810810810811,0.8173190984578885,0.8704990524320909,0.8818497234844863,56965.03999999999,20798.35100000002,2220.0,510.0,80493.39100000002
high_loss,0.429,740,0.005775474525474525,0.9310810810810811,0.8173190984578885,0.8704990524320909,0.8818497234844863,56965.03999999999,20798.35100000002,2220.0,510.0,80493.39100000002
high_loss,0.43,740,0.005775474525474525,0.9310810810810811,0.8173190984578885,0.8704990524320909,0.8818497234844863,56965.03999999999,20798.35100000002,2220.0,510.0,80493.39100000002
high_loss,0.431,740,0.005775474525474525,0.9310810810810811,0.8173190984578885,0.8704990524320909,0.8818497234844863,56965.03999999999,20798.35100000002,2220.0,510.0,80493.39100000002
high_loss,0.432,740,0.005775474525474525,0.9310810810810811,0.8173190984578885,0.8704990524320909,0.8818497234844863,56965.03999999999,20798.35100000002,2220.0,510.0,80493.39100000002
high_loss,0.433,740,0.005775474525474525,0.9310810810810811,0.8173190984578885,0.8704990524320909,0.8818497234844863,56965.03999999999,20798.35100000002,2220.0,510.0,80493.39100000002
high_loss,0.434,740,0.005775474525474525,0.9310810810810811,0.8173190984578885,0.8704990524320909,0.8818497234844863,56965.03999999999,20798.35100000002,2220.0,510.0,80493.39100000002
high_loss,0.435,740,0.005775474525474525,0.9310810810810811,0.8173190984578885,0.8704990524320909,0.8818497234844863,56965.03999999999,20798.35100000002,2220.0,510.0,80493.39100000002
high_loss,0.436,740,0.005775474525474525,0.9310810810810811,0.8173190984578885,0.8704990524320909,0.8818497234844863,56965.03999999999,20798.35100000002,2220.0,510.0,80493.39100000002
high_loss,0.437,740,0.005775474525474525,0.9310810810810811,0.8173190984578885,0.8704990524320909,0.8818497234844863,56965.03999999999,20798.35100000002,2220.0,510.0,80493.39100000002
high_loss,0.438,740,0.005775474525474525,0.9310810810810811,0.8173190984578885,0.8704990524320909,0.8818497234844863,56965.03999999999,20798.35100000002,2220.0,510.0,80493.39100000002
high_loss,0.439,740,0.005775474525474525,0.9310810810810811,0.8173190984578885,0.8704990524320909,0.8818497234844863,56965.03999999999,20798.35100000002,2220.0,510.0,80493.39100000002
high_loss,0.44,740,0.005775474525474525,0.9310810810810811,0.8173190984578885,0.8704990524320909,0.8818497234844863,56965.03999999999,20798.35100000002,2220.0,510.0,80493.39100000002
high_loss,0.441,740,0.005775474525474525,0.9310810810810811,0.8173190984578885,0.8704990524320909,0.8818497234844863,56965.03999999999,20798.35100000002,2220.0,510.0,80493.39100000002
high_loss,0.442,740,0.005775474525474525,0.9310810810810811,0.8173190984578885,0.8704990524320909,0.8818497234844863,56965.03999999999,20798.35100000002,2220.0,510.0,80493.39100000002
high_loss,0.443,740,0.005775474525474525,0.9310810810810811,0.8173190984578885,0.8704990524320909,0.8818497234844863,56965.03999999999,20798.35100000002,2220.0,510.0,80493.39100000002
high_loss,0.444,740,0.005775474525474525,0.9310810810810811,0.8173190984578885,0.8704990524320909,0.8818497234844863,56965.03999999999,20798.35100000002,2220.0,510.0,80493.39100000002
high_loss,0.445,740,0.005775474525474525,0.9310810810810811,0.8173190984578885,0.8704990524320909,0.8818497234844863,56965.03999999999,20798.35100000002,2220.0,510.0,80493.39100000002
high_loss,0.446,740,0.005775474525474525,0.9310810810810811,0.8173190984578885,0.8704990524320909,0.8818497234844863,56965.03999999999,20798.35100000002,2220.0,510.0,80493.39100000002
high_loss,0.447,740,0.005775474525474525,0.9310810810810811,0.8173190984578885,0.8704990524320909,0.8818497234844863,56965.03999999999,20798.35100000002,2220.0,510.0,80493.39100000002
high_loss,0.448,740,0.005775474525474525,0.9310810810810811,0.8173190984578885,0.8704990524320909,0.8818497234844863,56965.03999999999,20798.35100000002,2220.0,510.0,80493.39100000002
high_loss,0.449,740,0.005775474525474525,0.9310810810810811,0.8173190984578885,0.8704990524320909,0.8818497234844863,56965.03999999999,20798.35100000002,2220.0,510.0,80493.39100000002
high_loss,0.45,740,0.005775474525474525,0.9310810810810811,0.8173190984578885,0.8704990524320909,0.8818497234844863,56965.03999999999,20798.35100000002,2220.0,510.0,80493.39100000002
high_loss,0.451,740,0.005775474525474525,0.9310810810810811,0.8173190984578885,0.8704990524320909,0.8818497234844863,56965.03999999999,20798.35100000002,2220.0,510.0,80493.39100000002
high_loss,0.452,740,0.005775474525474525,0.9310810810810811,0.8173190984578885,0.8704990524320909,0.8818497234844863,56965.03999999999,20798.35100000002,2220.0,510.0,80493.39100000002
high_loss,0.453,740,0.005775474525474525,0.9310810810810811,0.8173190984578885,0.8704990524320909,0.8818497234844863,56965.03999999999,20798.35100000002,2220.0,510.0,80493.39100000002
high_loss,0.454,740,0.005775474525474525,0.9310810810810811,0.8173190984578885,0.8704990524320909,0.8818497234844863,56965.03999999999,20798.35100000002,2220.0,510.0,80493.39100000002
high_loss,0.455,740,0.005775474525474525,0.9310810810810811,0.8173190984578885,0.8704990524320909,0.8818497234844863,56965.03999999999,20798.35100000002,2220.0,510.0,80493.39100000002
high_loss,0.456,740,0.005775474525474525,0.9310810810810811,0.8173190984578885,0.8704990524320909,0.8818497234844863,56965.03999999999,20798.35100000002,2220.0,510.0,80493.39100000002
high_loss,0.457,740,0.005775474525474525,0.9310810810810811,0.8173190984578885,0.8704990524320909,0.8818497234844863,56965.03999999999,20798.35100000002,2220.0,510.0,80493.39100000002
high_loss,0.458,740,0.005775474525474525,0.9310810810810811,0.8173190984578885,0.8704990524320909,0.8818497234844863,56965.03999999999,20798.35100000002,2220.0,510.0,80493.39100000002
high_loss,0.459,740,0.005775474525474525,0.9310810810810811,0.8173190984578885,0.8704990524320909,0.8818497234844863,56965.03999999999,20798.35100000002,2220.0,510.0,80493.39100000002
high_loss,0.46,740,0.005775474525474525,0.9310810810810811,0.8173190984578885,0.8704990524320909,0.8818497234844863,56965.03999999999,20798.35100000002,2220.0,510.0,80493.39100000002
high_loss,0.461,740,0.005775474525474525,0.9310810810810811,0.8173190984578885,0.8704990524320909,0.8818497234844863,56965.03999999999,20798.35100000002,2220.0,510.0,80493.39100000002
high_loss,0.462,740,0.005775474525474525,0.9310810810810811,0.8173190984578885,0.8704990524320909,0.8818497234844863,56965.03999999999,20798.35100000002,2220.0,510.0,80493.39100000002
high_loss,0.463,740,0.005775474525474525,0.9310810810810811,0.8173190984578885,0.8704990524320909,0.8818497234844863,56965.03999999999,20798.35100000002,2220.0,510.0,80493.39100000002
high_loss,0.464,740,0.005775474525474525,0.9310810810810811,0.8173190984578885,0.8704990524320909,0.8818497234844863,56965.03999999999,20798.35100000002,2220.0,510.0,80493.39100000002
high_loss,0.465,740,0.005775474525474525,0.9310810810810811,0.8173190984578885,0.8704990524320909,0.8818497234844863,56965.03999999999,20798.35100000002,2220.0,510.0,80493.39100000002
high_loss,0.466,740,0.005775474525474525,0.9310810810810811,0.8173190984578885,0.8704990524320909,0.8818497234844863,56965.03999999999,20798.35100000002,2220.0,510.0,80493.39100000002
high_loss,0.467,740,0.005775474525474525,0.9310810810810811,0.8173190984578885,0.8704990524320909,0.8818497234844863,56965.03999999999,20798.35100000002,2220.0,510.0,80493.39100000002
high_loss,0.468,740,0.005775474525474525,0.9310810810810811,0.8173190984578885,0.8704990524320909,0.8818497234844863,56965.03999999999,20798.35100000002,2220.0,510.0,80493.39100000002
high_loss,0.46900000000000003,740,0.005775474525474525,0.9310810810810811,0.8173190984578885,0.8704990524320909,0.8818497234844863,56965.03999999999,20798.35100000002,2220.0,510.0,80493.39100000002
high_loss,0.47000000000000003,740,0.005775474525474525,0.9310810810810811,0.8173190984578885,0.8704990524320909,0.8818497234844863,56965.03999999999,20798.35100000002,2220.0,510.0,80493.39100000002
high_loss,0.47100000000000003,740,0.005775474525474525,0.9310810810810811,0.8173190984578885,0.8704990524320909,0.8818497234844863,56965.03999999999,20798.35100000002,2220.0,510.0,80493.39100000002
high_loss,0.47200000000000003,740,0.005775474525474525,0.9310810810810811,0.8173190984578885,0.8704990524320909,0.8818497234844863,56965.03999999999,20798.35100000002,2220.0,510.0,80493.39100000002
high_loss,0.47300000000000003,740,0.005775474525474525,0.9310810810810811,0.8173190984578885,0.8704990524320909,0.8818497234844863,56965.03999999999,20798.35100000002,2220.0,510.0,80493.39100000002
high_loss,0.47400000000000003,740,0.005775474525474525,0.9310810810810811,0.8173190984578885,0.8704990524320909,0.8818497234844863,56965.03999999999,20798.35100000002,2220.0,510.0,80493.39100000002
high_loss,0.47500000000000003,740,0.005775474525474525,0.9310810810810811,0.8173190984578885,0.8704990524320909,0.8818497234844863,56965.03999999999,20798.35100000002,2220.0,510.0,80493.39100000002
high_loss,0.47600000000000003,740,0.005775474525474525,0.9310810810810811,0.8173190984578885,0.8704990524320909,0.8818497234844863,56965.03999999999,20798.35100000002,2220.0,510.0,80493.39100000002
high_loss,0.47700000000000004,740,0.005775474525474525,0.9310810810810811,0.8173190984578885,0.8704990524320909,0.8818497234844863,56965.03999999999,20798.35100000002,2220.0,510.0,80493.39100000002
high_loss,0.47800000000000004,740,0.005775474525474525,0.9310810810810811,0.8173190984578885,0.8704990524320909,0.8818497234844863,56965.03999999999,20798.35100000002,2220.0,510.0,80493.39100000002
high_loss,0.47900000000000004,740,0.005775474525474525,0.9310810810810811,0.8173190984578885,0.8704990524320909,0.8818497234844863,56965.03999999999,20798.35100000002,2220.0,510.0,80493.39100000002
high_loss,0.48000000000000004,740,0.005775474525474525,0.9310810810810811,0.8173190984578885,0.8704990524320909,0.8818497234844863,56965.03999999999,20798.35100000002,2220.0,510.0,80493.39100000002
high_loss,0.481,740,0.005775474525474525,0.9310810810810811,0.8173190984578885,0.8704990524320909,0.8818497234844863,56965.03999999999,20798.35100000002,2220.0,510.0,80493.39100000002
high_loss,0.482,740,0.005775474525474525,0.9310810810810811,0.8173190984578885,0.8704990524320909,0.8818497234844863,56965.03999999999,20798.35100000002,2220.0,510.0,80493.39100000002
high_loss,0.483,740,0.005775474525474525,0.9310810810810811,0.8173190984578885,0.8704990524320909,0.8818497234844863,56965.03999999999,20798.35100000002,2220.0,510.0,80493.39100000002
high_loss,0.484,740,0.005775474525474525,0.9310810810810811,0.8173190984578885,0.8704990524320909,0.8818497234844863,56965.03999999999,20798.35100000002,2220.0,510.0,80493.39100000002
high_loss,0.485,740,0.005775474525474525,0.9310810810810811,0.8173190984578885,0.8704990524320909,0.8818497234844863,56965.03999999999,20798.35100000002,2220.0,510.0,80493.39100000002
high_loss,0.486,740,0.005775474525474525,0.9310810810810811,0.8173190984578885,0.8704990524320909,0.8818497234844863,56965.03999999999,20798.35100000002,2220.0,510.0,80493.39100000002
high_loss,0.487,740,0.005775474525474525,0.9310810810810811,0.8173190984578885,0.8704990524320909,0.8818497234844863,56965.03999999999,20798.35100000002,2220.0,510.0,80493.39100000002
high_loss,0.488,740,0.005775474525474525,0.9310810810810811,0.8173190984578885,0.8704990524320909,0.8818497234844863,56965.03999999999,20798.35100000002,2220.0,510.0,80493.39100000002
high_loss,0.489,740,0.005775474525474525,0.9310810810810811,0.8173190984578885,0.8704990524320909,0.8818497234844863,56965.03999999999,20798.35100000002,2220.0,510.0,80493.39100000002
high_loss,0.49,740,0.005775474525474525,0.9310810810810811,0.8173190984578885,0.8704990524320909,0.8818497234844863,56965.03999999999,20798.35100000002,2220.0,510.0,80493.39100000002
high_loss,0.491,740,0.005775474525474525,0.9310810810810811,0.8173190984578885,0.8704990524320909,0.8818497234844863,56965.03999999999,20798.35100000002,2220.0,510.0,80493.39100000002
high_loss,0.492,740,0.005775474525474525,0.9310810810810811,0.8173190984578885,0.8704990524320909,0.8818497234844863,56965.03999999999,20798.35100000002,2220.0,510.0,80493.39100000002
high_loss,0.493,739,0.00576766983016983,0.93234100135318,0.8173190984578885,0.8710493046776233,0.8818497234844863,56965.03999999999,20798.35100000002,2217.0,500.0,80480.39100000002
high_loss,0.494,739,0.00576766983016983,0.93234100135318,0.8173190984578885,0.8710493046776233,0.8818497234844863,56965.03999999999,20798.35100000002,2217.0,500.0,80480.39100000002
high_loss,0.495,739,0.00576766983016983,0.93234100135318,0.8173190984578885,0.8710493046776233,0.8818497234844863,56965.03999999999,20798.35100000002,2217.0,500.0,80480.39100000002
high_loss,0.496,739,0.00576766983016983,0.93234100135318,0.8173190984578885,0.8710493046776233,0.8818497234844863,56965.03999999999,20798.35100000002,2217.0,500.0,80480.39100000002
high_loss,0.497,739,0.00576766983016983,0.93234100135318,0.8173190984578885,0.8710493046776233,0.8818497234844863,56965.03999999999,20798.35100000002,2217.0,500.0,80480.39100000002
high_loss,0.498,739,0.00576766983016983,0.93234100135318,0.8173190984578885,0.8710493046776233,0.8818497234844863,56965.03999999999,20798.35100000002,2217.0,500.0,80480.39100000002
high_loss,0.499,739,0.00576766983016983,0.93234100135318,0.8173190984578885,0.8710493046776233,0.8818497234844863,56965.03999999999,20798.35100000002,2217.0,500.0,80480.39100000002
high_loss,0.5,739,0.00576766983016983,0.93234100135318,0.8173190984578885,0.8710493046776233,0.8818497234844863,56965.03999999999,20798.35100000002,2217.0,500.0,80480.39100000002
high_loss,0.501,739,0.00576766983016983,0.93234100135318,0.8173190984578885,0.8710493046776233,0.8818497234844863,56965.03999999999,20798.35100000002,2217.0,500.0,80480.39100000002
high_loss,0.502,739,0.00576766983016983,0.93234100135318,0.8173190984578885,0.8710493046776233,0.8818497234844863,56965.03999999999,20798.35100000002,2217.0,500.0,80480.39100000002
high_loss,0.503,739,0.00576766983016983,0.93234100135318,0.8173190984578885,0.8710493046776233,0.8818497234844863,56965.03999999999,20798.35100000002,2217.0,500.0,80480.39100000002
high_loss,0.504,739,0.00576766983016983,0.93234100135318,0.8173190984578885,0.8710493046776233,0.8818497234844863,56965.03999999999,20798.35100000002,2217.0,500.0,80480.39100000002
high_loss,0.505,739,0.00576766983016983,0.93234100135318,0.8173190984578885,0.8710493046776233,0.8818497234844863,56965.03999999999,20798.35100000002,2217.0,500.0,80480.39100000002
high_loss,0.506,739,0.00576766983016983,0.93234100135318,0.8173190984578885,0.8710493046776233,0.8818497234844863,56965.03999999999,20798.35100000002,2217.0,500.0,80480.39100000002
high_loss,0.507,739,0.00576766983016983,0.93234100135318,0.8173190984578885,0.8710493046776233,0.8818497234844863,56965.03999999999,20798.35100000002,2217.0,500.0,80480.39100000002
high_loss,0.508,739,0.00576766983016983,0.93234100135318,0.8173190984578885,0.8710493046776233,0.8818497234844863,56965.03999999999,20798.35100000002,2217.0,500.0,80480.39100000002
high_loss,0.509,739,0.00576766983016983,0.93234100135318,0.8173190984578885,0.8710493046776233,0.8818497234844863,56965.03999999999,20798.35100000002,2217.0,500.0,80480.39100000002
high_loss,0.51,739,0.00576766983016983,0.93234100135318,0.8173190984578885,0.8710493046776233,0.8818497234844863,56965.03999999999,20798.35100000002,2217.0,500.0,80480.39100000002
high_loss,0.511,739,0.00576766983016983,0.93234100135318,0.8173190984578885,0.8710493046776233,0.8818497234844863,56965.03999999999,20798.35100000002,2217.0,500.0,80480.39100000002
high_loss,0.512,739,0.00576766983016983,0.93234100135318,0.8173190984578885,0.8710493046776233,0.8818497234844863,56965.03999999999,20798.35100000002,2217.0,500.0,80480.39100000002
high_loss,0.513,739,0.00576766983016983,0.93234100135318,0.8173190984578885,0.8710493046776233,0.8818497234844863,56965.03999999999,20798.35100000002,2217.0,500.0,80480.39100000002
high_loss,0.514,739,0.00576766983016983,0.93234100135318,0.8173190984578885,0.8710493046776233,0.8818497234844863,56965.03999999999,20798.35100000002,2217.0,500.0,80480.39100000002
high_loss,0.515,739,0.00576766983016983,0.93234100135318,0.8173190984578885,0.8710493046776233,0.8818497234844863,56965.03999999999,20798.35100000002,2217.0,500.0,80480.39100000002
high_loss,0.516,739,0.00576766983016983,0.93234100135318,0.8173190984578885,0.8710493046776233,0.8818497234844863,56965.03999999999,20798.35100000002,2217.0,500.0,80480.39100000002
high_loss,0.517,739,0.00576766983016983,0.93234100135318,0.8173190984578885,0.8710493046776233,0.8818497234844863,56965.03999999999,20798.35100000002,2217.0,500.0,80480.39100000002
high_loss,0.518,739,0.00576766983016983,0.93234100135318,0.8173190984578885,0.8710493046776233,0.8818497234844863,56965.03999999999,20798.35100000002,2217.0,500.0,80480.39100000002
high_loss,0.519,739,0.00576766983016983,0.93234100135318,0.8173190984578885,0.8710493046776233,0.8818497234844863,56965.03999999999,20798.35100000002,2217.0,500.0,80480.39100000002
high_loss,0.52,739,0.00576766983016983,0.93234100135318,0.8173190984578885,0.8710493046776233,0.8818497234844863,56965.03999999999,20798.35100000002,2217.0,500.0,80480.39100000002
high_loss,0.521,739,0.00576766983016983,0.93234100135318,0.8173190984578885,0.8710493046776233,0.8818497234844863,56965.03999999999,20798.35100000002,2217.0,500.0,80480.39100000002
high_loss,0.522,739,0.00576766983016983,0.93234100135318,0.8173190984578885,0.8710493046776233,0.8818497234844863,56965.03999999999,20798.35100000002,2217.0,500.0,80480.39100000002
high_loss,0.523,739,0.00576766983016983,0.93234100135318,0.8173190984578885,0.8710493046776233,0.8818497234844863,56965.03999999999,20798.35100000002,2217.0,500.0,80480.39100000002
high_loss,0.524,739,0.00576766983016983,0.93234100135318,0.8173190984578885,0.8710493046776233,0.8818497234844863,56965.03999999999,20798.35100000002,2217.0,500.0,80480.39100000002
high_loss,0.525,739,0.00576766983016983,0.93234100135318,0.8173190984578885,0.8710493046776233,0.8818497234844863,56965.03999999999,20798.35100000002,2217.0,500.0,80480.39100000002
high_loss,0.526,739,0.00576766983016983,0.93234100135318,0.8173190984578885,0.8710493046776233,0.8818497234844863,56965.03999999999,20798.35100000002,2217.0,500.0,80480.39100000002
high_loss,0.527,739,0.00576766983016983,0.93234100135318,0.8173190984578885,0.8710493046776233,0.8818497234844863,56965.03999999999,20798.35100000002,2217.0,500.0,80480.39100000002
high_loss,0.528,739,0.00576766983016983,0.93234100135318,0.8173190984578885,0.8710493046776233,0.8818497234844863,56965.03999999999,20798.35100000002,2217.0,500.0,80480.39100000002
high_loss,0.529,739,0.00576766983016983,0.93234100135318,0.8173190984578885,0.8710493046776233,0.8818497234844863,56965.03999999999,20798.35100000002,2217.0,500.0,80480.39100000002
high_loss,0.53,739,0.00576766983016983,0.93234100135318,0.8173190984578885,0.8710493046776233,0.8818497234844863,56965.03999999999,20798.35100000002,2217.0,500.0,80480.39100000002
high_loss,0.531,739,0.00576766983016983,0.93234100135318,0.8173190984578885,0.8710493046776233,0.8818497234844863,56965.03999999999,20798.35100000002,2217.0,500.0,80480.39100000002
high_loss,0.532,739,0.00576766983016983,0.93234100135318,0.8173190984578885,0.8710493046776233,0.8818497234844863,56965.03999999999,20798.35100000002,2217.0,500.0,80480.39100000002
high_loss,0.533,739,0.00576766983016983,0.93234100135318,0.8173190984578885,0.8710493046776233,0.8818497234844863,56965.03999999999,20798.35100000002,2217.0,500.0,80480.39100000002
high_loss,0.534,739,0.00576766983016983,0.93234100135318,0.8173190984578885,0.8710493046776233,0.8818497234844863,56965.03999999999,20798.35100000002,2217.0,500.0,80480.39100000002
high_loss,0.535,739,0.00576766983016983,0.93234100135318,0.8173190984578885,0.8710493046776233,0.8818497234844863,56965.03999999999,20798.35100000002,2217.0,500.0,80480.39100000002
high_loss,0.536,739,0.00576766983016983,0.93234100135318,0.8173190984578885,0.8710493046776233,0.8818497234844863,56965.03999999999,20798.35100000002,2217.0,500.0,80480.39100000002
high_loss,0.537,739,0.00576766983016983,0.93234100135318,0.8173190984578885,0.8710493046776233,0.8818497234844863,56965.03999999999,20798.35100000002,2217.0,500.0,80480.39100000002
high_loss,0.538,739,0.00576766983016983,0.93234100135318,0.8173190984578885,0.8710493046776233,0.8818497234844863,56965.03999999999,20798.35100000002,2217.0,500.0,80480.39100000002
high_loss,0.539,739,0.00576766983016983,0.93234100135318,0.8173190984578885,0.8710493046776233,0.8818497234844863,56965.03999999999,20798.35100000002,2217.0,500.0,80480.39100000002
high_loss,0.54,739,0.00576766983016983,0.93234100135318,0.8173190984578885,0.8710493046776233,0.8818497234844863,56965.03999999999,20798.35100000002,2217.0,500.0,80480.39100000002
high_loss,0.541,739,0.00576766983016983,0.93234100135318,0.8173190984578885,0.8710493046776233,0.8818497234844863,56965.03999999999,20798.35100000002,2217.0,500.0,80480.39100000002
high_loss,0.542,739,0.00576766983016983,0.93234100135318,0.8173190984578885,0.8710493046776233,0.8818497234844863,56965.03999999999,20798.35100000002,2217.0,500.0,80480.39100000002
high_loss,0.543,739,0.00576766983016983,0.93234100135318,0.8173190984578885,0.8710493046776233,0.8818497234844863,56965.03999999999,20798.35100000002,2217.0,500.0,80480.39100000002
high_loss,0.544,739,0.00576766983016983,0.93234100135318,0.8173190984578885,0.8710493046776233,0.8818497234844863,56965.03999999999,20798.35100000002,2217.0,500.0,80480.39100000002
high_loss,0.545,739,0.00576766983016983,0.93234100135318,0.8173190984578885,0.8710493046776233,0.8818497234844863,56965.03999999999,20798.35100000002,2217.0,500.0,80480.39100000002
high_loss,0.546,739,0.00576766983016983,0.93234100135318,0.8173190984578885,0.8710493046776233,0.8818497234844863,56965.03999999999,20798.35100000002,2217.0,500.0,80480.39100000002
high_loss,0.547,739,0.00576766983016983,0.93234100135318,0.8173190984578885,0.8710493046776233,0.8818497234844863,56965.03999999999,20798.35100000002,2217.0,500.0,80480.39100000002
high_loss,0.548,739,0.00576766983016983,0.93234100135318,0.8173190984578885,0.8710493046776233,0.8818497234844863,56965.03999999999,20798.35100000002,2217.0,500.0,80480.39100000002
high_loss,0.549,739,0.00576766983016983,0.93234100135318,0.8173190984578885,0.8710493046776233,0.8818497234844863,56965.03999999999,20798.35100000002,2217.0,500.0,80480.39100000002
high_loss,0.55,739,0.00576766983016983,0.93234100135318,0.8173190984578885,0.8710493046776233,0.8818497234844863,56965.03999999999,20798.35100000002,2217.0,500.0,80480.39100000002
high_loss,0.551,739,0.00576766983016983,0.93234100135318,0.8173190984578885,0.8710493046776233,0.8818497234844863,56965.03999999999,20798.35100000002,2217.0,500.0,80480.39100000002
high_loss,0.552,739,0.00576766983016983,0.93234100135318,0.8173190984578885,0.8710493046776233,0.8818497234844863,56965.03999999999,20798.35100000002,2217.0,500.0,80480.39100000002
high_loss,0.553,739,0.00576766983016983,0.93234100135318,0.8173190984578885,0.8710493046776233,0.8818497234844863,56965.03999999999,20798.35100000002,2217.0,500.0,80480.39100000002
high_loss,0.554,739,0.00576766983016983,0.93234100135318,0.8173190984578885,0.8710493046776233,0.8818497234844863,56965.03999999999,20798.35100000002,2217.0,500.0,80480.39100000002
high_loss,0.555,739,0.00576766983016983,0.93234100135318,0.8173190984578885,0.8710493046776233,0.8818497234844863,56965.03999999999,20798.35100000002,2217.0,500.0,80480.39100000002
high_loss,0.556,739,0.00576766983016983,0.93234100135318,0.8173190984578885,0.8710493046776233,0.8818497234844863,56965.03999999999,20798.35100000002,2217.0,500.0,80480.39100000002
high_loss,0.557,739,0.00576766983016983,0.93234100135318,0.8173190984578885,0.8710493046776233,0.8818497234844863,56965.03999999999,20798.35100000002,2217.0,500.0,80480.39100000002
high_loss,0.558,739,0.00576766983016983,0.93234100135318,0.8173190984578885,0.8710493046776233,0.8818497234844863,56965.03999999999,20798.35100000002,2217.0,500.0,80480.39100000002
high_loss,0.559,739,0.00576766983016983,0.93234100135318,0.8173190984578885,0.8710493046776233,0.8818497234844863,56965.03999999999,20798.35100000002,2217.0,500.0,80480.39100000002
high_loss,0.56,739,0.00576766983016983,0.93234100135318,0.8173190984578885,0.8710493046776233,0.8818497234844863,56965.03999999999,20798.35100000002,2217.0,500.0,80480.39100000002
high_loss,0.561,739,0.00576766983016983,0.93234100135318,0.8173190984578885,0.8710493046776233,0.8818497234844863,56965.03999999999,20798.35100000002,2217.0,500.0,80480.39100000002
high_loss,0.562,739,0.00576766983016983,0.93234100135318,0.8173190984578885,0.8710493046776233,0.8818497234844863,56965.03999999999,20798.35100000002,2217.0,500.0,80480.39100000002
high_loss,0.5630000000000001,739,0.00576766983016983,0.93234100135318,0.8173190984578885,0.8710493046776233,0.8818497234844863,56965.03999999999,20798.35100000002,2217.0,500.0,80480.39100000002
high_loss,0.5640000000000001,739,0.00576766983016983,0.93234100135318,0.8173190984578885,0.8710493046776233,0.8818497234844863,56965.03999999999,20798.35100000002,2217.0,500.0,80480.39100000002
high_loss,0.5650000000000001,739,0.00576766983016983,0.93234100135318,0.8173190984578885,0.8710493046776233,0.8818497234844863,56965.03999999999,20798.35100000002,2217.0,500.0,80480.39100000002
high_loss,0.5660000000000001,739,0.00576766983016983,0.93234100135318,0.8173190984578885,0.8710493046776233,0.8818497234844863,56965.03999999999,20798.35100000002,2217.0,500.0,80480.39100000002
high_loss,0.5670000000000001,739,0.00576766983016983,0.93234100135318,0.8173190984578885,0.8710493046776233,0.8818497234844863,56965.03999999999,20798.35100000002,2217.0,500.0,80480.39100000002
high_loss,0.5680000000000001,739,0.00576766983016983,0.93234100135318,0.8173190984578885,0.8710493046776233,0.8818497234844863,56965.03999999999,20798.35100000002,2217.0,500.0,80480.39100000002
high_loss,0.5690000000000001,739,0.00576766983016983,0.93234100135318,0.8173190984578885,0.8710493046776233,0.8818497234844863,56965.03999999999,20798.35100000002,2217.0,500.0,80480.39100000002
high_loss,0.5700000000000001,739,0.00576766983016983,0.93234100135318,0.8173190984578885,0.8710493046776233,0.8818497234844863,56965.03999999999,20798.35100000002,2217.0,500.0,80480.39100000002
high_loss,0.5710000000000001,739,0.00576766983016983,0.93234100135318,0.8173190984578885,0.8710493046776233,0.8818497234844863,56965.03999999999,20798.35100000002,2217.0,500.0,80480.39100000002
high_loss,0.5720000000000001,739,0.00576766983016983,0.93234100135318,0.8173190984578885,0.8710493046776233,0.8818497234844863,56965.03999999999,20798.35100000002,2217.0,500.0,80480.39100000002
high_loss,0.5730000000000001,739,0.00576766983016983,0.93234100135318,0.8173190984578885,0.8710493046776233,0.8818497234844863,56965.03999999999,20798.35100000002,2217.0,500.0,80480.39100000002
high_loss,0.5740000000000001,739,0.00576766983016983,0.93234100135318,0.8173190984578885,0.8710493046776233,0.8818497234844863,56965.03999999999,20798.35100000002,2217.0,500.0,80480.39100000002
high_loss,0.5750000000000001,739,0.00576766983016983,0.93234100135318,0.8173190984578885,0.8710493046776233,0.8818497234844863,56965.03999999999,20798.35100000002,2217.0,500.0,80480.39100000002
high_loss,0.5760000000000001,739,0.00576766983016983,0.93234100135318,0.8173190984578885,0.8710493046776233,0.8818497234844863,56965.03999999999,20798.35100000002,2217.0,500.0,80480.39100000002
high_loss,0.5770000000000001,739,0.00576766983016983,0.93234100135318,0.8173190984578885,0.8710493046776233,0.8818497234844863,56965.03999999999,20798.35100000002,2217.0,500.0,80480.39100000002
high_loss,0.578,739,0.00576766983016983,0.93234100135318,0.8173190984578885,0.8710493046776233,0.8818497234844863,56965.03999999999,20798.35100000002,2217.0,500.0,80480.39100000002
high_loss,0.579,739,0.00576766983016983,0.93234100135318,0.8173190984578885,0.8710493046776233,0.8818497234844863,56965.03999999999,20798.35100000002,2217.0,500.0,80480.39100000002
high_loss,0.58,739,0.00576766983016983,0.93234100135318,0.8173190984578885,0.8710493046776233,0.8818497234844863,56965.03999999999,20798.35100000002,2217.0,500.0,80480.39100000002
high_loss,0.581,721,0.005627185314685315,0.9459084604715673,0.8090154211150652,0.8721227621483376,0.8779679027037965,58875.42999999999,20702.83150000002,2163.0,390.0,82131.26150000001
high_loss,0.582,720,0.005619380619380619,0.9458333333333333,0.8078291814946619,0.8714011516314779,0.8763527851278591,59632.03999999999,20665.00100000002,2160.0,390.0,82847.04100000001
high_loss,0.583,719,0.005611575924075924,0.9471488178025035,0.8078291814946619,0.8719590268886044,0.8763527851278591,59632.03999999999,20665.00100000002,2157.0,380.0,82834.04100000001
high_loss,0.584,703,0.005486700799200799,0.9544807965860598,0.7959667852906287,0.8680465717981889,0.8661549229742336,64483.0,20422.45300000002,2109.0,320.0,87334.45300000002
high_loss,0.585,703,0.005486700799200799,0.9544807965860598,0.7959667852906287,0.8680465717981889,0.8661549229742336,64483.0,20422.45300000002,2109.0,320.0,87334.45300000002
high_loss,0.586,703,0.005486700799200799,0.9544807965860598,0.7959667852906287,0.8680465717981889,0.8661549229742336,64483.0,20422.45300000002,2109.0,320.0,87334.45300000002
high_loss,0.587,703,0.005486700799200799,0.9544807965860598,0.7959667852906287,0.8680465717981889,0.8661549229742336,64483.0,20422.45300000002,2109.0,320.0,87334.45300000002
high_loss,0.588,703,0.005486700799200799,0.9544807965860598,0.7959667852906287,0.8680465717981889,0.8661549229742336,64483.0,20422.45300000002,2109.0,320.0,87334.45300000002
high_loss,0.589,703,0.005486700799200799,0.9544807965860598,0.7959667852906287,0.8680465717981889,0.8661549229742336,64483.0,20422.45300000002,2109.0,320.0,87334.45300000002
high_loss,0.59,702,0.005478896103896104,0.9544159544159544,0.7947805456702254,0.8673139158576052,0.8644089488840866,65299.29000000001,20381.63850000002,2106.0,320.0,88106.92850000002
high_loss,0.591,702,0.005478896103896104,0.9544159544159544,0.7947805456702254,0.8673139158576052,0.8644089488840866,65299.29000000001,20381.63850000002,2106.0,320.0,88106.92850000002
high_loss,0.592,701,0.005471091408591409,0.9543509272467903,0.7935943060498221,0.866580310880829,0.8627351563698071,66082.66,20342.47000000002,2103.0,320.0,88848.13000000002
high_loss,0.593,701,0.005471091408591409,0.9543509272467903,0.7935943060498221,0.866580310880829,0.8627351563698071,66082.66,20342.47000000002,2103.0,320.0,88848.13000000002
high_loss,0.594,701,0.005471091408591409,0.9543509272467903,0.7935943060498221,0.866580310880829,0.8627351563698071,66082.66,20342.47000000002,2103.0,320.0,88848.13000000002
high_loss,0.595,701,0.005471091408591409,0.9543509272467903,0.7935943060498221,0.866580310880829,0.8627351563698071,66082.66,20342.47000000002,2103.0,320.0,88848.13000000002
high_loss,0.596,701,0.005471091408591409,0.9543509272467903,0.7935943060498221,0.866580310880829,0.8627351563698071,66082.66,20342.47000000002,2103.0,320.0,88848.13000000002
high_loss,0.597,701,0.005471091408591409,0.9543509272467903,0.7935943060498221,0.866580310880829,0.8627351563698071,66082.66,20342.47000000002,2103.0,320.0,88848.13000000002
high_loss,0.598,701,0.005471091408591409,0.9543509272467903,0.7935943060498221,0.866580310880829,0.8627351563698071,66082.66,20342.47000000002,2103.0,320.0,88848.13000000002
high_loss,0.599,701,0.005471091408591409,0.9543509272467903,0.7935943060498221,0.866580310880829,0.8627351563698071,66082.66,20342.47000000002,2103.0,320.0,88848.13000000002
high_loss,0.6,701,0.005471091408591409,0.9543509272467903,0.7935943060498221,0.866580310880829,0.8627351563698071,66082.66,20342.47000000002,2103.0,320.0,88848.13000000002
high_loss,0.601,701,0.005471091408591409,0.9543509272467903,0.7935943060498221,0.866580310880829,0.8627351563698071,66082.66,20342.47000000002,2103.0,320.0,88848.13000000002
high_loss,0.602,701,0.005471091408591409,0.9543509272467903,0.7935943060498221,0.866580310880829,0.8627351563698071,66082.66,20342.47000000002,2103.0,320.0,88848.13000000002
high_loss,0.603,701,0.005471091408591409,0.9543509272467903,0.7935943060498221,0.866580310880829,0.8627351563698071,66082.66,20342.47000000002,2103.0,320.0,88848.13000000002
high_loss,0.604,701,0.005471091408591409,0.9543509272467903,0.7935943060498221,0.866580310880829,0.8627351563698071,66082.66,20342.47000000002,2103.0,320.0,88848.13000000002
high_loss,0.605,701,0.005471091408591409,0.9543509272467903,0.7935943060498221,0.866580310880829,0.8627351563698071,66082.66,20342.47000000002,2103.0,320.0,88848.13000000002
high_loss,0.606,701,0.005471091408591409,0.9543509272467903,0.7935943060498221,0.866580310880829,0.8627351563698071,66082.66,20342.47000000002,2103.0,320.0,88848.13000000002
high_loss,0.607,701,0.005471091408591409,0.9543509272467903,0.7935943060498221,0.866580310880829,0.8627351563698071,66082.66,20342.47000000002,2103.0,320.0,88848.13000000002
high_loss,0.608,701,0.005471091408591409,0.9543509272467903,0.7935943060498221,0.866580310880829,0.8627351563698071,66082.66,20342.47000000002,2103.0,320.0,88848.13000000002
high_loss,0.609,701,0.005471091408591409,0.9543509272467903,0.7935943060498221,0.866580310880829,0.8627351563698071,66082.66,20342.47000000002,2103.0,320.0,88848.13000000002
high_loss,0.61,701,0.005471091408591409,0.9543509272467903,0.7935943060498221,0.866580310880829,0.8627351563698071,66082.66,20342.47000000002,2103.0,320.0,88848.13000000002
high_loss,0.611,701,0.005471091408591409,0.9543509272467903,0.7935943060498221,0.866580310880829,0.8627351563698071,66082.66,20342.47000000002,2103.0,320.0,88848.13000000002
high_loss,0.612,701,0.005471091408591409,0.9543509272467903,0.7935943060498221,0.866580310880829,0.8627351563698071,66082.66,20342.47000000002,2103.0,320.0,88848.13000000002
high_loss,0.613,685,0.005346216283716284,0.9576642335766423,0.7781731909845789,0.8586387434554974,0.8502989856471367,72014.45,20045.880500000017,2055.0,290.0,94405.33050000001
high_loss,0.614,685,0.005346216283716284,0.9576642335766423,0.7781731909845789,0.8586387434554974,0.8502989856471367,72014.45,20045.880500000017,2055.0,290.0,94405.33050000001
high_loss,0.615,685,0.005346216283716284,0.9576642335766423,0.7781731909845789,0.8586387434554974,0.8502989856471367,72014.45,20045.880500000017,2055.0,290.0,94405.33050000001
high_loss,0.616,685,0.005346216283716284,0.9576642335766423,0.7781731909845789,0.8586387434554974,0.8502989856471367,72014.45,20045.880500000017,2055.0,290.0,94405.33050000001
high_loss,0.617,685,0.005346216283716284,0.9576642335766423,0.7781731909845789,0.8586387434554974,0.8502989856471367,72014.45,20045.880500000017,2055.0,290.0,94405.33050000001
high_loss,0.618,685,0.005346216283716284,0.9576642335766423,0.7781731909845789,0.8586387434554974,0.8502989856471367,72014.45,20045.880500000017,2055.0,290.0,94405.33050000001
high_loss,0.619,685,0.005346216283716284,0.9576642335766423,0.7781731909845789,0.8586387434554974,0.8502989856471367,72014.45,20045.880500000017,2055.0,290.0,94405.33050000001
high_loss,0.62,685,0.005346216283716284,0.9576642335766423,0.7781731909845789,0.8586387434554974,0.8502989856471367,72014.45,20045.880500000017,2055.0,290.0,94405.33050000001
high_loss,0.621,685,0.005346216283716284,0.9576642335766423,0.7781731909845789,0.8586387434554974,0.8502989856471367,72014.45,20045.880500000017,2055.0,290.0,94405.33050000001
high_loss,0.622,685,0.005346216283716284,0.9576642335766423,0.7781731909845789,0.8586387434554974,0.8502989856471367,72014.45,20045.880500000017,2055.0,290.0,94405.33050000001
high_loss,0.623,685,0.005346216283716284,0.9576642335766423,0.7781731909845789,0.8586387434554974,0.8502989856471367,72014.45,20045.880500000017,2055.0,290.0,94405.33050000001
high_loss,0.624,685,0.005346216283716284,0.9576642335766423,0.7781731909845789,0.8586387434554974,0.8502989856471367,72014.45,20045.880500000017,2055.0,290.0,94405.33050000001
high_loss,0.625,685,0.005346216283716284,0.9576642335766423,0.7781731909845789,0.8586387434554974,0.8502989856471367,72014.45,20045.880500000017,2055.0,290.0,94405.33050000001
high_loss,0.626,685,0.005346216283716284,0.9576642335766423,0.7781731909845789,0.8586387434554974,0.8502989856471367,72014.45,20045.880500000017,2055.0,290.0,94405.33050000001
high_loss,0.627,685,0.005346216283716284,0.9576642335766423,0.7781731909845789,0.8586387434554974,0.8502989856471367,72014.45,20045.880500000017,2055.0,290.0,94405.33050000001
high_loss,0.628,685,0.005346216283716284,0.9576642335766423,0.7781731909845789,0.8586387434554974,0.8502989856471367,72014.45,20045.880500000017,2055.0,290.0,94405.33050000001
high_loss,0.629,685,0.005346216283716284,0.9576642335766423,0.7781731909845789,0.8586387434554974,0.8502989856471367,72014.45,20045.880500000017,2055.0,290.0,94405.33050000001
high_loss,0.63,685,0.005346216283716284,0.9576642335766423,0.7781731909845789,0.8586387434554974,0.8502989856471367,72014.45,20045.880500000017,2055.0,290.0,94405.33050000001
high_loss,0.631,685,0.005346216283716284,0.9576642335766423,0.7781731909845789,0.8586387434554974,0.8502989856471367,72014.45,20045.880500000017,2055.0,290.0,94405.33050000001
high_loss,0.632,685,0.005346216283716284,0.9576642335766423,0.7781731909845789,0.8586387434554974,0.8502989856471367,72014.45,20045.880500000017,2055.0,290.0,94405.33050000001
high_loss,0.633,685,0.005346216283716284,0.9576642335766423,0.7781731909845789,0.8586387434554974,0.8502989856471367,72014.45,20045.880500000017,2055.0,290.0,94405.33050000001
high_loss,0.634,685,0.005346216283716284,0.9576642335766423,0.7781731909845789,0.8586387434554974,0.8502989856471367,72014.45,20045.880500000017,2055.0,290.0,94405.33050000001
high_loss,0.635,685,0.005346216283716284,0.9576642335766423,0.7781731909845789,0.8586387434554974,0.8502989856471367,72014.45,20045.880500000017,2055.0,290.0,94405.33050000001
high_loss,0.636,685,0.005346216283716284,0.9576642335766423,0.7781731909845789,0.8586387434554974,0.8502989856471367,72014.45,20045.880500000017,2055.0,290.0,94405.33050000001
high_loss,0.637,685,0.005346216283716284,0.9576642335766423,0.7781731909845789,0.8586387434554974,0.8502989856471367,72014.45,20045.880500000017,2055.0,290.0,94405.33050000001
high_loss,0.638,685,0.005346216283716284,0.9576642335766423,0.7781731909845789,0.8586387434554974,0.8502989856471367,72014.45,20045.880500000017,2055.0,290.0,94405.33050000001
high_loss,0.639,685,0.005346216283716284,0.9576642335766423,0.7781731909845789,0.8586387434554974,0.8502989856471367,72014.45,20045.880500000017,2055.0,290.0,94405.33050000001
high_loss,0.64,685,0.005346216283716284,0.9576642335766423,0.7781731909845789,0.8586387434554974,0.8502989856471367,72014.45,20045.880500000017,2055.0,290.0,94405.33050000001
high_loss,0.641,685,0.005346216283716284,0.9576642335766423,0.7781731909845789,0.8586387434554974,0.8502989856471367,72014.45,20045.880500000017,2055.0,290.0,94405.33050000001
high_loss,0.642,685,0.005346216283716284,0.9576642335766423,0.7781731909845789,0.8586387434554974,0.8502989856471367,72014.45,20045.880500000017,2055.0,290.0,94405.33050000001
high_loss,0.643,685,0.005346216283716284,0.9576642335766423,0.7781731909845789,0.8586387434554974,0.8502989856471367,72014.45,20045.880500000017,2055.0,290.0,94405.33050000001
high_loss,0.644,685,0.005346216283716284,0.9576642335766423,0.7781731909845789,0.8586387434554974,0.8502989856471367,72014.45,20045.880500000017,2055.0,290.0,94405.33050000001
high_loss,0.645,685,0.005346216283716284,0.9576642335766423,0.7781731909845789,0.8586387434554974,0.8502989856471367,72014.45,20045.880500000017,2055.0,290.0,94405.33050000001
high_loss,0.646,685,0.005346216283716284,0.9576642335766423,0.7781731909845789,0.8586387434554974,0.8502989856471367,72014.45,20045.880500000017,2055.0,290.0,94405.33050000001
high_loss,0.647,685,0.005346216283716284,0.9576642335766423,0.7781731909845789,0.8586387434554974,0.8502989856471367,72014.45,20045.880500000017,2055.0,290.0,94405.33050000001
high_loss,0.648,685,0.005346216283716284,0.9576642335766423,0.7781731909845789,0.8586387434554974,0.8502989856471367,72014.45,20045.880500000017,2055.0,290.0,94405.33050000001
high_loss,0.649,685,0.005346216283716284,0.9576642335766423,0.7781731909845789,0.8586387434554974,0.8502989856471367,72014.45,20045.880500000017,2055.0,290.0,94405.33050000001
high_loss,0.65,685,0.005346216283716284,0.9576642335766423,0.7781731909845789,0.8586387434554974,0.8502989856471367,72014.45,20045.880500000017,2055.0,290.0,94405.33050000001
high_loss,0.651,685,0.005346216283716284,0.9576642335766423,0.7781731909845789,0.8586387434554974,0.8502989856471367,72014.45,20045.880500000017,2055.0,290.0,94405.33050000001
high_loss,0.652,685,0.005346216283716284,0.9576642335766423,0.7781731909845789,0.8586387434554974,0.8502989856471367,72014.45,20045.880500000017,2055.0,290.0,94405.33050000001
high_loss,0.653,685,0.005346216283716284,0.9576642335766423,0.7781731909845789,0.8586387434554974,0.8502989856471367,72014.45,20045.880500000017,2055.0,290.0,94405.33050000001
high_loss,0.654,685,0.005346216283716284,0.9576642335766423,0.7781731909845789,0.8586387434554974,0.8502989856471367,72014.45,20045.880500000017,2055.0,290.0,94405.33050000001
high_loss,0.655,685,0.005346216283716284,0.9576642335766423,0.7781731909845789,0.8586387434554974,0.8502989856471367,72014.45,20045.880500000017,2055.0,290.0,94405.33050000001
high_loss,0.656,685,0.005346216283716284,0.9576642335766423,0.7781731909845789,0.8586387434554974,0.8502989856471367,72014.45,20045.880500000017,2055.0,290.0,94405.33050000001
high_loss,0.657,685,0.005346216283716284,0.9576642335766423,0.7781731909845789,0.8586387434554974,0.8502989856471367,72014.45,20045.880500000017,2055.0,290.0,94405.33050000001
high_loss,0.658,685,0.005346216283716284,0.9576642335766423,0.7781731909845789,0.8586387434554974,0.8502989856471367,72014.45,20045.880500000017,2055.0,290.0,94405.33050000001
high_loss,0.659,685,0.005346216283716284,0.9576642335766423,0.7781731909845789,0.8586387434554974,0.8502989856471367,72014.45,20045.880500000017,2055.0,290.0,94405.33050000001
high_loss,0.66,685,0.005346216283716284,0.9576642335766423,0.7781731909845789,0.8586387434554974,0.8502989856471367,72014.45,20045.880500000017,2055.0,290.0,94405.33050000001
high_loss,0.661,685,0.005346216283716284,0.9576642335766423,0.7781731909845789,0.8586387434554974,0.8502989856471367,72014.45,20045.880500000017,2055.0,290.0,94405.33050000001
high_loss,0.662,685,0.005346216283716284,0.9576642335766423,0.7781731909845789,0.8586387434554974,0.8502989856471367,72014.45,20045.880500000017,2055.0,290.0,94405.33050000001
high_loss,0.663,685,0.005346216283716284,0.9576642335766423,0.7781731909845789,0.8586387434554974,0.8502989856471367,72014.45,20045.880500000017,2055.0,290.0,94405.33050000001
high_loss,0.664,685,0.005346216283716284,0.9576642335766423,0.7781731909845789,0.8586387434554974,0.8502989856471367,72014.45,20045.880500000017,2055.0,290.0,94405.33050000001
high_loss,0.665,685,0.005346216283716284,0.9576642335766423,0.7781731909845789,0.8586387434554974,0.8502989856471367,72014.45,20045.880500000017,2055.0,290.0,94405.33050000001
high_loss,0.666,685,0.005346216283716284,0.9576642335766423,0.7781731909845789,0.8586387434554974,0.8502989856471367,72014.45,20045.880500000017,2055.0,290.0,94405.33050000001
high_loss,0.667,685,0.005346216283716284,0.9576642335766423,0.7781731909845789,0.8586387434554974,0.8502989856471367,72014.45,20045.880500000017,2055.0,290.0,94405.33050000001
high_loss,0.668,685,0.005346216283716284,0.9576642335766423,0.7781731909845789,0.8586387434554974,0.8502989856471367,72014.45,20045.880500000017,2055.0,290.0,94405.33050000001
high_loss,0.669,685,0.005346216283716284,0.9576642335766423,0.7781731909845789,0.8586387434554974,0.8502989856471367,72014.45,20045.880500000017,2055.0,290.0,94405.33050000001
high_loss,0.67,685,0.005346216283716284,0.9576642335766423,0.7781731909845789,0.8586387434554974,0.8502989856471367,72014.45,20045.880500000017,2055.0,290.0,94405.33050000001
high_loss,0.671,685,0.005346216283716284,0.9576642335766423,0.7781731909845789,0.8586387434554974,0.8502989856471367,72014.45,20045.880500000017,2055.0,290.0,94405.33050000001
high_loss,0.672,685,0.005346216283716284,0.9576642335766423,0.7781731909845789,0.8586387434554974,0.8502989856471367,72014.45,20045.880500000017,2055.0,290.0,94405.33050000001
high_loss,0.673,685,0.005346216283716284,0.9576642335766423,0.7781731909845789,0.8586387434554974,0.8502989856471367,72014.45,20045.880500000017,2055.0,290.0,94405.33050000001
high_loss,0.674,685,0.005346216283716284,0.9576642335766423,0.7781731909845789,0.8586387434554974,0.8502989856471367,72014.45,20045.880500000017,2055.0,290.0,94405.33050000001
high_loss,0.675,685,0.005346216283716284,0.9576642335766423,0.7781731909845789,0.8586387434554974,0.8502989856471367,72014.45,20045.880500000017,2055.0,290.0,94405.33050000001
high_loss,0.676,685,0.005346216283716284,0.9576642335766423,0.7781731909845789,0.8586387434554974,0.8502989856471367,72014.45,20045.880500000017,2055.0,290.0,94405.33050000001
high_loss,0.677,685,0.005346216283716284,0.9576642335766423,0.7781731909845789,0.8586387434554974,0.8502989856471367,72014.45,20045.880500000017,2055.0,290.0,94405.33050000001
high_loss,0.678,685,0.005346216283716284,0.9576642335766423,0.7781731909845789,0.8586387434554974,0.8502989856471367,72014.45,20045.880500000017,2055.0,290.0,94405.33050000001
high_loss,0.679,684,0.005338411588411588,0.9590643274853801,0.7781731909845789,0.8592010478061559,0.8502989856471367,72014.45,20045.880500000017,2052.0,280.0,94392.33050000001
high_loss,0.68,684,0.005338411588411588,0.9590643274853801,0.7781731909845789,0.8592010478061559,0.8502989856471367,72014.45,20045.880500000017,2052.0,280.0,94392.33050000001
high_loss,0.681,684,0.005338411588411588,0.9590643274853801,0.7781731909845789,0.8592010478061559,0.8502989856471367,72014.45,20045.880500000017,2052.0,280.0,94392.33050000001
high_loss,0.682,684,0.005338411588411588,0.9590643274853801,0.7781731909845789,0.8592010478061559,0.8502989856471367,72014.45,20045.880500000017,2052.0,280.0,94392.33050000001
high_loss,0.683,684,0.005338411588411588,0.9590643274853801,0.7781731909845789,0.8592010478061559,0.8502989856471367,72014.45,20045.880500000017,2052.0,280.0,94392.33050000001
high_loss,0.684,684,0.005338411588411588,0.9590643274853801,0.7781731909845789,0.8592010478061559,0.8502989856471367,72014.45,20045.880500000017,2052.0,280.0,94392.33050000001
high_loss,0.685,684,0.005338411588411588,0.9590643274853801,0.7781731909845789,0.8592010478061559,0.8502989856471367,72014.45,20045.880500000017,2052.0,280.0,94392.33050000001
high_loss,0.686,684,0.005338411588411588,0.9590643274853801,0.7781731909845789,0.8592010478061559,0.8502989856471367,72014.45,20045.880500000017,2052.0,280.0,94392.33050000001
high_loss,0.687,684,0.005338411588411588,0.9590643274853801,0.7781731909845789,0.8592010478061559,0.8502989856471367,72014.45,20045.880500000017,2052.0,280.0,94392.33050000001
high_loss,0.6880000000000001,684,0.005338411588411588,0.9590643274853801,0.7781731909845789,0.8592010478061559,0.8502989856471367,72014.45,20045.880500000017,2052.0,280.0,94392.33050000001
high_loss,0.6890000000000001,684,0.005338411588411588,0.9590643274853801,0.7781731909845789,0.8592010478061559,0.8502989856471367,72014.45,20045.880500000017,2052.0,280.0,94392.33050000001
high_loss,0.6900000000000001,684,0.005338411588411588,0.9590643274853801,0.7781731909845789,0.8592010478061559,0.8502989856471367,72014.45,20045.880500000017,2052.0,280.0,94392.33050000001
high_loss,0.6910000000000001,664,0.005182317682317682,0.9668674698795181,0.7615658362989324,0.8520238885202389,0.8344380052573271,79528.20000000001,19670.193000000017,1992.0,220.0,101410.39300000003
high_loss,0.6920000000000001,664,0.005182317682317682,0.9668674698795181,0.7615658362989324,0.8520238885202389,0.8344380052573271,79528.20000000001,19670.193000000017,1992.0,220.0,101410.39300000003
high_loss,0.6930000000000001,664,0.005182317682317682,0.9668674698795181,0.7615658362989324,0.8520238885202389,0.8344380052573271,79528.20000000001,19670.193000000017,1992.0,220.0,101410.39300000003
high_loss,0.6940000000000001,664,0.005182317682317682,0.9668674698795181,0.7615658362989324,0.8520238885202389,0.8344380052573271,79528.20000000001,19670.193000000017,1992.0,220.0,101410.39300000003
high_loss,0.6950000000000001,664,0.005182317682317682,0.9668674698795181,0.7615658362989324,0.8520238885202389,0.8344380052573271,79528.20000000001,19670.193000000017,1992.0,220.0,101410.39300000003
high_loss,0.6960000000000001,663,0.005174512987012987,0.9683257918552036,0.7615658362989324,0.852589641434263,0.8344380052573271,79528.20000000001,19670.193000000017,1989.0,210.0,101397.39300000003
high_loss,0.6970000000000001,663,0.005174512987012987,0.9683257918552036,0.7615658362989324,0.852589641434263,0.8344380052573271,79528.20000000001,19670.193000000017,1989.0,210.0,101397.39300000003
high_loss,0.6980000000000001,663,0.005174512987012987,0.9683257918552036,0.7615658362989324,0.852589641434263,0.8344380052573271,79528.20000000001,19670.193000000017,1989.0,210.0,101397.39300000003
high_loss,0.6990000000000001,663,0.005174512987012987,0.9683257918552036,0.7615658362989324,0.852589641434263,0.8344380052573271,79528.20000000001,19670.193000000017,1989.0,210.0,101397.39300000003
high_loss,0.7000000000000001,663,0.005174512987012987,0.9683257918552036,0.7615658362989324,0.852589641434263,0.8344380052573271,79528.20000000001,19670.193000000017,1989.0,210.0,101397.39300000003
high_loss,0.7010000000000001,663,0.005174512987012987,0.9683257918552036,0.7615658362989324,0.852589641434263,0.8344380052573271,79528.20000000001,19670.193000000017,1989.0,210.0,101397.39300000003
high_loss,0.7020000000000001,663,0.005174512987012987,0.9683257918552036,0.7615658362989324,0.852589641434263,0.8344380052573271,79528.20000000001,19670.193000000017,1989.0,210.0,101397.39300000003
high_loss,0.7030000000000001,663,0.005174512987012987,0.9683257918552036,0.7615658362989324,0.852589641434263,0.8344380052573271,79528.20000000001,19670.193000000017,1989.0,210.0,101397.39300000003
high_loss,0.7040000000000001,662,0.005166708291708292,0.9697885196374623,0.7615658362989324,0.8531561461794019,0.8344380052573271,79528.20000000001,19670.193000000017,1986.0,200.0,101384.39300000003
high_loss,0.705,662,0.005166708291708292,0.9697885196374623,0.7615658362989324,0.8531561461794019,0.8344380052573271,79528.20000000001,19670.193000000017,1986.0,200.0,101384.39300000003
high_loss,0.706,662,0.005166708291708292,0.9697885196374623,0.7615658362989324,0.8531561461794019,0.8344380052573271,79528.20000000001,19670.193000000017,1986.0,200.0,101384.39300000003
high_loss,0.707,662,0.005166708291708292,0.9697885196374623,0.7615658362989324,0.8531561461794019,0.8344380052573271,79528.20000000001,19670.193000000017,1986.0,200.0,101384.39300000003
high_loss,0.708,662,0.005166708291708292,0.9697885196374623,0.7615658362989324,0.8531561461794019,0.8344380052573271,79528.20000000001,19670.193000000017,1986.0,200.0,101384.39300000003
high_loss,0.709,662,0.005166708291708292,0.9697885196374623,0.7615658362989324,0.8531561461794019,0.8344380052573271,79528.20000000001,19670.193000000017,1986.0,200.0,101384.39300000003
high_loss,0.71,662,0.005166708291708292,0.9697885196374623,0.7615658362989324,0.8531561461794019,0.8344380052573271,79528.20000000001,19670.193000000017,1986.0,200.0,101384.39300000003
high_loss,0.711,662,0.005166708291708292,0.9697885196374623,0.7615658362989324,0.8531561461794019,0.8344380052573271,79528.20000000001,19670.193000000017,1986.0,200.0,101384.39300000003
high_loss,0.712,662,0.005166708291708292,0.9697885196374623,0.7615658362989324,0.8531561461794019,0.8344380052573271,79528.20000000001,19670.193000000017,1986.0,200.0,101384.39300000003
high_loss,0.713,662,0.005166708291708292,0.9697885196374623,0.7615658362989324,0.8531561461794019,0.8344380052573271,79528.20000000001,19670.193000000017,1986.0,200.0,101384.39300000003
high_loss,0.714,662,0.005166708291708292,0.9697885196374623,0.7615658362989324,0.8531561461794019,0.8344380052573271,79528.20000000001,19670.193000000017,1986.0,200.0,101384.39300000003
high_loss,0.715,635,0.004955981518481518,0.9779527559055118,0.7366548042704626,0.8403247631935047,0.8026842512562599,94430.20000000001,18925.093000000015,1905.0,140.0,115400.29300000003
high_loss,0.716,635,0.004955981518481518,0.9779527559055118,0.7366548042704626,0.8403247631935047,0.8026842512562599,94430.20000000001,18925.093000000015,1905.0,140.0,115400.29300000003
high_loss,0.717,635,0.004955981518481518,0.9779527559055118,0.7366548042704626,0.8403247631935047,0.8026842512562599,94430.20000000001,18925.093000000015,1905.0,140.0,115400.29300000003
high_loss,0.718,635,0.004955981518481518,0.9779527559055118,0.7366548042704626,0.8403247631935047,0.8026842512562599,94430.20000000001,18925.093000000015,1905.0,140.0,115400.29300000003
high_loss,0.719,635,0.004955981518481518,0.9779527559055118,0.7366548042704626,0.8403247631935047,0.8026842512562599,94430.20000000001,18925.093000000015,1905.0,140.0,115400.29300000003
high_loss,0.72,635,0.004955981518481518,0.9779527559055118,0.7366548042704626,0.8403247631935047,0.8026842512562599,94430.20000000001,18925.093000000015,1905.0,140.0,115400.29300000003
high_loss,0.721,635,0.004955981518481518,0.9779527559055118,0.7366548042704626,0.8403247631935047,0.8026842512562599,94430.20000000001,18925.093000000015,1905.0,140.0,115400.29300000003
high_loss,0.722,635,0.004955981518481518,0.9779527559055118,0.7366548042704626,0.8403247631935047,0.8026842512562599,94430.20000000001,18925.093000000015,1905.0,140.0,115400.29300000003
high_loss,0.723,635,0.004955981518481518,0.9779527559055118,0.7366548042704626,0.8403247631935047,0.8026842512562599,94430.20000000001,18925.093000000015,1905.0,140.0,115400.29300000003
high_loss,0.724,635,0.004955981518481518,0.9779527559055118,0.7366548042704626,0.8403247631935047,0.8026842512562599,94430.20000000001,18925.093000000015,1905.0,140.0,115400.29300000003
high_loss,0.725,635,0.004955981518481518,0.9779527559055118,0.7366548042704626,0.8403247631935047,0.8026842512562599,94430.20000000001,18925.093000000015,1905.0,140.0,115400.29300000003
high_loss,0.726,635,0.004955981518481518,0.9779527559055118,0.7366548042704626,0.8403247631935047,0.8026842512562599,94430.20000000001,18925.093000000015,1905.0,140.0,115400.29300000003
high_loss,0.727,635,0.004955981518481518,0.9779527559055118,0.7366548042704626,0.8403247631935047,0.8026842512562599,94430.20000000001,18925.093000000015,1905.0,140.0,115400.29300000003
high_loss,0.728,635,0.004955981518481518,0.9779527559055118,0.7366548042704626,0.8403247631935047,0.8026842512562599,94430.20000000001,18925.093000000015,1905.0,140.0,115400.29300000003
high_loss,0.729,635,0.004955981518481518,0.9779527559055118,0.7366548042704626,0.8403247631935047,0.8026842512562599,94430.20000000001,18925.093000000015,1905.0,140.0,115400.29300000003
high_loss,0.73,635,0.004955981518481518,0.9779527559055118,0.7366548042704626,0.8403247631935047,0.8026842512562599,94430.20000000001,18925.093000000015,1905.0,140.0,115400.29300000003
high_loss,0.731,635,0.004955981518481518,0.9779527559055118,0.7366548042704626,0.8403247631935047,0.8026842512562599,94430.20000000001,18925.093000000015,1905.0,140.0,115400.29300000003
high_loss,0.732,635,0.004955981518481518,0.9779527559055118,0.7366548042704626,0.8403247631935047,0.8026842512562599,94430.20000000001,18925.093000000015,1905.0,140.0,115400.29300000003
high_loss,0.733,635,0.004955981518481518,0.9779527559055118,0.7366548042704626,0.8403247631935047,0.8026842512562599,94430.20000000001,18925.093000000015,1905.0,140.0,115400.29300000003
high_loss,0.734,635,0.004955981518481518,0.9779527559055118,0.7366548042704626,0.8403247631935047,0.8026842512562599,94430.20000000001,18925.093000000015,1905.0,140.0,115400.29300000003
high_loss,0.735,635,0.004955981518481518,0.9779527559055118,0.7366548042704626,0.8403247631935047,0.8026842512562599,94430.20000000001,18925.093000000015,1905.0,140.0,115400.29300000003
high_loss,0.736,635,0.004955981518481518,0.9779527559055118,0.7366548042704626,0.8403247631935047,0.8026842512562599,94430.20000000001,18925.093000000015,1905.0,140.0,115400.29300000003
high_loss,0.737,635,0.004955981518481518,0.9779527559055118,0.7366548042704626,0.8403247631935047,0.8026842512562599,94430.20000000001,18925.093000000015,1905.0,140.0,115400.29300000003
high_loss,0.738,635,0.004955981518481518,0.9779527559055118,0.7366548042704626,0.8403247631935047,0.8026842512562599,94430.20000000001,18925.093000000015,1905.0,140.0,115400.29300000003
high_loss,0.739,635,0.004955981518481518,0.9779527559055118,0.7366548042704626,0.8403247631935047,0.8026842512562599,94430.20000000001,18925.093000000015,1905.0,140.0,115400.29300000003
high_loss,0.74,621,0.004846715784215784,0.9871175523349437,0.727164887307236,0.837431693989071,0.791008333200679,99915.26000000001,18650.840000000015,1863.0,80.0,120509.10000000002
high_loss,0.741,621,0.004846715784215784,0.9871175523349437,0.727164887307236,0.837431693989071,0.791008333200679,99915.26000000001,18650.840000000015,1863.0,80.0,120509.10000000002
high_loss,0.742,621,0.004846715784215784,0.9871175523349437,0.727164887307236,0.837431693989071,0.791008333200679,99915.26000000001,18650.840000000015,1863.0,80.0,120509.10000000002
high_loss,0.743,621,0.004846715784215784,0.9871175523349437,0.727164887307236,0.837431693989071,0.791008333200679,99915.26000000001,18650.840000000015,1863.0,80.0,120509.10000000002
high_loss,0.744,621,0.004846715784215784,0.9871175523349437,0.727164887307236,0.837431693989071,0.791008333200679,99915.26000000001,18650.840000000015,1863.0,80.0,120509.10000000002
high_loss,0.745,621,0.004846715784215784,0.9871175523349437,0.727164887307236,0.837431693989071,0.791008333200679,99915.26000000001,18650.840000000015,1863.0,80.0,120509.10000000002
high_loss,0.746,621,0.004846715784215784,0.9871175523349437,0.727164887307236,0.837431693989071,0.791008333200679,99915.26000000001,18650.840000000015,1863.0,80.0,120509.10000000002
high_loss,0.747,621,0.004846715784215784,0.9871175523349437,0.727164887307236,0.837431693989071,0.791008333200679,99915.26000000001,18650.840000000015,1863.0,80.0,120509.10000000002
high_loss,0.748,621,0.004846715784215784,0.9871175523349437,0.727164887307236,0.837431693989071,0.791008333200679,99915.26000000001,18650.840000000015,1863.0,80.0,120509.10000000002
high_loss,0.749,621,0.004846715784215784,0.9871175523349437,0.727164887307236,0.837431693989071,0.791008333200679,99915.26000000001,18650.840000000015,1863.0,80.0,120509.10000000002
high_loss,0.75,621,0.004846715784215784,0.9871175523349437,0.727164887307236,0.837431693989071,0.791008333200679,99915.26000000001,18650.840000000015,1863.0,80.0,120509.10000000002
high_loss,0.751,621,0.004846715784215784,0.9871175523349437,0.727164887307236,0.837431693989071,0.791008333200679,99915.26000000001,18650.840000000015,1863.0,80.0,120509.10000000002
high_loss,0.752,621,0.004846715784215784,0.9871175523349437,0.727164887307236,0.837431693989071,0.791008333200679,99915.26000000001,18650.840000000015,1863.0,80.0,120509.10000000002
high_loss,0.753,621,0.004846715784215784,0.9871175523349437,0.727164887307236,0.837431693989071,0.791008333200679,99915.26000000001,18650.840000000015,1863.0,80.0,120509.10000000002
high_loss,0.754,621,0.004846715784215784,0.9871175523349437,0.727164887307236,0.837431693989071,0.791008333200679,99915.26000000001,18650.840000000015,1863.0,80.0,120509.10000000002
high_loss,0.755,621,0.004846715784215784,0.9871175523349437,0.727164887307236,0.837431693989071,0.791008333200679,99915.26000000001,18650.840000000015,1863.0,80.0,120509.10000000002
high_loss,0.756,621,0.004846715784215784,0.9871175523349437,0.727164887307236,0.837431693989071,0.791008333200679,99915.26000000001,18650.840000000015,1863.0,80.0,120509.10000000002
high_loss,0.757,621,0.004846715784215784,0.9871175523349437,0.727164887307236,0.837431693989071,0.791008333200679,99915.26000000001,18650.840000000015,1863.0,80.0,120509.10000000002
high_loss,0.758,621,0.004846715784215784,0.9871175523349437,0.727164887307236,0.837431693989071,0.791008333200679,99915.26000000001,18650.840000000015,1863.0,80.0,120509.10000000002
high_loss,0.759,621,0.004846715784215784,0.9871175523349437,0.727164887307236,0.837431693989071,0.791008333200679,99915.26000000001,18650.840000000015,1863.0,80.0,120509.10000000002
high_loss,0.76,621,0.004846715784215784,0.9871175523349437,0.727164887307236,0.837431693989071,0.791008333200679,99915.26000000001,18650.840000000015,1863.0,80.0,120509.10000000002
high_loss,0.761,621,0.004846715784215784,0.9871175523349437,0.727164887307236,0.837431693989071,0.791008333200679,99915.26000000001,18650.840000000015,1863.0,80.0,120509.10000000002
high_loss,0.762,621,0.004846715784215784,0.9871175523349437,0.727164887307236,0.837431693989071,0.791008333200679,99915.26000000001,18650.840000000015,1863.0,80.0,120509.10000000002
high_loss,0.763,621,0.004846715784215784,0.9871175523349437,0.727164887307236,0.837431693989071,0.791008333200679,99915.26000000001,18650.840000000015,1863.0,80.0,120509.10000000002
high_loss,0.764,621,0.004846715784215784,0.9871175523349437,0.727164887307236,0.837431693989071,0.791008333200679,99915.26000000001,18650.840000000015,1863.0,80.0,120509.10000000002
high_loss,0.765,621,0.004846715784215784,0.9871175523349437,0.727164887307236,0.837431693989071,0.791008333200679,99915.26000000001,18650.840000000015,1863.0,80.0,120509.10000000002
high_loss,0.766,621,0.004846715784215784,0.9871175523349437,0.727164887307236,0.837431693989071,0.791008333200679,99915.26000000001,18650.840000000015,1863.0,80.0,120509.10000000002
high_loss,0.767,621,0.004846715784215784,0.9871175523349437,0.727164887307236,0.837431693989071,0.791008333200679,99915.26000000001,18650.840000000015,1863.0,80.0,120509.10000000002
high_loss,0.768,621,0.004846715784215784,0.9871175523349437,0.727164887307236,0.837431693989071,0.791008333200679,99915.26000000001,18650.840000000015,1863.0,80.0,120509.10000000002
high_loss,0.769,621,0.004846715784215784,0.9871175523349437,0.727164887307236,0.837431693989071,0.791008333200679,99915.26000000001,18650.840000000015,1863.0,80.0,120509.10000000002
high_loss,0.77,621,0.004846715784215784,0.9871175523349437,0.727164887307236,0.837431693989071,0.791008333200679,99915.26000000001,18650.840000000015,1863.0,80.0,120509.10000000002
high_loss,0.771,621,0.004846715784215784,0.9871175523349437,0.727164887307236,0.837431693989071,0.791008333200679,99915.26000000001,18650.840000000015,1863.0,80.0,120509.10000000002
high_loss,0.772,621,0.004846715784215784,0.9871175523349437,0.727164887307236,0.837431693989071,0.791008333200679,99915.26000000001,18650.840000000015,1863.0,80.0,120509.10000000002
high_loss,0.773,621,0.004846715784215784,0.9871175523349437,0.727164887307236,0.837431693989071,0.791008333200679,99915.26000000001,18650.840000000015,1863.0,80.0,120509.10000000002
high_loss,0.774,621,0.004846715784215784,0.9871175523349437,0.727164887307236,0.837431693989071,0.791008333200679,99915.26000000001,18650.840000000015,1863.0,80.0,120509.10000000002
high_loss,0.775,621,0.004846715784215784,0.9871175523349437,0.727164887307236,0.837431693989071,0.791008333200679,99915.26000000001,18650.840000000015,1863.0,80.0,120509.10000000002
high_loss,0.776,621,0.004846715784215784,0.9871175523349437,0.727164887307236,0.837431693989071,0.791008333200679,99915.26000000001,18650.840000000015,1863.0,80.0,120509.10000000002
high_loss,0.777,621,0.004846715784215784,0.9871175523349437,0.727164887307236,0.837431693989071,0.791008333200679,99915.26000000001,18650.840000000015,1863.0,80.0,120509.10000000002
high_loss,0.778,621,0.004846715784215784,0.9871175523349437,0.727164887307236,0.837431693989071,0.791008333200679,99915.26000000001,18650.840000000015,1863.0,80.0,120509.10000000002
high_loss,0.779,621,0.004846715784215784,0.9871175523349437,0.727164887307236,0.837431693989071,0.791008333200679,99915.26000000001,18650.840000000015,1863.0,80.0,120509.10000000002
high_loss,0.78,621,0.004846715784215784,0.9871175523349437,0.727164887307236,0.837431693989071,0.791008333200679,99915.26000000001,18650.840000000015,1863.0,80.0,120509.10000000002
high_loss,0.781,621,0.004846715784215784,0.9871175523349437,0.727164887307236,0.837431693989071,0.791008333200679,99915.26000000001,18650.840000000015,1863.0,80.0,120509.10000000002
high_loss,0.782,621,0.004846715784215784,0.9871175523349437,0.727164887307236,0.837431693989071,0.791008333200679,99915.26000000001,18650.840000000015,1863.0,80.0,120509.10000000002
high_loss,0.783,621,0.004846715784215784,0.9871175523349437,0.727164887307236,0.837431693989071,0.791008333200679,99915.26000000001,18650.840000000015,1863.0,80.0,120509.10000000002
high_loss,0.784,621,0.004846715784215784,0.9871175523349437,0.727164887307236,0.837431693989071,0.791008333200679,99915.26000000001,18650.840000000015,1863.0,80.0,120509.10000000002
high_loss,0.785,621,0.004846715784215784,0.9871175523349437,0.727164887307236,0.837431693989071,0.791008333200679,99915.26000000001,18650.840000000015,1863.0,80.0,120509.10000000002
high_loss,0.786,621,0.004846715784215784,0.9871175523349437,0.727164887307236,0.837431693989071,0.791008333200679,99915.26000000001,18650.840000000015,1863.0,80.0,120509.10000000002
high_loss,0.787,621,0.004846715784215784,0.9871175523349437,0.727164887307236,0.837431693989071,0.791008333200679,99915.26000000001,18650.840000000015,1863.0,80.0,120509.10000000002
high_loss,0.788,621,0.004846715784215784,0.9871175523349437,0.727164887307236,0.837431693989071,0.791008333200679,99915.26000000001,18650.840000000015,1863.0,80.0,120509.10000000002
high_loss,0.789,621,0.004846715784215784,0.9871175523349437,0.727164887307236,0.837431693989071,0.791008333200679,99915.26000000001,18650.840000000015,1863.0,80.0,120509.10000000002
high_loss,0.79,621,0.004846715784215784,0.9871175523349437,0.727164887307236,0.837431693989071,0.791008333200679,99915.26000000001,18650.840000000015,1863.0,80.0,120509.10000000002
high_loss,0.791,621,0.004846715784215784,0.9871175523349437,0.727164887307236,0.837431693989071,0.791008333200679,99915.26000000001,18650.840000000015,1863.0,80.0,120509.10000000002
high_loss,0.792,621,0.004846715784215784,0.9871175523349437,0.727164887307236,0.837431693989071,0.791008333200679,99915.26000000001,18650.840000000015,1863.0,80.0,120509.10000000002
high_loss,0.793,621,0.004846715784215784,0.9871175523349437,0.727164887307236,0.837431693989071,0.791008333200679,99915.26000000001,18650.840000000015,1863.0,80.0,120509.10000000002
high_loss,0.794,621,0.004846715784215784,0.9871175523349437,0.727164887307236,0.837431693989071,0.791008333200679,99915.26000000001,18650.840000000015,1863.0,80.0,120509.10000000002
high_loss,0.795,621,0.004846715784215784,0.9871175523349437,0.727164887307236,0.837431693989071,0.791008333200679,99915.26000000001,18650.840000000015,1863.0,80.0,120509.10000000002
high_loss,0.796,621,0.004846715784215784,0.9871175523349437,0.727164887307236,0.837431693989071,0.791008333200679,99915.26000000001,18650.840000000015,1863.0,80.0,120509.10000000002
high_loss,0.797,621,0.004846715784215784,0.9871175523349437,0.727164887307236,0.837431693989071,0.791008333200679,99915.26000000001,18650.840000000015,1863.0,80.0,120509.10000000002
high_loss,0.798,621,0.004846715784215784,0.9871175523349437,0.727164887307236,0.837431693989071,0.791008333200679,99915.26000000001,18650.840000000015,1863.0,80.0,120509.10000000002
high_loss,0.799,621,0.004846715784215784,0.9871175523349437,0.727164887307236,0.837431693989071,0.791008333200679,99915.26000000001,18650.840000000015,1863.0,80.0,120509.10000000002
high_loss,0.8,621,0.004846715784215784,0.9871175523349437,0.727164887307236,0.837431693989071,0.791008333200679,99915.26000000001,18650.840000000015,1863.0,80.0,120509.10000000002
high_loss,0.801,603,0.004706231268731269,0.9917081260364843,0.7093712930011863,0.8271092669432918,0.7743788996852822,107799.48,18256.629000000015,1809.0,50.0,127915.10900000001
high_loss,0.802,603,0.004706231268731269,0.9917081260364843,0.7093712930011863,0.8271092669432918,0.7743788996852822,107799.48,18256.629000000015,1809.0,50.0,127915.10900000001
high_loss,0.803,603,0.004706231268731269,0.9917081260364843,0.7093712930011863,0.8271092669432918,0.7743788996852822,107799.48,18256.629000000015,1809.0,50.0,127915.10900000001
high_loss,0.804,603,0.004706231268731269,0.9917081260364843,0.7093712930011863,0.8271092669432918,0.7743788996852822,107799.48,18256.629000000015,1809.0,50.0,127915.10900000001
high_loss,0.805,603,0.004706231268731269,0.9917081260364843,0.7093712930011863,0.8271092669432918,0.7743788996852822,107799.48,18256.629000000015,1809.0,50.0,127915.10900000001
high_loss,0.806,603,0.004706231268731269,0.9917081260364843,0.7093712930011863,0.8271092669432918,0.7743788996852822,107799.48,18256.629000000015,1809.0,50.0,127915.10900000001
high_loss,0.807,603,0.004706231268731269,0.9917081260364843,0.7093712930011863,0.8271092669432918,0.7743788996852822,107799.48,18256.629000000015,1809.0,50.0,127915.10900000001
high_loss,0.808,603,0.004706231268731269,0.9917081260364843,0.7093712930011863,0.8271092669432918,0.7743788996852822,107799.48,18256.629000000015,1809.0,50.0,127915.10900000001
high_loss,0.809,603,0.004706231268731269,0.9917081260364843,0.7093712930011863,0.8271092669432918,0.7743788996852822,107799.48,18256.629000000015,1809.0,50.0,127915.10900000001
high_loss,0.81,602,0.004698426573426573,0.9916943521594684,0.708185053380783,0.8262975778546713,0.7719803752064971,108913.38,18200.934000000016,1806.0,50.0,128970.31400000001
high_loss,0.811,602,0.004698426573426573,0.9916943521594684,0.708185053380783,0.8262975778546713,0.7719803752064971,108913.38,18200.934000000016,1806.0,50.0,128970.31400000001
high_loss,0.812,602,0.004698426573426573,0.9916943521594684,0.708185053380783,0.8262975778546713,0.7719803752064971,108913.38,18200.934000000016,1806.0,50.0,128970.31400000001
high_loss,0.8130000000000001,602,0.004698426573426573,0.9916943521594684,0.708185053380783,0.8262975778546713,0.7719803752064971,108913.38,18200.934000000016,1806.0,50.0,128970.31400000001
high_loss,0.8140000000000001,602,0.004698426573426573,0.9916943521594684,0.708185053380783,0.8262975778546713,0.7719803752064971,108913.38,18200.934000000016,1806.0,50.0,128970.31400000001
high_loss,0.8150000000000001,602,0.004698426573426573,0.9916943521594684,0.708185053380783,0.8262975778546713,0.7719803752064971,108913.38,18200.934000000016,1806.0,50.0,128970.31400000001
high_loss,0.8160000000000001,602,0.004698426573426573,0.9916943521594684,0.708185053380783,0.8262975778546713,0.7719803752064971,108913.38,18200.934000000016,1806.0,50.0,128970.31400000001
high_loss,0.8170000000000001,602,0.004698426573426573,0.9916943521594684,0.708185053380783,0.8262975778546713,0.7719803752064971,108913.38,18200.934000000016,1806.0,50.0,128970.31400000001
high_loss,0.8180000000000001,602,0.004698426573426573,0.9916943521594684,0.708185053380783,0.8262975778546713,0.7719803752064971,108913.38,18200.934000000016,1806.0,50.0,128970.31400000001
high_loss,0.8190000000000001,602,0.004698426573426573,0.9916943521594684,0.708185053380783,0.8262975778546713,0.7719803752064971,108913.38,18200.934000000016,1806.0,50.0,128970.31400000001
high_loss,0.8200000000000001,602,0.004698426573426573,0.9916943521594684,0.708185053380783,0.8262975778546713,0.7719803752064971,108913.38,18200.934000000016,1806.0,50.0,128970.31400000001
high_loss,0.8210000000000001,602,0.004698426573426573,0.9916943521594684,0.708185053380783,0.8262975778546713,0.7719803752064971,108913.38,18200.934000000016,1806.0,50.0,128970.31400000001
high_loss,0.8220000000000001,602,0.004698426573426573,0.9916943521594684,0.708185053380783,0.8262975778546713,0.7719803752064971,108913.38,18200.934000000016,1806.0,50.0,128970.31400000001
high_loss,0.8230000000000001,602,0.004698426573426573,0.9916943521594684,0.708185053380783,0.8262975778546713,0.7719803752064971,108913.38,18200.934000000016,1806.0,50.0,128970.31400000001
high_loss,0.8240000000000001,602,0.004698426573426573,0.9916943521594684,0.708185053380783,0.8262975778546713,0.7719803752064971,108913.38,18200.934000000016,1806.0,50.0,128970.31400000001
high_loss,0.8250000000000001,602,0.004698426573426573,0.9916943521594684,0.708185053380783,0.8262975778546713,0.7719803752064971,108913.38,18200.934000000016,1806.0,50.0,128970.31400000001
high_loss,0.8260000000000001,602,0.004698426573426573,0.9916943521594684,0.708185053380783,0.8262975778546713,0.7719803752064971,108913.38,18200.934000000016,1806.0,50.0,128970.31400000001
high_loss,0.8270000000000001,602,0.004698426573426573,0.9916943521594684,0.708185053380783,0.8262975778546713,0.7719803752064971,108913.38,18200.934000000016,1806.0,50.0,128970.31400000001
high_loss,0.8280000000000001,602,0.004698426573426573,0.9916943521594684,0.708185053380783,0.8262975778546713,0.7719803752064971,108913.38,18200.934000000016,1806.0,50.0,128970.31400000001
high_loss,0.8290000000000001,602,0.004698426573426573,0.9916943521594684,0.708185053380783,0.8262975778546713,0.7719803752064971,108913.38,18200.934000000016,1806.0,50.0,128970.31400000001
high_loss,0.8300000000000001,602,0.004698426573426573,0.9916943521594684,0.708185053380783,0.8262975778546713,0.7719803752064971,108913.38,18200.934000000016,1806.0,50.0,128970.31400000001
high_loss,0.8310000000000001,602,0.004698426573426573,0.9916943521594684,0.708185053380783,0.8262975778546713,0.7719803752064971,108913.38,18200.934000000016,1806.0,50.0,128970.31400000001
high_loss,0.8320000000000001,602,0.004698426573426573,0.9916943521594684,0.708185053380783,0.8262975778546713,0.7719803752064971,108913.38,18200.934000000016,1806.0,50.0,128970.31400000001
high_loss,0.8330000000000001,602,0.004698426573426573,0.9916943521594684,0.708185053380783,0.8262975778546713,0.7719803752064971,108913.38,18200.934000000016,1806.0,50.0,128970.31400000001
high_loss,0.834,602,0.004698426573426573,0.9916943521594684,0.708185053380783,0.8262975778546713,0.7719803752064971,108913.38,18200.934000000016,1806.0,50.0,128970.31400000001
high_loss,0.835,602,0.004698426573426573,0.9916943521594684,0.708185053380783,0.8262975778546713,0.7719803752064971,108913.38,18200.934000000016,1806.0,50.0,128970.31400000001
high_loss,0.836,602,0.004698426573426573,0.9916943521594684,0.708185053380783,0.8262975778546713,0.7719803752064971,108913.38,18200.934000000016,1806.0,50.0,128970.31400000001
high_loss,0.837,602,0.004698426573426573,0.9916943521594684,0.708185053380783,0.8262975778546713,0.7719803752064971,108913.38,18200.934000000016,1806.0,50.0,128970.31400000001
high_loss,0.838,602,0.004698426573426573,0.9916943521594684,0.708185053380783,0.8262975778546713,0.7719803752064971,108913.38,18200.934000000016,1806.0,50.0,128970.31400000001
high_loss,0.839,602,0.004698426573426573,0.9916943521594684,0.708185053380783,0.8262975778546713,0.7719803752064971,108913.38,18200.934000000016,1806.0,50.0,128970.31400000001
high_loss,0.84,602,0.004698426573426573,0.9916943521594684,0.708185053380783,0.8262975778546713,0.7719803752064971,108913.38,18200.934000000016,1806.0,50.0,128970.31400000001
high_loss,0.841,602,0.004698426573426573,0.9916943521594684,0.708185053380783,0.8262975778546713,0.7719803752064971,108913.38,18200.934000000016,1806.0,50.0,128970.31400000001
high_loss,0.842,602,0.004698426573426573,0.9916943521594684,0.708185053380783,0.8262975778546713,0.7719803752064971,108913.38,18200.934000000016,1806.0,50.0,128970.31400000001
high_loss,0.843,602,0.004698426573426573,0.9916943521594684,0.708185053380783,0.8262975778546713,0.7719803752064971,108913.38,18200.934000000016,1806.0,50.0,128970.31400000001
high_loss,0.844,602,0.004698426573426573,0.9916943521594684,0.708185053380783,0.8262975778546713,0.7719803752064971,108913.38,18200.934000000016,1806.0,50.0,128970.31400000001
high_loss,0.845,602,0.004698426573426573,0.9916943521594684,0.708185053380783,0.8262975778546713,0.7719803752064971,108913.38,18200.934000000016,1806.0,50.0,128970.31400000001
high_loss,0.846,602,0.004698426573426573,0.9916943521594684,0.708185053380783,0.8262975778546713,0.7719803752064971,108913.38,18200.934000000016,1806.0,50.0,128970.31400000001
high_loss,0.847,593,0.004628184315684316,0.9915682967959528,0.697508896797153,0.8189415041782729,0.7618078818509515,113732.76999999999,17959.964500000016,1779.0,50.0,133521.73450000002
high_loss,0.848,593,0.004628184315684316,0.9915682967959528,0.697508896797153,0.8189415041782729,0.7618078818509515,113732.76999999999,17959.964500000016,1779.0,50.0,133521.73450000002
high_loss,0.849,593,0.004628184315684316,0.9915682967959528,0.697508896797153,0.8189415041782729,0.7618078818509515,113732.76999999999,17959.964500000016,1779.0,50.0,133521.73450000002
high_loss,0.85,593,0.004628184315684316,0.9915682967959528,0.697508896797153,0.8189415041782729,0.7618078818509515,113732.76999999999,17959.964500000016,1779.0,50.0,133521.73450000002
high_loss,0.851,593,0.004628184315684316,0.9915682967959528,0.697508896797153,0.8189415041782729,0.7618078818509515,113732.76999999999,17959.964500000016,1779.0,50.0,133521.73450000002
high_loss,0.852,593,0.004628184315684316,0.9915682967959528,0.697508896797153,0.8189415041782729,0.7618078818509515,113732.76999999999,17959.964500000016,1779.0,50.0,133521.73450000002
high_loss,0.853,593,0.004628184315684316,0.9915682967959528,0.697508896797153,0.8189415041782729,0.7618078818509515,113732.76999999999,17959.964500000016,1779.0,50.0,133521.73450000002
high_loss,0.854,593,0.004628184315684316,0.9915682967959528,0.697508896797153,0.8189415041782729,0.7618078818509515,113732.76999999999,17959.964500000016,1779.0,50.0,133521.73450000002
high_loss,0.855,593,0.004628184315684316,0.9915682967959528,0.697508896797153,0.8189415041782729,0.7618078818509515,113732.76999999999,17959.964500000016,1779.0,50.0,133521.73450000002
high_loss,0.856,593,0.004628184315684316,0.9915682967959528,0.697508896797153,0.8189415041782729,0.7618078818509515,113732.76999999999,17959.964500000016,1779.0,50.0,133521.73450000002
high_loss,0.857,593,0.004628184315684316,0.9915682967959528,0.697508896797153,0.8189415041782729,0.7618078818509515,113732.76999999999,17959.964500000016,1779.0,50.0,133521.73450000002
high_loss,0.858,593,0.004628184315684316,0.9915682967959528,0.697508896797153,0.8189415041782729,0.7618078818509515,113732.76999999999,17959.964500000016,1779.0,50.0,133521.73450000002
high_loss,0.859,593,0.004628184315684316,0.9915682967959528,0.697508896797153,0.8189415041782729,0.7618078818509515,113732.76999999999,17959.964500000016,1779.0,50.0,133521.73450000002
high_loss,0.86,593,0.004628184315684316,0.9915682967959528,0.697508896797153,0.8189415041782729,0.7618078818509515,113732.76999999999,17959.964500000016,1779.0,50.0,133521.73450000002
high_loss,0.861,593,0.004628184315684316,0.9915682967959528,0.697508896797153,0.8189415041782729,0.7618078818509515,113732.76999999999,17959.964500000016,1779.0,50.0,133521.73450000002
high_loss,0.862,593,0.004628184315684316,0.9915682967959528,0.697508896797153,0.8189415041782729,0.7618078818509515,113732.76999999999,17959.964500000016,1779.0,50.0,133521.73450000002
high_loss,0.863,593,0.004628184315684316,0.9915682967959528,0.697508896797153,0.8189415041782729,0.7618078818509515,113732.76999999999,17959.964500000016,1779.0,50.0,133521.73450000002
high_loss,0.864,593,0.004628184315684316,0.9915682967959528,0.697508896797153,0.8189415041782729,0.7618078818509515,113732.76999999999,17959.964500000016,1779.0,50.0,133521.73450000002
high_loss,0.865,593,0.004628184315684316,0.9915682967959528,0.697508896797153,0.8189415041782729,0.7618078818509515,113732.76999999999,17959.964500000016,1779.0,50.0,133521.73450000002
high_loss,0.866,593,0.004628184315684316,0.9915682967959528,0.697508896797153,0.8189415041782729,0.7618078818509515,113732.76999999999,17959.964500000016,1779.0,50.0,133521.73450000002
high_loss,0.867,593,0.004628184315684316,0.9915682967959528,0.697508896797153,0.8189415041782729,0.7618078818509515,113732.76999999999,17959.964500000016,1779.0,50.0,133521.73450000002
high_loss,0.868,593,0.004628184315684316,0.9915682967959528,0.697508896797153,0.8189415041782729,0.7618078818509515,113732.76999999999,17959.964500000016,1779.0,50.0,133521.73450000002
high_loss,0.869,593,0.004628184315684316,0.9915682967959528,0.697508896797153,0.8189415041782729,0.7618078818509515,113732.76999999999,17959.964500000016,1779.0,50.0,133521.73450000002
high_loss,0.87,593,0.004628184315684316,0.9915682967959528,0.697508896797153,0.8189415041782729,0.7618078818509515,113732.76999999999,17959.964500000016,1779.0,50.0,133521.73450000002
high_loss,0.871,593,0.004628184315684316,0.9915682967959528,0.697508896797153,0.8189415041782729,0.7618078818509515,113732.76999999999,17959.964500000016,1779.0,50.0,133521.73450000002
high_loss,0.872,543,0.00423794955044955,0.996316758747698,0.641755634638197,0.7806637806637806,0.707704260594258,139347.91999999998,16679.207000000017,1629.0,20.0,157676.127
high_loss,0.873,543,0.00423794955044955,0.996316758747698,0.641755634638197,0.7806637806637806,0.707704260594258,139347.91999999998,16679.207000000017,1629.0,20.0,157676.127
high_loss,0.874,543,0.00423794955044955,0.996316758747698,0.641755634638197,0.7806637806637806,0.707704260594258,139347.91999999998,16679.207000000017,1629.0,20.0,157676.127
high_loss,0.875,543,0.00423794955044955,0.996316758747698,0.641755634638197,0.7806637806637806,0.707704260594258,139347.91999999998,16679.207000000017,1629.0,20.0,157676.127
high_loss,0.876,543,0.00423794955044955,0.996316758747698,0.641755634638197,0.7806637806637806,0.707704260594258,139347.91999999998,16679.207000000017,1629.0,20.0,157676.127
high_loss,0.877,543,0.00423794955044955,0.996316758747698,0.641755634638197,0.7806637806637806,0.707704260594258,139347.91999999998,16679.207000000017,1629.0,20.0,157676.127
high_loss,0.878,543,0.00423794955044955,0.996316758747698,0.641755634638197,0.7806637806637806,0.707704260594258,139347.91999999998,16679.207000000017,1629.0,20.0,157676.127
high_loss,0.879,543,0.00423794955044955,0.996316758747698,0.641755634638197,0.7806637806637806,0.707704260594258,139347.91999999998,16679.207000000017,1629.0,20.0,157676.127
high_loss,0.88,543,0.00423794955044955,0.996316758747698,0.641755634638197,0.7806637806637806,0.707704260594258,139347.91999999998,16679.207000000017,1629.0,20.0,157676.127
high_loss,0.881,543,0.00423794955044955,0.996316758747698,0.641755634638197,0.7806637806637806,0.707704260594258,139347.91999999998,16679.207000000017,1629.0,20.0,157676.127
high_loss,0.882,543,0.00423794955044955,0.996316758747698,0.641755634638197,0.7806637806637806,0.707704260594258,139347.91999999998,16679.207000000017,1629.0,20.0,157676.127
high_loss,0.883,543,0.00423794955044955,0.996316758747698,0.641755634638197,0.7806637806637806,0.707704260594258,139347.91999999998,16679.207000000017,1629.0,20.0,157676.127
high_loss,0.884,543,0.00423794955044955,0.996316758747698,0.641755634638197,0.7806637806637806,0.707704260594258,139347.91999999998,16679.207000000017,1629.0,20.0,157676.127
high_loss,0.885,543,0.00423794955044955,0.996316758747698,0.641755634638197,0.7806637806637806,0.707704260594258,139347.91999999998,16679.207000000017,1629.0,20.0,157676.127
high_loss,0.886,543,0.00423794955044955,0.996316758747698,0.641755634638197,0.7806637806637806,0.707704260594258,139347.91999999998,16679.207000000017,1629.0,20.0,157676.127
high_loss,0.887,543,0.00423794955044955,0.996316758747698,0.641755634638197,0.7806637806637806,0.707704260594258,139347.91999999998,16679.207000000017,1629.0,20.0,157676.127
high_loss,0.888,543,0.00423794955044955,0.996316758747698,0.641755634638197,0.7806637806637806,0.707704260594258,139347.91999999998,16679.207000000017,1629.0,20.0,157676.127
high_loss,0.889,543,0.00423794955044955,0.996316758747698,0.641755634638197,0.7806637806637806,0.707704260594258,139347.91999999998,16679.207000000017,1629.0,20.0,157676.127
high_loss,0.89,543,0.00423794955044955,0.996316758747698,0.641755634638197,0.7806637806637806,0.707704260594258,139347.91999999998,16679.207000000017,1629.0,20.0,157676.127
high_loss,0.891,543,0.00423794955044955,0.996316758747698,0.641755634638197,0.7806637806637806,0.707704260594258,139347.91999999998,16679.207000000017,1629.0,20.0,157676.127
high_loss,0.892,543,0.00423794955044955,0.996316758747698,0.641755634638197,0.7806637806637806,0.707704260594258,139347.91999999998,16679.207000000017,1629.0,20.0,157676.127
high_loss,0.893,543,0.00423794955044955,0.996316758747698,0.641755634638197,0.7806637806637806,0.707704260594258,139347.91999999998,16679.207000000017,1629.0,20.0,157676.127
high_loss,0.894,543,0.00423794955044955,0.996316758747698,0.641755634638197,0.7806637806637806,0.707704260594258,139347.91999999998,16679.207000000017,1629.0,20.0,157676.127
high_loss,0.895,543,0.00423794955044955,0.996316758747698,0.641755634638197,0.7806637806637806,0.707704260594258,139347.91999999998,16679.207000000017,1629.0,20.0,157676.127
high_loss,0.896,543,0.00423794955044955,0.996316758747698,0.641755634638197,0.7806637806637806,0.707704260594258,139347.91999999998,16679.207000000017,1629.0,20.0,157676.127
high_loss,0.897,543,0.00423794955044955,0.996316758747698,0.641755634638197,0.7806637806637806,0.707704260594258,139347.91999999998,16679.207000000017,1629.0,20.0,157676.127
high_loss,0.898,542,0.004230144855144855,0.996309963099631,0.6405693950177936,0.779783393501805,0.7070868800864496,139649.49,16664.128500000013,1626.0,20.0,157959.6185
high_loss,0.899,542,0.004230144855144855,0.996309963099631,0.6405693950177936,0.779783393501805,0.7070868800864496,139649.49,16664.128500000013,1626.0,20.0,157959.6185
high_loss,0.9,542,0.004230144855144855,0.996309963099631,0.6405693950177936,0.779783393501805,0.7070868800864496,139649.49,16664.128500000013,1626.0,20.0,157959.6185
high_loss,0.901,542,0.004230144855144855,0.996309963099631,0.6405693950177936,0.779783393501805,0.7070868800864496,139649.49,16664.128500000013,1626.0,20.0,157959.6185
high_loss,0.902,542,0.004230144855144855,0.996309963099631,0.6405693950177936,0.779783393501805,0.7070868800864496,139649.49,16664.128500000013,1626.0,20.0,157959.6185
high_loss,0.903,542,0.004230144855144855,0.996309963099631,0.6405693950177936,0.779783393501805,0.7070868800864496,139649.49,16664.128500000013,1626.0,20.0,157959.6185
high_loss,0.904,542,0.004230144855144855,0.996309963099631,0.6405693950177936,0.779783393501805,0.7070868800864496,139649.49,16664.128500000013,1626.0,20.0,157959.6185
high_loss,0.905,542,0.004230144855144855,0.996309963099631,0.6405693950177936,0.779783393501805,0.7070868800864496,139649.49,16664.128500000013,1626.0,20.0,157959.6185
high_loss,0.906,542,0.004230144855144855,0.996309963099631,0.6405693950177936,0.779783393501805,0.7070868800864496,139649.49,16664.128500000013,1626.0,20.0,157959.6185
high_loss,0.907,542,0.004230144855144855,0.996309963099631,0.6405693950177936,0.779783393501805,0.7070868800864496,139649.49,16664.128500000013,1626.0,20.0,157959.6185
high_loss,0.908,542,0.004230144855144855,0.996309963099631,0.6405693950177936,0.779783393501805,0.7070868800864496,139649.49,16664.128500000013,1626.0,20.0,157959.6185
high_loss,0.909,542,0.004230144855144855,0.996309963099631,0.6405693950177936,0.779783393501805,0.7070868800864496,139649.49,16664.128500000013,1626.0,20.0,157959.6185
high_loss,0.91,542,0.004230144855144855,0.996309963099631,0.6405693950177936,0.779783393501805,0.7070868800864496,139649.49,16664.128500000013,1626.0,20.0,157959.6185
high_loss,0.911,542,0.004230144855144855,0.996309963099631,0.6405693950177936,0.779783393501805,0.7070868800864496,139649.49,16664.128500000013,1626.0,20.0,157959.6185
high_loss,0.912,542,0.004230144855144855,0.996309963099631,0.6405693950177936,0.779783393501805,0.7070868800864496,139649.49,16664.128500000013,1626.0,20.0,157959.6185
high_loss,0.913,541,0.00422234015984016,0.9963031423290203,0.6393831553973903,0.7789017341040463,0.7054545283918511,140413.96,16625.905000000013,1623.0,20.0,158682.865
high_loss,0.914,541,0.00422234015984016,0.9963031423290203,0.6393831553973903,0.7789017341040463,0.7054545283918511,140413.96,16625.905000000013,1623.0,20.0,158682.865
high_loss,0.915,541,0.00422234015984016,0.9963031423290203,0.6393831553973903,0.7789017341040463,0.7054545283918511,140413.96,16625.905000000013,1623.0,20.0,158682.865
high_loss,0.916,541,0.00422234015984016,0.9963031423290203,0.6393831553973903,0.7789017341040463,0.7054545283918511,140413.96,16625.905000000013,1623.0,20.0,158682.865
high_loss,0.917,541,0.00422234015984016,0.9963031423290203,0.6393831553973903,0.7789017341040463,0.7054545283918511,140413.96,16625.905000000013,1623.0,20.0,158682.865
high_loss,0.918,541,0.00422234015984016,0.9963031423290203,0.6393831553973903,0.7789017341040463,0.7054545283918511,140413.96,16625.905000000013,1623.0,20.0,158682.865
high_loss,0.919,541,0.00422234015984016,0.9963031423290203,0.6393831553973903,0.7789017341040463,0.7054545283918511,140413.96,16625.905000000013,1623.0,20.0,158682.865
high_loss,0.92,541,0.00422234015984016,0.9963031423290203,0.6393831553973903,0.7789017341040463,0.7054545283918511,140413.96,16625.905000000013,1623.0,20.0,158682.865
high_loss,0.921,541,0.00422234015984016,0.9963031423290203,0.6393831553973903,0.7789017341040463,0.7054545283918511,140413.96,16625.905000000013,1623.0,20.0,158682.865
high_loss,0.922,541,0.00422234015984016,0.9963031423290203,0.6393831553973903,0.7789017341040463,0.7054545283918511,140413.96,16625.905000000013,1623.0,20.0,158682.865
high_loss,0.923,541,0.00422234015984016,0.9963031423290203,0.6393831553973903,0.7789017341040463,0.7054545283918511,140413.96,16625.905000000013,1623.0,20.0,158682.865
high_loss,0.924,541,0.00422234015984016,0.9963031423290203,0.6393831553973903,0.7789017341040463,0.7054545283918511,140413.96,16625.905000000013,1623.0,20.0,158682.865
high_loss,0.925,541,0.00422234015984016,0.9963031423290203,0.6393831553973903,0.7789017341040463,0.7054545283918511,140413.96,16625.905000000013,1623.0,20.0,158682.865
high_loss,0.926,541,0.00422234015984016,0.9963031423290203,0.6393831553973903,0.7789017341040463,0.7054545283918511,140413.96,16625.905000000013,1623.0,20.0,158682.865
high_loss,0.927,541,0.00422234015984016,0.9963031423290203,0.6393831553973903,0.7789017341040463,0.7054545283918511,140413.96,16625.905000000013,1623.0,20.0,158682.865
high_loss,0.928,541,0.00422234015984016,0.9963031423290203,0.6393831553973903,0.7789017341040463,0.7054545283918511,140413.96,16625.905000000013,1623.0,20.0,158682.865
high_loss,0.929,541,0.00422234015984016,0.9963031423290203,0.6393831553973903,0.7789017341040463,0.7054545283918511,140413.96,16625.905000000013,1623.0,20.0,158682.865
high_loss,0.93,541,0.00422234015984016,0.9963031423290203,0.6393831553973903,0.7789017341040463,0.7054545283918511,140413.96,16625.905000000013,1623.0,20.0,158682.865
high_loss,0.931,541,0.00422234015984016,0.9963031423290203,0.6393831553973903,0.7789017341040463,0.7054545283918511,140413.96,16625.905000000013,1623.0,20.0,158682.865
high_loss,0.932,541,0.00422234015984016,0.9963031423290203,0.6393831553973903,0.7789017341040463,0.7054545283918511,140413.96,16625.905000000013,1623.0,20.0,158682.865
high_loss,0.933,541,0.00422234015984016,0.9963031423290203,0.6393831553973903,0.7789017341040463,0.7054545283918511,140413.96,16625.905000000013,1623.0,20.0,158682.865
high_loss,0.934,541,0.00422234015984016,0.9963031423290203,0.6393831553973903,0.7789017341040463,0.7054545283918511,140413.96,16625.905000000013,1623.0,20.0,158682.865
high_loss,0.935,541,0.00422234015984016,0.9963031423290203,0.6393831553973903,0.7789017341040463,0.7054545283918511,140413.96,16625.905000000013,1623.0,20.0,158682.865
high_loss,0.936,541,0.00422234015984016,0.9963031423290203,0.6393831553973903,0.7789017341040463,0.7054545283918511,140413.96,16625.905000000013,1623.0,20.0,158682.865
high_loss,0.937,541,0.00422234015984016,0.9963031423290203,0.6393831553973903,0.7789017341040463,0.7054545283918511,140413.96,16625.905000000013,1623.0,20.0,158682.865
high_loss,0.9380000000000001,541,0.00422234015984016,0.9963031423290203,0.6393831553973903,0.7789017341040463,0.7054545283918511,140413.96,16625.905000000013,1623.0,20.0,158682.865
high_loss,0.9390000000000001,541,0.00422234015984016,0.9963031423290203,0.6393831553973903,0.7789017341040463,0.7054545283918511,140413.96,16625.905000000013,1623.0,20.0,158682.865
high_loss,0.9400000000000001,541,0.00422234015984016,0.9963031423290203,0.6393831553973903,0.7789017341040463,0.7054545283918511,140413.96,16625.905000000013,1623.0,20.0,158682.865
high_loss,0.9410000000000001,541,0.00422234015984016,0.9963031423290203,0.6393831553973903,0.7789017341040463,0.7054545283918511,140413.96,16625.905000000013,1623.0,20.0,158682.865
high_loss,0.9420000000000001,541,0.00422234015984016,0.9963031423290203,0.6393831553973903,0.7789017341040463,0.7054545283918511,140413.96,16625.905000000013,1623.0,20.0,158682.865
high_loss,0.9430000000000001,541,0.00422234015984016,0.9963031423290203,0.6393831553973903,0.7789017341040463,0.7054545283918511,140413.96,16625.905000000013,1623.0,20.0,158682.865
high_loss,0.9440000000000001,541,0.00422234015984016,0.9963031423290203,0.6393831553973903,0.7789017341040463,0.7054545283918511,140413.96,16625.905000000013,1623.0,20.0,158682.865
high_loss,0.9450000000000001,541,0.00422234015984016,0.9963031423290203,0.6393831553973903,0.7789017341040463,0.7054545283918511,140413.96,16625.905000000013,1623.0,20.0,158682.865
high_loss,0.9460000000000001,541,0.00422234015984016,0.9963031423290203,0.6393831553973903,0.7789017341040463,0.7054545283918511,140413.96,16625.905000000013,1623.0,20.0,158682.865
high_loss,0.9470000000000001,541,0.00422234015984016,0.9963031423290203,0.6393831553973903,0.7789017341040463,0.7054545283918511,140413.96,16625.905000000013,1623.0,20.0,158682.865
high_loss,0.9480000000000001,541,0.00422234015984016,0.9963031423290203,0.6393831553973903,0.7789017341040463,0.7054545283918511,140413.96,16625.905000000013,1623.0,20.0,158682.865
high_loss,0.9490000000000001,541,0.00422234015984016,0.9963031423290203,0.6393831553973903,0.7789017341040463,0.7054545283918511,140413.96,16625.905000000013,1623.0,20.0,158682.865
high_loss,0.9500000000000001,541,0.00422234015984016,0.9963031423290203,0.6393831553973903,0.7789017341040463,0.7054545283918511,140413.96,16625.905000000013,1623.0,20.0,158682.865
high_loss,0.9510000000000001,541,0.00422234015984016,0.9963031423290203,0.6393831553973903,0.7789017341040463,0.7054545283918511,140413.96,16625.905000000013,1623.0,20.0,158682.865
high_loss,0.9520000000000001,541,0.00422234015984016,0.9963031423290203,0.6393831553973903,0.7789017341040463,0.7054545283918511,140413.96,16625.905000000013,1623.0,20.0,158682.865
high_loss,0.9530000000000001,541,0.00422234015984016,0.9963031423290203,0.6393831553973903,0.7789017341040463,0.7054545283918511,140413.96,16625.905000000013,1623.0,20.0,158682.865
high_loss,0.9540000000000001,541,0.00422234015984016,0.9963031423290203,0.6393831553973903,0.7789017341040463,0.7054545283918511,140413.96,16625.905000000013,1623.0,20.0,158682.865
high_loss,0.9550000000000001,541,0.00422234015984016,0.9963031423290203,0.6393831553973903,0.7789017341040463,0.7054545283918511,140413.96,16625.905000000013,1623.0,20.0,158682.865
high_loss,0.9560000000000001,541,0.00422234015984016,0.9963031423290203,0.6393831553973903,0.7789017341040463,0.7054545283918511,140413.96,16625.905000000013,1623.0,20.0,158682.865
high_loss,0.9570000000000001,541,0.00422234015984016,0.9963031423290203,0.6393831553973903,0.7789017341040463,0.7054545283918511,140413.96,16625.905000000013,1623.0,20.0,158682.865
high_loss,0.9580000000000001,541,0.00422234015984016,0.9963031423290203,0.6393831553973903,0.7789017341040463,0.7054545283918511,140413.96,16625.905000000013,1623.0,20.0,158682.865
high_loss,0.9590000000000001,541,0.00422234015984016,0.9963031423290203,0.6393831553973903,0.7789017341040463,0.7054545283918511,140413.96,16625.905000000013,1623.0,20.0,158682.865
high_loss,0.9600000000000001,541,0.00422234015984016,0.9963031423290203,0.6393831553973903,0.7789017341040463,0.7054545283918511,140413.96,16625.905000000013,1623.0,20.0,158682.865
high_loss,0.961,541,0.00422234015984016,0.9963031423290203,0.6393831553973903,0.7789017341040463,0.7054545283918511,140413.96,16625.905000000013,1623.0,20.0,158682.865
high_loss,0.962,541,0.00422234015984016,0.9963031423290203,0.6393831553973903,0.7789017341040463,0.7054545283918511,140413.96,16625.905000000013,1623.0,20.0,158682.865
high_loss,0.963,541,0.00422234015984016,0.9963031423290203,0.6393831553973903,0.7789017341040463,0.7054545283918511,140413.96,16625.905000000013,1623.0,20.0,158682.865
high_loss,0.964,541,0.00422234015984016,0.9963031423290203,0.6393831553973903,0.7789017341040463,0.7054545283918511,140413.96,16625.905000000013,1623.0,20.0,158682.865
high_loss,0.965,541,0.00422234015984016,0.9963031423290203,0.6393831553973903,0.7789017341040463,0.7054545283918511,140413.96,16625.905000000013,1623.0,20.0,158682.865
high_loss,0.966,541,0.00422234015984016,0.9963031423290203,0.6393831553973903,0.7789017341040463,0.7054545283918511,140413.96,16625.905000000013,1623.0,20.0,158682.865
high_loss,0.967,541,0.00422234015984016,0.9963031423290203,0.6393831553973903,0.7789017341040463,0.7054545283918511,140413.96,16625.905000000013,1623.0,20.0,158682.865
high_loss,0.968,541,0.00422234015984016,0.9963031423290203,0.6393831553973903,0.7789017341040463,0.7054545283918511,140413.96,16625.905000000013,1623.0,20.0,158682.865
high_loss,0.969,541,0.00422234015984016,0.9963031423290203,0.6393831553973903,0.7789017341040463,0.7054545283918511,140413.96,16625.905000000013,1623.0,20.0,158682.865
high_loss,0.97,541,0.00422234015984016,0.9963031423290203,0.6393831553973903,0.7789017341040463,0.7054545283918511,140413.96,16625.905000000013,1623.0,20.0,158682.865
high_loss,0.971,541,0.00422234015984016,0.9963031423290203,0.6393831553973903,0.7789017341040463,0.7054545283918511,140413.96,16625.905000000013,1623.0,20.0,158682.865
high_loss,0.972,541,0.00422234015984016,0.9963031423290203,0.6393831553973903,0.7789017341040463,0.7054545283918511,140413.96,16625.905000000013,1623.0,20.0,158682.865
high_loss,0.973,541,0.00422234015984016,0.9963031423290203,0.6393831553973903,0.7789017341040463,0.7054545283918511,140413.96,16625.905000000013,1623.0,20.0,158682.865
high_loss,0.974,541,0.00422234015984016,0.9963031423290203,0.6393831553973903,0.7789017341040463,0.7054545283918511,140413.96,16625.905000000013,1623.0,20.0,158682.865
high_loss,0.975,541,0.00422234015984016,0.9963031423290203,0.6393831553973903,0.7789017341040463,0.7054545283918511,140413.96,16625.905000000013,1623.0,20.0,158682.865
high_loss,0.976,541,0.00422234015984016,0.9963031423290203,0.6393831553973903,0.7789017341040463,0.7054545283918511,140413.96,16625.905000000013,1623.0,20.0,158682.865
high_loss,0.977,541,0.00422234015984016,0.9963031423290203,0.6393831553973903,0.7789017341040463,0.7054545283918511,140413.96,16625.905000000013,1623.0,20.0,158682.865
high_loss,0.978,541,0.00422234015984016,0.9963031423290203,0.6393831553973903,0.7789017341040463,0.7054545283918511,140413.96,16625.905000000013,1623.0,20.0,158682.865
high_loss,0.979,541,0.00422234015984016,0.9963031423290203,0.6393831553973903,0.7789017341040463,0.7054545283918511,140413.96,16625.905000000013,1623.0,20.0,158682.865
high_loss,0.98,437,0.003410651848151848,1.0,0.5183867141162515,0.6828125,0.5803313406219184,199519.15000000002,13670.645500000011,1311.0,0.0,214500.79550000004
high_loss,0.981,437,0.003410651848151848,1.0,0.5183867141162515,0.6828125,0.5803313406219184,199519.15000000002,13670.645500000011,1311.0,0.0,214500.79550000004
high_loss,0.982,437,0.003410651848151848,1.0,0.5183867141162515,0.6828125,0.5803313406219184,199519.15000000002,13670.645500000011,1311.0,0.0,214500.79550000004
high_loss,0.983,437,0.003410651848151848,1.0,0.5183867141162515,0.6828125,0.5803313406219184,199519.15000000002,13670.645500000011,1311.0,0.0,214500.79550000004
high_loss,0.984,437,0.003410651848151848,1.0,0.5183867141162515,0.6828125,0.5803313406219184,199519.15000000002,13670.645500000011,1311.0,0.0,214500.79550000004
high_loss,0.985,436,0.003402847152847153,1.0,0.5172004744958482,0.6817826426896012,0.5803096554522548,199549.04,13669.151000000013,1308.0,0.0,214526.19100000002
high_loss,0.986,436,0.003402847152847153,1.0,0.5172004744958482,0.6817826426896012,0.5803096554522548,199549.04,13669.151000000013,1308.0,0.0,214526.19100000002
high_loss,0.987,379,0.0029579795204795205,1.0,0.44958481613285883,0.6202945990180033,0.5142249669931547,230828.41999999998,12105.182000000012,1137.0,0.0,244070.60199999998
high_loss,0.988,379,0.0029579795204795205,1.0,0.44958481613285883,0.6202945990180033,0.5142249669931547,230828.41999999998,12105.182000000012,1137.0,0.0,244070.60199999998
high_loss,0.989,379,0.0029579795204795205,1.0,0.44958481613285883,0.6202945990180033,0.5142249669931547,230828.41999999998,12105.182000000012,1137.0,0.0,244070.60199999998
high_loss,0.99,379,0.0029579795204795205,1.0,0.44958481613285883,0.6202945990180033,0.5142249669931547,230828.41999999998,12105.182000000012,1137.0,0.0,244070.60199999998
high_loss,0.991,379,0.0029579795204795205,1.0,0.44958481613285883,0.6202945990180033,0.5142249669931547,230828.41999999998,12105.182000000012,1137.0,0.0,244070.60199999998
high_loss,0.992,379,0.0029579795204795205,1.0,0.44958481613285883,0.6202945990180033,0.5142249669931547,230828.41999999998,12105.182000000012,1137.0,0.0,244070.60199999998
high_loss,0.993,379,0.0029579795204795205,1.0,0.44958481613285883,0.6202945990180033,0.5142249669931547,230828.41999999998,12105.182000000012,1137.0,0.0,244070.60199999998
high_loss,0.994,379,0.0029579795204795205,1.0,0.44958481613285883,0.6202945990180033,0.5142249669931547,230828.41999999998,12105.182000000012,1137.0,0.0,244070.60199999998
high_loss,0.995,379,0.0029579795204795205,1.0,0.44958481613285883,0.6202945990180033,0.5142249669931547,230828.41999999998,12105.182000000012,1137.0,0.0,244070.60199999998
high_loss,0.996,379,0.0029579795204795205,1.0,0.44958481613285883,0.6202945990180033,0.5142249669931547,230828.41999999998,12105.182000000012,1137.0,0.0,244070.60199999998
high_loss,0.997,379,0.0029579795204795205,1.0,0.44958481613285883,0.6202945990180033,0.5142249669931547,230828.41999999998,12105.182000000012,1137.0,0.0,244070.60199999998
high_loss,0.998,379,0.0029579795204795205,1.0,0.44958481613285883,0.6202945990180033,0.5142249669931547,230828.41999999998,12105.182000000012,1137.0,0.0,244070.60199999998
high_loss,0.999,379,0.0029579795204795205,1.0,0.44958481613285883,0.6202945990180033,0.5142249669931547,230828.41999999998,12105.182000000012,1137.0,0.0,244070.60199999998
high_friction,0.001,6156,0.048045704295704296,0.13482781026640675,0.9845788849347569,0.23717673953421917,0.9948249406025882,1310.1,35273.389500000005,18468.0,159780.0,214831.4895
high_friction,0.002,5384,0.04202047952047952,0.15397473997028233,0.9833926453143536,0.2662598361972057,0.9929028101392575,1758.415,35206.142250000004,16152.0,136650.0,189766.55725
high_friction,0.003,5384,0.04202047952047952,0.15397473997028233,0.9833926453143536,0.2662598361972057,0.9929028101392575,1758.415,35206.142250000004,16152.0,136650.0,189766.55725
high_friction,0.004,3594,0.028050074925074924,0.22927100723427934,0.9774614472123369,0.37142213207121927,0.9922087092991404,1966.6950000000002,35174.900250000006,10782.0,83100.0,131023.59525000001
high_friction,0.005,3594,0.028050074925074924,0.22927100723427934,0.9774614472123369,0.37142213207121927,0.9922087092991404,1966.6950000000002,35174.900250000006,10782.0,83100.0,131023.59525000001
high_friction,0.006,3593,0.028042270229770228,0.22933481770108544,0.9774614472123369,0.3715058611361587,0.9922087092991404,1966.6950000000002,35174.900250000006,10779.0,83070.0,130990.59525000001
high_friction,0.007,2977,0.023234577922077924,0.27611689620423246,0.9750889679715302,0.43036649214659684,0.9919343666875802,2049.255,35162.51625000001,8931.0,64650.0,110792.77125
high_friction,0.008,2318,0.018091283716283716,0.35202761000862814,0.9679715302491103,0.5162923125593166,0.9882760851432119,2943.4750000000004,35028.383250000006,6954.0,45060.0,89985.85825
high_friction,0.009000000000000001,2129,0.016616196303696304,0.38139971817754814,0.963226571767497,0.5464333781965006,0.986441002327571,3401.940000000001,34959.61350000001,6387.0,39510.0,84258.55350000001
high_friction,0.010000000000000002,2129,0.016616196303696304,0.38139971817754814,0.963226571767497,0.5464333781965006,0.986441002327571,3401.940000000001,34959.61350000001,6387.0,39510.0,84258.55350000001
high_friction,0.011,2129,0.016616196303696304,0.38139971817754814,0.963226571767497,0.5464333781965006,0.986441002327571,3401.940000000001,34959.61350000001,6387.0,39510.0,84258.55350000001
high_friction,0.012,1904,0.01486013986013986,0.4254201680672269,0.9608540925266904,0.5897342555515107,0.9859414760027178,3535.8499999999995,34939.527,5712.0,32820.0,77007.37700000001
high_friction,0.013000000000000001,1904,0.01486013986013986,0.4254201680672269,0.9608540925266904,0.5897342555515107,0.9859414760027178,3535.8499999999995,34939.527,5712.0,32820.0,77007.37700000001
high_friction,0.014000000000000002,1904,0.01486013986013986,0.4254201680672269,0.9608540925266904,0.5897342555515107,0.9859414760027178,3535.8499999999995,34939.527,5712.0,32820.0,77007.37700000001
high_friction,0.015,1904,0.01486013986013986,0.4254201680672269,0.9608540925266904,0.5897342555515107,0.9859414760027178,3535.8499999999995,34939.527,5712.0,32820.0,77007.37700000001
high_friction,0.016,1837,0.014337225274725274,0.43984757757212845,0.9584816132858838,0.6029850746268657,0.9859217422790603,3560.35,34935.852000000006,5511.0,30870.0,74877.202
high_friction,0.017,1837,0.014337225274725274,0.43984757757212845,0.9584816132858838,0.6029850746268657,0.9859217422790603,3560.35,34935.852000000006,5511.0,30870.0,74877.202
high_friction,0.018000000000000002,1837,0.014337225274725274,0.43984757757212845,0.9584816132858838,0.6029850746268657,0.9859217422790603,3560.35,34935.852000000006,5511.0,30870.0,74877.202
high_friction,0.019000000000000003,1637,0.012776286213786214,0.48869883934025654,0.9489916963226572,0.6451612903225806,0.9785681894216456,5317.224999999999,34672.320750000006,4911.0,25110.0,70010.54575
high_friction,0.02,1637,0.012776286213786214,0.48869883934025654,0.9489916963226572,0.6451612903225806,0.9785681894216456,5317.224999999999,34672.320750000006,4911.0,25110.0,70010.54575
high_friction,0.021,1637,0.012776286213786214,0.48869883934025654,0.9489916963226572,0.6451612903225806,0.9785681894216456,5317.224999999999,34672.320750000006,4911.0,25110.0,70010.54575
high_friction,0.022000000000000002,1637,0.012776286213786214,0.48869883934025654,0.9489916963226572,0.6451612903225806,0.9785681894216456,5317.224999999999,34672.320750000006,4911.0,25110.0,70010.54575
high_friction,0.023,1390,0.010848526473526474,0.5683453237410072,0.9371293001186239,0.7075682937751904,0.9729963725469174,6687.799999999998,34466.734500000006,4170.0,18000.0,63324.5345
high_friction,0.024,1390,0.010848526473526474,0.5683453237410072,0.9371293001186239,0.7075682937751904,0.9729963725469174,6687.799999999998,34466.734500000006,4170.0,18000.0,63324.5345
high_friction,0.025,1390,0.010848526473526474,0.5683453237410072,0.9371293001186239,0.7075682937751904,0.9729963725469174,6687.799999999998,34466.734500000006,4170.0,18000.0,63324.5345
high_friction,0.026000000000000002,1390,0.010848526473526474,0.5683453237410072,0.9371293001186239,0.7075682937751904,0.9729963725469174,6687.799999999998,34466.734500000006,4170.0,18000.0,63324.5345
high_friction,0.027000000000000003,1390,0.010848526473526474,0.5683453237410072,0.9371293001186239,0.7075682937751904,0.9729963725469174,6687.799999999998,34466.734500000006,4170.0,18000.0,63324.5345
high_friction,0.028,1390,0.010848526473526474,0.5683453237410072,0.9371293001186239,0.7075682937751904,0.9729963725469174,6687.799999999998,34466.734500000006,4170.0,18000.0,63324.5345
high_friction,0.029,1390,0.010848526473526474,0.5683453237410072,0.9371293001186239,0.7075682937751904,0.9729963725469174,6687.799999999998,34466.734500000006,4170.0,18000.0,63324.5345
high_friction,0.030000000000000002,1390,0.010848526473526474,0.5683453237410072,0.9371293001186239,0.7075682937751904,0.9729963725469174,6687.799999999998,34466.734500000006,4170.0,18000.0,63324.5345
high_friction,0.031,1390,0.010848526473526474,0.5683453237410072,0.9371293001186239,0.7075682937751904,0.9729963725469174,6687.799999999998,34466.734500000006,4170.0,18000.0,63324.5345
high_friction,0.032,1390,0.010848526473526474,0.5683453237410072,0.9371293001186239,0.7075682937751904,0.9729963725469174,6687.799999999998,34466.734500000006,4170.0,18000.0,63324.5345
high_friction,0.033,1390,0.010848526473526474,0.5683453237410072,0.9371293001186239,0.7075682937751904,0.9729963725469174,6687.799999999998,34466.734500000006,4170.0,18000.0,63324.5345
high_friction,0.034,1390,0.010848526473526474,0.5683453237410072,0.9371293001186239,0.7075682937751904,0.9729963725469174,6687.799999999998,34466.734500000006,4170.0,18000.0,63324.5345
high_friction,0.035,1390,0.010848526473526474,0.5683453237410072,0.9371293001186239,0.7075682937751904,0.9729963725469174,6687.799999999998,34466.734500000006,4170.0,18000.0,63324.5345
high_friction,0.036000000000000004,1390,0.010848526473526474,0.5683453237410072,0.9371293001186239,0.7075682937751904,0.9729963725469174,6687.799999999998,34466.734500000006,4170.0,18000.0,63324.5345
high_friction,0.037000000000000005,1390,0.010848526473526474,0.5683453237410072,0.9371293001186239,0.7075682937751904,0.9729963725469174,6687.799999999998,34466.734500000006,4170.0,18000.0,63324.5345
high_friction,0.038,1390,0.010848526473526474,0.5683453237410072,0.9371293001186239,0.7075682937751904,0.9729963725469174,6687.799999999998,34466.734500000006,4170.0,18000.0,63324.5345
high_friction,0.039,1390,0.010848526473526474,0.5683453237410072,0.9371293001186239,0.7075682937751904,0.9729963725469174,6687.799999999998,34466.734500000006,4170.0,18000.0,63324.5345
high_friction,0.04,1390,0.010848526473526474,0.5683453237410072,0.9371293001186239,0.7075682937751904,0.9729963725469174,6687.799999999998,34466.734500000006,4170.0,18000.0,63324.5345
high_friction,0.041,1390,0.010848526473526474,0.5683453237410072,0.9371293001186239,0.7075682937751904,0.9729963725469174,6687.799999999998,34466.734500000006,4170.0,18000.0,63324.5345
high_friction,0.042,1390,0.010848526473526474,0.5683453237410072,0.9371293001186239,0.7075682937751904,0.9729963725469174,6687.799999999998,34466.734500000006,4170.0,18000.0,63324.5345
high_friction,0.043000000000000003,1390,0.010848526473526474,0.5683453237410072,0.9371293001186239,0.7075682937751904,0.9729963725469174,6687.799999999998,34466.734500000006,4170.0,18000.0,63324.5345
high_friction,0.044000000000000004,1390,0.010848526473526474,0.5683453237410072,0.9371293001186239,0.7075682937751904,0.9729963725469174,6687.799999999998,34466.734500000006,4170.0,18000.0,63324.5345
high_friction,0.045,1390,0.010848526473526474,0.5683453237410072,0.9371293001186239,0.7075682937751904,0.9729963725469174,6687.799999999998,34466.734500000006,4170.0,18000.0,63324.5345
high_friction,0.046,1390,0.010848526473526474,0.5683453237410072,0.9371293001186239,0.7075682937751904,0.9729963725469174,6687.799999999998,34466.734500000006,4170.0,18000.0,63324.5345
high_friction,0.047,1390,0.010848526473526474,0.5683453237410072,0.9371293001186239,0.7075682937751904,0.9729963725469174,6687.799999999998,34466.734500000006,4170.0,18000.0,63324.5345
high_friction,0.048,1390,0.010848526473526474,0.5683453237410072,0.9371293001186239,0.7075682937751904,0.9729963725469174,6687.799999999998,34466.734500000006,4170.0,18000.0,63324.5345
high_friction,0.049,1390,0.010848526473526474,0.5683453237410072,0.9371293001186239,0.7075682937751904,0.9729963725469174,6687.799999999998,34466.734500000006,4170.0,18000.0,63324.5345
high_friction,0.05,1390,0.010848526473526474,0.5683453237410072,0.9371293001186239,0.7075682937751904,0.9729963725469174,6687.799999999998,34466.734500000006,4170.0,18000.0,63324.5345
high_friction,0.051000000000000004,1375,0.010731456043956044,0.5738181818181818,0.9359430604982206,0.7114517583408476,0.9729496036218488,6708.464999999998,34463.634750000005,4125.0,17580.0,62877.09975
high_friction,0.052000000000000005,1375,0.010731456043956044,0.5738181818181818,0.9359430604982206,0.7114517583408476,0.9729496036218488,6708.464999999998,34463.634750000005,4125.0,17580.0,62877.09975
high_friction,0.053000000000000005,1375,0.010731456043956044,0.5738181818181818,0.9359430604982206,0.7114517583408476,0.9729496036218488,6708.464999999998,34463.634750000005,4125.0,17580.0,62877.09975
high_friction,0.054,1375,0.010731456043956044,0.5738181818181818,0.9359430604982206,0.7114517583408476,0.9729496036218488,6708.464999999998,34463.634750000005,4125.0,17580.0,62877.09975
high_friction,0.055,1375,0.010731456043956044,0.5738181818181818,0.9359430604982206,0.7114517583408476,0.9729496036218488,6708.464999999998,34463.634750000005,4125.0,17580.0,62877.09975
high_friction,0.056,1375,0.010731456043956044,0.5738181818181818,0.9359430604982206,0.7114517583408476,0.9729496036218488,6708.464999999998,34463.634750000005,4125.0,17580.0,62877.09975
high_friction,0.057,1375,0.010731456043956044,0.5738181818181818,0.9359430604982206,0.7114517583408476,0.9729496036218488,6708.464999999998,34463.634750000005,4125.0,17580.0,62877.09975
high_friction,0.058,1375,0.010731456043956044,0.5738181818181818,0.9359430604982206,0.7114517583408476,0.9729496036218488,6708.464999999998,34463.634750000005,4125.0,17580.0,62877.09975
high_friction,0.059000000000000004,1375,0.010731456043956044,0.5738181818181818,0.9359430604982206,0.7114517583408476,0.9729496036218488,6708.464999999998,34463.634750000005,4125.0,17580.0,62877.09975
high_friction,0.060000000000000005,1135,0.00885832917082917,0.6792951541850221,0.9145907473309609,0.7795753286147624,0.9599873099001067,9844.335,33993.254250000005,3405.0,10920.0,58162.589250000005
high_friction,0.061,1134,0.008850524475524476,0.6798941798941799,0.9145907473309609,0.779969650986343,0.9599873099001067,9844.335,33993.254250000005,3402.0,10890.0,58129.589250000005
high_friction,0.062,1134,0.008850524475524476,0.6798941798941799,0.9145907473309609,0.779969650986343,0.9599873099001067,9844.335,33993.254250000005,3402.0,10890.0,58129.589250000005
high_friction,0.063,1134,0.008850524475524476,0.6798941798941799,0.9145907473309609,0.779969650986343,0.9599873099001067,9844.335,33993.254250000005,3402.0,10890.0,58129.589250000005
high_friction,0.064,1134,0.008850524475524476,0.6798941798941799,0.9145907473309609,0.779969650986343,0.9599873099001067,9844.335,33993.254250000005,3402.0,10890.0,58129.589250000005
high_friction,0.065,1134,0.008850524475524476,0.6798941798941799,0.9145907473309609,0.779969650986343,0.9599873099001067,9844.335,33993.254250000005,3402.0,10890.0,58129.589250000005
high_friction,0.066,1134,0.008850524475524476,0.6798941798941799,0.9145907473309609,0.779969650986343,0.9599873099001067,9844.335,33993.254250000005,3402.0,10890.0,58129.589250000005
high_friction,0.067,1134,0.008850524475524476,0.6798941798941799,0.9145907473309609,0.779969650986343,0.9599873099001067,9844.335,33993.254250000005,3402.0,10890.0,58129.589250000005
high_friction,0.068,1134,0.008850524475524476,0.6798941798941799,0.9145907473309609,0.779969650986343,0.9599873099001067,9844.335,33993.254250000005,3402.0,10890.0,58129.589250000005
high_friction,0.069,1134,0.008850524475524476,0.6798941798941799,0.9145907473309609,0.779969650986343,0.9599873099001067,9844.335,33993.254250000005,3402.0,10890.0,58129.589250000005
high_friction,0.07,1134,0.008850524475524476,0.6798941798941799,0.9145907473309609,0.779969650986343,0.9599873099001067,9844.335,33993.254250000005,3402.0,10890.0,58129.589250000005
high_friction,0.07100000000000001,1134,0.008850524475524476,0.6798941798941799,0.9145907473309609,0.779969650986343,0.9599873099001067,9844.335,33993.254250000005,3402.0,10890.0,58129.589250000005
high_friction,0.07200000000000001,1134,0.008850524475524476,0.6798941798941799,0.9145907473309609,0.779969650986343,0.9599873099001067,9844.335,33993.254250000005,3402.0,10890.0,58129.589250000005
high_friction,0.07300000000000001,1134,0.008850524475524476,0.6798941798941799,0.9145907473309609,0.779969650986343,0.9599873099001067,9844.335,33993.254250000005,3402.0,10890.0,58129.589250000005
high_friction,0.074,1134,0.008850524475524476,0.6798941798941799,0.9145907473309609,0.779969650986343,0.9599873099001067,9844.335,33993.254250000005,3402.0,10890.0,58129.589250000005
high_friction,0.075,1134,0.008850524475524476,0.6798941798941799,0.9145907473309609,0.779969650986343,0.9599873099001067,9844.335,33993.254250000005,3402.0,10890.0,58129.589250000005
high_friction,0.076,1134,0.008850524475524476,0.6798941798941799,0.9145907473309609,0.779969650986343,0.9599873099001067,9844.335,33993.254250000005,3402.0,10890.0,58129.589250000005
high_friction,0.077,1134,0.008850524475524476,0.6798941798941799,0.9145907473309609,0.779969650986343,0.9599873099001067,9844.335,33993.254250000005,3402.0,10890.0,58129.589250000005
high_friction,0.078,1134,0.008850524475524476,0.6798941798941799,0.9145907473309609,0.779969650986343,0.9599873099001067,9844.335,33993.254250000005,3402.0,10890.0,58129.589250000005
high_friction,0.079,1134,0.008850524475524476,0.6798941798941799,0.9145907473309609,0.779969650986343,0.9599873099001067,9844.335,33993.254250000005,3402.0,10890.0,58129.589250000005
high_friction,0.08,1134,0.008850524475524476,0.6798941798941799,0.9145907473309609,0.779969650986343,0.9599873099001067,9844.335,33993.254250000005,3402.0,10890.0,58129.589250000005
high_friction,0.081,1134,0.008850524475524476,0.6798941798941799,0.9145907473309609,0.779969650986343,0.9599873099001067,9844.335,33993.254250000005,3402.0,10890.0,58129.589250000005
high_friction,0.082,1134,0.008850524475524476,0.6798941798941799,0.9145907473309609,0.779969650986343,0.9599873099001067,9844.335,33993.254250000005,3402.0,10890.0,58129.589250000005
high_friction,0.083,1134,0.008850524475524476,0.6798941798941799,0.9145907473309609,0.779969650986343,0.9599873099001067,9844.335,33993.254250000005,3402.0,10890.0,58129.589250000005
high_friction,0.084,1134,0.008850524475524476,0.6798941798941799,0.9145907473309609,0.779969650986343,0.9599873099001067,9844.335,33993.254250000005,3402.0,10890.0,58129.589250000005
high_friction,0.085,1134,0.008850524475524476,0.6798941798941799,0.9145907473309609,0.779969650986343,0.9599873099001067,9844.335,33993.254250000005,3402.0,10890.0,58129.589250000005
high_friction,0.08600000000000001,1134,0.008850524475524476,0.6798941798941799,0.9145907473309609,0.779969650986343,0.9599873099001067,9844.335,33993.254250000005,3402.0,10890.0,58129.589250000005
high_friction,0.08700000000000001,1134,0.008850524475524476,0.6798941798941799,0.9145907473309609,0.779969650986343,0.9599873099001067,9844.335,33993.254250000005,3402.0,10890.0,58129.589250000005
high_friction,0.08800000000000001,1134,0.008850524475524476,0.6798941798941799,0.9145907473309609,0.779969650986343,0.9599873099001067,9844.335,33993.254250000005,3402.0,10890.0,58129.589250000005
high_friction,0.089,1134,0.008850524475524476,0.6798941798941799,0.9145907473309609,0.779969650986343,0.9599873099001067,9844.335,33993.254250000005,3402.0,10890.0,58129.589250000005
high_friction,0.09,1134,0.008850524475524476,0.6798941798941799,0.9145907473309609,0.779969650986343,0.9599873099001067,9844.335,33993.254250000005,3402.0,10890.0,58129.589250000005
high_friction,0.091,1134,0.008850524475524476,0.6798941798941799,0.9145907473309609,0.779969650986343,0.9599873099001067,9844.335,33993.254250000005,3402.0,10890.0,58129.589250000005
high_friction,0.092,1069,0.00834321928071928,0.715622076707203,0.9074733096085409,0.8002092050209205,0.9568653471120332,10616.255,33877.466250000005,3207.0,9120.0,56820.72125
high_friction,0.093,1069,0.00834321928071928,0.715622076707203,0.9074733096085409,0.8002092050209205,0.9568653471120332,10616.255,33877.466250000005,3207.0,9120.0,56820.72125
high_friction,0.094,1069,0.00834321928071928,0.715622076707203,0.9074733096085409,0.8002092050209205,0.9568653471120332,10616.255,33877.466250000005,3207.0,9120.0,56820.72125
high_friction,0.095,1069,0.00834321928071928,0.715622076707203,0.9074733096085409,0.8002092050209205,0.9568653471120332,10616.255,33877.466250000005,3207.0,9120.0,56820.72125
high_friction,0.096,1069,0.00834321928071928,0.715622076707203,0.9074733096085409,0.8002092050209205,0.9568653471120332,10616.255,33877.466250000005,3207.0,9120.0,56820.72125
high_friction,0.097,1069,0.00834321928071928,0.715622076707203,0.9074733096085409,0.8002092050209205,0.9568653471120332,10616.255,33877.466250000005,3207.0,9120.0,56820.72125
high_friction,0.098,1069,0.00834321928071928,0.715622076707203,0.9074733096085409,0.8002092050209205,0.9568653471120332,10616.255,33877.466250000005,3207.0,9120.0,56820.72125
high_friction,0.099,1069,0.00834321928071928,0.715622076707203,0.9074733096085409,0.8002092050209205,0.9568653471120332,10616.255,33877.466250000005,3207.0,9120.0,56820.72125
high_friction,0.1,1069,0.00834321928071928,0.715622076707203,0.9074733096085409,0.8002092050209205,0.9568653471120332,10616.255,33877.466250000005,3207.0,9120.0,56820.72125
high_friction,0.101,1015,0.007921765734265734,0.7467980295566502,0.8991696322657177,0.8159311087190527,0.9516864067489686,11867.239999999998,33689.8185,3045.0,7710.0,56312.0585
high_friction,0.10200000000000001,971,0.007578359140859141,0.7744593202883625,0.8920521945432978,0.8291069459757442,0.9460746181206541,13206.929999999997,33488.865,2913.0,6570.0,56178.795
high_friction,0.10300000000000001,971,0.007578359140859141,0.7744593202883625,0.8920521945432978,0.8291069459757442,0.9460746181206541,13206.929999999997,33488.865,2913.0,6570.0,56178.795
high_friction,0.10400000000000001,971,0.007578359140859141,0.7744593202883625,0.8920521945432978,0.8291069459757442,0.9460746181206541,13206.929999999997,33488.865,2913.0,6570.0,56178.795
high_friction,0.10500000000000001,971,0.007578359140859141,0.7744593202883625,0.8920521945432978,0.8291069459757442,0.9460746181206541,13206.929999999997,33488.865,2913.0,6570.0,56178.795
high_friction,0.106,971,0.007578359140859141,0.7744593202883625,0.8920521945432978,0.8291069459757442,0.9460746181206541,13206.929999999997,33488.865,2913.0,6570.0,56178.795
high_friction,0.107,971,0.007578359140859141,0.7744593202883625,0.8920521945432978,0.8291069459757442,0.9460746181206541,13206.929999999997,33488.865,2913.0,6570.0,56178.795
high_friction,0.108,971,0.007578359140859141,0.7744593202883625,0.8920521945432978,0.8291069459757442,0.9460746181206541,13206.929999999997,33488.865,2913.0,6570.0,56178.795
high_friction,0.109,971,0.007578359140859141,0.7744593202883625,0.8920521945432978,0.8291069459757442,0.9460746181206541,13206.929999999997,33488.865,2913.0,6570.0,56178.795
high_friction,0.11,971,0.007578359140859141,0.7744593202883625,0.8920521945432978,0.8291069459757442,0.9460746181206541,13206.929999999997,33488.865,2913.0,6570.0,56178.795
high_friction,0.111,971,0.007578359140859141,0.7744593202883625,0.8920521945432978,0.8291069459757442,0.9460746181206541,13206.929999999997,33488.865,2913.0,6570.0,56178.795
high_friction,0.112,971,0.007578359140859141,0.7744593202883625,0.8920521945432978,0.8291069459757442,0.9460746181206541,13206.929999999997,33488.865,2913.0,6570.0,56178.795
high_friction,0.113,971,0.007578359140859141,0.7744593202883625,0.8920521945432978,0.8291069459757442,0.9460746181206541,13206.929999999997,33488.865,2913.0,6570.0,56178.795
high_friction,0.114,971,0.007578359140859141,0.7744593202883625,0.8920521945432978,0.8291069459757442,0.9460746181206541,13206.929999999997,33488.865,2913.0,6570.0,56178.795
high_friction,0.115,971,0.007578359140859141,0.7744593202883625,0.8920521945432978,0.8291069459757442,0.9460746181206541,13206.929999999997,33488.865,2913.0,6570.0,56178.795
high_friction,0.116,971,0.007578359140859141,0.7744593202883625,0.8920521945432978,0.8291069459757442,0.9460746181206541,13206.929999999997,33488.865,2913.0,6570.0,56178.795
high_friction,0.117,971,0.007578359140859141,0.7744593202883625,0.8920521945432978,0.8291069459757442,0.9460746181206541,13206.929999999997,33488.865,2913.0,6570.0,56178.795
high_friction,0.11800000000000001,971,0.007578359140859141,0.7744593202883625,0.8920521945432978,0.8291069459757442,0.9460746181206541,13206.929999999997,33488.865,2913.0,6570.0,56178.795
high_friction,0.11900000000000001,971,0.007578359140859141,0.7744593202883625,0.8920521945432978,0.8291069459757442,0.9460746181206541,13206.929999999997,33488.865,2913.0,6570.0,56178.795
high_friction,0.12000000000000001,971,0.007578359140859141,0.7744593202883625,0.8920521945432978,0.8291069459757442,0.9460746181206541,13206.929999999997,33488.865,2913.0,6570.0,56178.795
high_friction,0.121,971,0.007578359140859141,0.7744593202883625,0.8920521945432978,0.8291069459757442,0.9460746181206541,13206.929999999997,33488.865,2913.0,6570.0,56178.795
high_friction,0.122,971,0.007578359140859141,0.7744593202883625,0.8920521945432978,0.8291069459757442,0.9460746181206541,13206.929999999997,33488.865,2913.0,6570.0,56178.795
high_friction,0.123,971,0.007578359140859141,0.7744593202883625,0.8920521945432978,0.8291069459757442,0.9460746181206541,13206.929999999997,33488.865,2913.0,6570.0,56178.795
high_friction,0.124,971,0.007578359140859141,0.7744593202883625,0.8920521945432978,0.8291069459757442,0.9460746181206541,13206.929999999997,33488.865,2913.0,6570.0,56178.795
high_friction,0.125,971,0.007578359140859141,0.7744593202883625,0.8920521945432978,0.8291069459757442,0.9460746181206541,13206.929999999997,33488.865,2913.0,6570.0,56178.795
high_friction,0.126,971,0.007578359140859141,0.7744593202883625,0.8920521945432978,0.8291069459757442,0.9460746181206541,13206.929999999997,33488.865,2913.0,6570.0,56178.795
high_friction,0.127,971,0.007578359140859141,0.7744593202883625,0.8920521945432978,0.8291069459757442,0.9460746181206541,13206.929999999997,33488.865,2913.0,6570.0,56178.795
high_friction,0.128,971,0.007578359140859141,0.7744593202883625,0.8920521945432978,0.8291069459757442,0.9460746181206541,13206.929999999997,33488.865,2913.0,6570.0,56178.795
high_friction,0.129,971,0.007578359140859141,0.7744593202883625,0.8920521945432978,0.8291069459757442,0.9460746181206541,13206.929999999997,33488.865,2913.0,6570.0,56178.795
high_friction,0.13,971,0.007578359140859141,0.7744593202883625,0.8920521945432978,0.8291069459757442,0.9460746181206541,13206.929999999997,33488.865,2913.0,6570.0,56178.795
high_friction,0.131,971,0.007578359140859141,0.7744593202883625,0.8920521945432978,0.8291069459757442,0.9460746181206541,13206.929999999997,33488.865,2913.0,6570.0,56178.795
high_friction,0.132,971,0.007578359140859141,0.7744593202883625,0.8920521945432978,0.8291069459757442,0.9460746181206541,13206.929999999997,33488.865,2913.0,6570.0,56178.795
high_friction,0.133,971,0.007578359140859141,0.7744593202883625,0.8920521945432978,0.8291069459757442,0.9460746181206541,13206.929999999997,33488.865,2913.0,6570.0,56178.795
high_friction,0.134,971,0.007578359140859141,0.7744593202883625,0.8920521945432978,0.8291069459757442,0.9460746181206541,13206.929999999997,33488.865,2913.0,6570.0,56178.795
high_friction,0.135,971,0.007578359140859141,0.7744593202883625,0.8920521945432978,0.8291069459757442,0.9460746181206541,13206.929999999997,33488.865,2913.0,6570.0,56178.795
high_friction,0.136,886,0.00691496003996004,0.8250564334085779,0.867141162514828,0.8455754771544245,0.9198725087434649,19391.955,32561.111250000005,2658.0,4650.0,59261.06625
high_friction,0.137,886,0.00691496003996004,0.8250564334085779,0.867141162514828,0.8455754771544245,0.9198725087434649,19391.955,32561.111250000005,2658.0,4650.0,59261.06625
high_friction,0.138,886,0.00691496003996004,0.8250564334085779,0.867141162514828,0.8455754771544245,0.9198725087434649,19391.955,32561.111250000005,2658.0,4650.0,59261.06625
high_friction,0.139,886,0.00691496003996004,0.8250564334085779,0.867141162514828,0.8455754771544245,0.9198725087434649,19391.955,32561.111250000005,2658.0,4650.0,59261.06625
high_friction,0.14,886,0.00691496003996004,0.8250564334085779,0.867141162514828,0.8455754771544245,0.9198725087434649,19391.955,32561.111250000005,2658.0,4650.0,59261.06625
high_friction,0.14100000000000001,886,0.00691496003996004,0.8250564334085779,0.867141162514828,0.8455754771544245,0.9198725087434649,19391.955,32561.111250000005,2658.0,4650.0,59261.06625
high_friction,0.14200000000000002,886,0.00691496003996004,0.8250564334085779,0.867141162514828,0.8455754771544245,0.9198725087434649,19391.955,32561.111250000005,2658.0,4650.0,59261.06625
high_friction,0.14300000000000002,836,0.006524725274725275,0.8660287081339713,0.8588374851720048,0.8624181060154854,0.914909959623486,20593.595000000005,32380.865250000006,2508.0,3360.0,58842.46025000001
high_friction,0.14400000000000002,836,0.006524725274725275,0.8660287081339713,0.8588374851720048,0.8624181060154854,0.914909959623486,20593.595000000005,32380.865250000006,2508.0,3360.0,58842.46025000001
high_friction,0.14500000000000002,836,0.006524725274725275,0.8660287081339713,0.8588374851720048,0.8624181060154854,0.914909959623486,20593.595000000005,32380.865250000006,2508.0,3360.0,58842.46025000001
high_friction,0.146,836,0.006524725274725275,0.8660287081339713,0.8588374851720048,0.8624181060154854,0.914909959623486,20593.595000000005,32380.865250000006,2508.0,3360.0,58842.46025000001
high_friction,0.147,836,0.006524725274725275,0.8660287081339713,0.8588374851720048,0.8624181060154854,0.914909959623486,20593.595000000005,32380.865250000006,2508.0,3360.0,58842.46025000001
high_friction,0.148,836,0.006524725274725275,0.8660287081339713,0.8588374851720048,0.8624181060154854,0.914909959623486,20593.595000000005,32380.865250000006,2508.0,3360.0,58842.46025000001
high_friction,0.149,836,0.006524725274725275,0.8660287081339713,0.8588374851720048,0.8624181060154854,0.914909959623486,20593.595000000005,32380.865250000006,2508.0,3360.0,58842.46025000001
high_friction,0.15,836,0.006524725274725275,0.8660287081339713,0.8588374851720048,0.8624181060154854,0.914909959623486,20593.595000000005,32380.865250000006,2508.0,3360.0,58842.46025000001
high_friction,0.151,821,0.006407654845154845,0.8757612667478685,0.8529062870699882,0.8641826923076923,0.9081766596269898,22179.03,32143.050000000007,2463.0,3060.0,59845.08
high_friction,0.152,821,0.006407654845154845,0.8757612667478685,0.8529062870699882,0.8641826923076923,0.9081766596269898,22179.03,32143.050000000007,2463.0,3060.0,59845.08
high_friction,0.153,821,0.006407654845154845,0.8757612667478685,0.8529062870699882,0.8641826923076923,0.9081766596269898,22179.03,32143.050000000007,2463.0,3060.0,59845.08
high_friction,0.154,821,0.006407654845154845,0.8757612667478685,0.8529062870699882,0.8641826923076923,0.9081766596269898,22179.03,32143.050000000007,2463.0,3060.0,59845.08
high_friction,0.155,821,0.006407654845154845,0.8757612667478685,0.8529062870699882,0.8641826923076923,0.9081766596269898,22179.03,32143.050000000007,2463.0,3060.0,59845.08
high_friction,0.156,821,0.006407654845154845,0.8757612667478685,0.8529062870699882,0.8641826923076923,0.9081766596269898,22179.03,32143.050000000007,2463.0,3060.0,59845.08
high_friction,0.157,821,0.006407654845154845,0.8757612667478685,0.8529062870699882,0.8641826923076923,0.9081766596269898,22179.03,32143.050000000007,2463.0,3060.0,59845.08
high_friction,0.158,821,0.006407654845154845,0.8757612667478685,0.8529062870699882,0.8641826923076923,0.9081766596269898,22179.03,32143.050000000007,2463.0,3060.0,59845.08
high_friction,0.159,821,0.006407654845154845,0.8757612667478685,0.8529062870699882,0.8641826923076923,0.9081766596269898,22179.03,32143.050000000007,2463.0,3060.0,59845.08
high_friction,0.16,821,0.006407654845154845,0.8757612667478685,0.8529062870699882,0.8641826923076923,0.9081766596269898,22179.03,32143.050000000007,2463.0,3060.0,59845.08
high_friction,0.161,821,0.006407654845154845,0.8757612667478685,0.8529062870699882,0.8641826923076923,0.9081766596269898,22179.03,32143.050000000007,2463.0,3060.0,59845.08
high_friction,0.162,821,0.006407654845154845,0.8757612667478685,0.8529062870699882,0.8641826923076923,0.9081766596269898,22179.03,32143.050000000007,2463.0,3060.0,59845.08
high_friction,0.163,821,0.006407654845154845,0.8757612667478685,0.8529062870699882,0.8641826923076923,0.9081766596269898,22179.03,32143.050000000007,2463.0,3060.0,59845.08
high_friction,0.164,821,0.006407654845154845,0.8757612667478685,0.8529062870699882,0.8641826923076923,0.9081766596269898,22179.03,32143.050000000007,2463.0,3060.0,59845.08
high_friction,0.165,821,0.006407654845154845,0.8757612667478685,0.8529062870699882,0.8641826923076923,0.9081766596269898,22179.03,32143.050000000007,2463.0,3060.0,59845.08
high_friction,0.166,821,0.006407654845154845,0.8757612667478685,0.8529062870699882,0.8641826923076923,0.9081766596269898,22179.03,32143.050000000007,2463.0,3060.0,59845.08
high_friction,0.167,821,0.006407654845154845,0.8757612667478685,0.8529062870699882,0.8641826923076923,0.9081766596269898,22179.03,32143.050000000007,2463.0,3060.0,59845.08
high_friction,0.168,821,0.006407654845154845,0.8757612667478685,0.8529062870699882,0.8641826923076923,0.9081766596269898,22179.03,32143.050000000007,2463.0,3060.0,59845.08
high_friction,0.169,821,0.006407654845154845,0.8757612667478685,0.8529062870699882,0.8641826923076923,0.9081766596269898,22179.03,32143.050000000007,2463.0,3060.0,59845.08
high_friction,0.17,821,0.006407654845154845,0.8757612667478685,0.8529062870699882,0.8641826923076923,0.9081766596269898,22179.03,32143.050000000007,2463.0,3060.0,59845.08
high_friction,0.171,821,0.006407654845154845,0.8757612667478685,0.8529062870699882,0.8641826923076923,0.9081766596269898,22179.03,32143.050000000007,2463.0,3060.0,59845.08
high_friction,0.17200000000000001,821,0.006407654845154845,0.8757612667478685,0.8529062870699882,0.8641826923076923,0.9081766596269898,22179.03,32143.050000000007,2463.0,3060.0,59845.08
high_friction,0.17300000000000001,821,0.006407654845154845,0.8757612667478685,0.8529062870699882,0.8641826923076923,0.9081766596269898,22179.03,32143.050000000007,2463.0,3060.0,59845.08
high_friction,0.17400000000000002,821,0.006407654845154845,0.8757612667478685,0.8529062870699882,0.8641826923076923,0.9081766596269898,22179.03,32143.050000000007,2463.0,3060.0,59845.08
high_friction,0.17500000000000002,821,0.006407654845154845,0.8757612667478685,0.8529062870699882,0.8641826923076923,0.9081766596269898,22179.03,32143.050000000007,2463.0,3060.0,59845.08
high_friction,0.17600000000000002,821,0.006407654845154845,0.8757612667478685,0.8529062870699882,0.8641826923076923,0.9081766596269898,22179.03,32143.050000000007,2463.0,3060.0,59845.08
high_friction,0.177,821,0.006407654845154845,0.8757612667478685,0.8529062870699882,0.8641826923076923,0.9081766596269898,22179.03,32143.050000000007,2463.0,3060.0,59845.08
high_friction,0.178,821,0.006407654845154845,0.8757612667478685,0.8529062870699882,0.8641826923076923,0.9081766596269898,22179.03,32143.050000000007,2463.0,3060.0,59845.08
high_friction,0.179,821,0.006407654845154845,0.8757612667478685,0.8529062870699882,0.8641826923076923,0.9081766596269898,22179.03,32143.050000000007,2463.0,3060.0,59845.08
high_friction,0.18,821,0.006407654845154845,0.8757612667478685,0.8529062870699882,0.8641826923076923,0.9081766596269898,22179.03,32143.050000000007,2463.0,3060.0,59845.08
high_friction,0.181,821,0.006407654845154845,0.8757612667478685,0.8529062870699882,0.8641826923076923,0.9081766596269898,22179.03,32143.050000000007,2463.0,3060.0,59845.08
high_friction,0.182,821,0.006407654845154845,0.8757612667478685,0.8529062870699882,0.8641826923076923,0.9081766596269898,22179.03,32143.050000000007,2463.0,3060.0,59845.08
high_friction,0.183,821,0.006407654845154845,0.8757612667478685,0.8529062870699882,0.8641826923076923,0.9081766596269898,22179.03,32143.050000000007,2463.0,3060.0,59845.08
high_friction,0.184,821,0.006407654845154845,0.8757612667478685,0.8529062870699882,0.8641826923076923,0.9081766596269898,22179.03,32143.050000000007,2463.0,3060.0,59845.08
high_friction,0.185,821,0.006407654845154845,0.8757612667478685,0.8529062870699882,0.8641826923076923,0.9081766596269898,22179.03,32143.050000000007,2463.0,3060.0,59845.08
high_friction,0.186,821,0.006407654845154845,0.8757612667478685,0.8529062870699882,0.8641826923076923,0.9081766596269898,22179.03,32143.050000000007,2463.0,3060.0,59845.08
high_friction,0.187,821,0.006407654845154845,0.8757612667478685,0.8529062870699882,0.8641826923076923,0.9081766596269898,22179.03,32143.050000000007,2463.0,3060.0,59845.08
high_friction,0.188,821,0.006407654845154845,0.8757612667478685,0.8529062870699882,0.8641826923076923,0.9081766596269898,22179.03,32143.050000000007,2463.0,3060.0,59845.08
high_friction,0.189,821,0.006407654845154845,0.8757612667478685,0.8529062870699882,0.8641826923076923,0.9081766596269898,22179.03,32143.050000000007,2463.0,3060.0,59845.08
high_friction,0.19,821,0.006407654845154845,0.8757612667478685,0.8529062870699882,0.8641826923076923,0.9081766596269898,22179.03,32143.050000000007,2463.0,3060.0,59845.08
high_friction,0.191,821,0.006407654845154845,0.8757612667478685,0.8529062870699882,0.8641826923076923,0.9081766596269898,22179.03,32143.050000000007,2463.0,3060.0,59845.08
high_friction,0.192,821,0.006407654845154845,0.8757612667478685,0.8529062870699882,0.8641826923076923,0.9081766596269898,22179.03,32143.050000000007,2463.0,3060.0,59845.08
high_friction,0.193,821,0.006407654845154845,0.8757612667478685,0.8529062870699882,0.8641826923076923,0.9081766596269898,22179.03,32143.050000000007,2463.0,3060.0,59845.08
high_friction,0.194,821,0.006407654845154845,0.8757612667478685,0.8529062870699882,0.8641826923076923,0.9081766596269898,22179.03,32143.050000000007,2463.0,3060.0,59845.08
high_friction,0.195,821,0.006407654845154845,0.8757612667478685,0.8529062870699882,0.8641826923076923,0.9081766596269898,22179.03,32143.050000000007,2463.0,3060.0,59845.08
high_friction,0.196,821,0.006407654845154845,0.8757612667478685,0.8529062870699882,0.8641826923076923,0.9081766596269898,22179.03,32143.050000000007,2463.0,3060.0,59845.08
high_friction,0.197,821,0.006407654845154845,0.8757612667478685,0.8529062870699882,0.8641826923076923,0.9081766596269898,22179.03,32143.050000000007,2463.0,3060.0,59845.08
high_friction,0.198,821,0.006407654845154845,0.8757612667478685,0.8529062870699882,0.8641826923076923,0.9081766596269898,22179.03,32143.050000000007,2463.0,3060.0,59845.08
high_friction,0.199,821,0.006407654845154845,0.8757612667478685,0.8529062870699882,0.8641826923076923,0.9081766596269898,22179.03,32143.050000000007,2463.0,3060.0,59845.08
high_friction,0.2,821,0.006407654845154845,0.8757612667478685,0.8529062870699882,0.8641826923076923,0.9081766596269898,22179.03,32143.050000000007,2463.0,3060.0,59845.08
high_friction,0.201,821,0.006407654845154845,0.8757612667478685,0.8529062870699882,0.8641826923076923,0.9081766596269898,22179.03,32143.050000000007,2463.0,3060.0,59845.08
high_friction,0.202,821,0.006407654845154845,0.8757612667478685,0.8529062870699882,0.8641826923076923,0.9081766596269898,22179.03,32143.050000000007,2463.0,3060.0,59845.08
high_friction,0.203,821,0.006407654845154845,0.8757612667478685,0.8529062870699882,0.8641826923076923,0.9081766596269898,22179.03,32143.050000000007,2463.0,3060.0,59845.08
high_friction,0.20400000000000001,821,0.006407654845154845,0.8757612667478685,0.8529062870699882,0.8641826923076923,0.9081766596269898,22179.03,32143.050000000007,2463.0,3060.0,59845.08
high_friction,0.20500000000000002,821,0.006407654845154845,0.8757612667478685,0.8529062870699882,0.8641826923076923,0.9081766596269898,22179.03,32143.050000000007,2463.0,3060.0,59845.08
high_friction,0.20600000000000002,821,0.006407654845154845,0.8757612667478685,0.8529062870699882,0.8641826923076923,0.9081766596269898,22179.03,32143.050000000007,2463.0,3060.0,59845.08
high_friction,0.20700000000000002,821,0.006407654845154845,0.8757612667478685,0.8529062870699882,0.8641826923076923,0.9081766596269898,22179.03,32143.050000000007,2463.0,3060.0,59845.08
high_friction,0.20800000000000002,821,0.006407654845154845,0.8757612667478685,0.8529062870699882,0.8641826923076923,0.9081766596269898,22179.03,32143.050000000007,2463.0,3060.0,59845.08
high_friction,0.20900000000000002,821,0.006407654845154845,0.8757612667478685,0.8529062870699882,0.8641826923076923,0.9081766596269898,22179.03,32143.050000000007,2463.0,3060.0,59845.08
high_friction,0.21,821,0.006407654845154845,0.8757612667478685,0.8529062870699882,0.8641826923076923,0.9081766596269898,22179.03,32143.050000000007,2463.0,3060.0,59845.08
high_friction,0.211,821,0.006407654845154845,0.8757612667478685,0.8529062870699882,0.8641826923076923,0.9081766596269898,22179.03,32143.050000000007,2463.0,3060.0,59845.08
high_friction,0.212,821,0.006407654845154845,0.8757612667478685,0.8529062870699882,0.8641826923076923,0.9081766596269898,22179.03,32143.050000000007,2463.0,3060.0,59845.08
high_friction,0.213,821,0.006407654845154845,0.8757612667478685,0.8529062870699882,0.8641826923076923,0.9081766596269898,22179.03,32143.050000000007,2463.0,3060.0,59845.08
high_friction,0.214,821,0.006407654845154845,0.8757612667478685,0.8529062870699882,0.8641826923076923,0.9081766596269898,22179.03,32143.050000000007,2463.0,3060.0,59845.08
high_friction,0.215,821,0.006407654845154845,0.8757612667478685,0.8529062870699882,0.8641826923076923,0.9081766596269898,22179.03,32143.050000000007,2463.0,3060.0,59845.08
high_friction,0.216,821,0.006407654845154845,0.8757612667478685,0.8529062870699882,0.8641826923076923,0.9081766596269898,22179.03,32143.050000000007,2463.0,3060.0,59845.08
high_friction,0.217,821,0.006407654845154845,0.8757612667478685,0.8529062870699882,0.8641826923076923,0.9081766596269898,22179.03,32143.050000000007,2463.0,3060.0,59845.08
high_friction,0.218,821,0.006407654845154845,0.8757612667478685,0.8529062870699882,0.8641826923076923,0.9081766596269898,22179.03,32143.050000000007,2463.0,3060.0,59845.08
high_friction,0.219,821,0.006407654845154845,0.8757612667478685,0.8529062870699882,0.8641826923076923,0.9081766596269898,22179.03,32143.050000000007,2463.0,3060.0,59845.08
high_friction,0.22,821,0.006407654845154845,0.8757612667478685,0.8529062870699882,0.8641826923076923,0.9081766596269898,22179.03,32143.050000000007,2463.0,3060.0,59845.08
high_friction,0.221,821,0.006407654845154845,0.8757612667478685,0.8529062870699882,0.8641826923076923,0.9081766596269898,22179.03,32143.050000000007,2463.0,3060.0,59845.08
high_friction,0.222,821,0.006407654845154845,0.8757612667478685,0.8529062870699882,0.8641826923076923,0.9081766596269898,22179.03,32143.050000000007,2463.0,3060.0,59845.08
high_friction,0.223,821,0.006407654845154845,0.8757612667478685,0.8529062870699882,0.8641826923076923,0.9081766596269898,22179.03,32143.050000000007,2463.0,3060.0,59845.08
high_friction,0.224,821,0.006407654845154845,0.8757612667478685,0.8529062870699882,0.8641826923076923,0.9081766596269898,22179.03,32143.050000000007,2463.0,3060.0,59845.08
high_friction,0.225,821,0.006407654845154845,0.8757612667478685,0.8529062870699882,0.8641826923076923,0.9081766596269898,22179.03,32143.050000000007,2463.0,3060.0,59845.08
high_friction,0.226,821,0.006407654845154845,0.8757612667478685,0.8529062870699882,0.8641826923076923,0.9081766596269898,22179.03,32143.050000000007,2463.0,3060.0,59845.08
high_friction,0.227,821,0.006407654845154845,0.8757612667478685,0.8529062870699882,0.8641826923076923,0.9081766596269898,22179.03,32143.050000000007,2463.0,3060.0,59845.08
high_friction,0.228,821,0.006407654845154845,0.8757612667478685,0.8529062870699882,0.8641826923076923,0.9081766596269898,22179.03,32143.050000000007,2463.0,3060.0,59845.08
high_friction,0.229,821,0.006407654845154845,0.8757612667478685,0.8529062870699882,0.8641826923076923,0.9081766596269898,22179.03,32143.050000000007,2463.0,3060.0,59845.08
high_friction,0.23,821,0.006407654845154845,0.8757612667478685,0.8529062870699882,0.8641826923076923,0.9081766596269898,22179.03,32143.050000000007,2463.0,3060.0,59845.08
high_friction,0.231,821,0.006407654845154845,0.8757612667478685,0.8529062870699882,0.8641826923076923,0.9081766596269898,22179.03,32143.050000000007,2463.0,3060.0,59845.08
high_friction,0.232,821,0.006407654845154845,0.8757612667478685,0.8529062870699882,0.8641826923076923,0.9081766596269898,22179.03,32143.050000000007,2463.0,3060.0,59845.08
high_friction,0.233,821,0.006407654845154845,0.8757612667478685,0.8529062870699882,0.8641826923076923,0.9081766596269898,22179.03,32143.050000000007,2463.0,3060.0,59845.08
high_friction,0.234,821,0.006407654845154845,0.8757612667478685,0.8529062870699882,0.8641826923076923,0.9081766596269898,22179.03,32143.050000000007,2463.0,3060.0,59845.08
high_friction,0.23500000000000001,821,0.006407654845154845,0.8757612667478685,0.8529062870699882,0.8641826923076923,0.9081766596269898,22179.03,32143.050000000007,2463.0,3060.0,59845.08
high_friction,0.23600000000000002,821,0.006407654845154845,0.8757612667478685,0.8529062870699882,0.8641826923076923,0.9081766596269898,22179.03,32143.050000000007,2463.0,3060.0,59845.08
high_friction,0.23700000000000002,821,0.006407654845154845,0.8757612667478685,0.8529062870699882,0.8641826923076923,0.9081766596269898,22179.03,32143.050000000007,2463.0,3060.0,59845.08
high_friction,0.23800000000000002,821,0.006407654845154845,0.8757612667478685,0.8529062870699882,0.8641826923076923,0.9081766596269898,22179.03,32143.050000000007,2463.0,3060.0,59845.08
high_friction,0.23900000000000002,821,0.006407654845154845,0.8757612667478685,0.8529062870699882,0.8641826923076923,0.9081766596269898,22179.03,32143.050000000007,2463.0,3060.0,59845.08
high_friction,0.24000000000000002,821,0.006407654845154845,0.8757612667478685,0.8529062870699882,0.8641826923076923,0.9081766596269898,22179.03,32143.050000000007,2463.0,3060.0,59845.08
high_friction,0.241,821,0.006407654845154845,0.8757612667478685,0.8529062870699882,0.8641826923076923,0.9081766596269898,22179.03,32143.050000000007,2463.0,3060.0,59845.08
high_friction,0.242,821,0.006407654845154845,0.8757612667478685,0.8529062870699882,0.8641826923076923,0.9081766596269898,22179.03,32143.050000000007,2463.0,3060.0,59845.08
high_friction,0.243,821,0.006407654845154845,0.8757612667478685,0.8529062870699882,0.8641826923076923,0.9081766596269898,22179.03,32143.050000000007,2463.0,3060.0,59845.08
high_friction,0.244,821,0.006407654845154845,0.8757612667478685,0.8529062870699882,0.8641826923076923,0.9081766596269898,22179.03,32143.050000000007,2463.0,3060.0,59845.08
high_friction,0.245,821,0.006407654845154845,0.8757612667478685,0.8529062870699882,0.8641826923076923,0.9081766596269898,22179.03,32143.050000000007,2463.0,3060.0,59845.08
high_friction,0.246,821,0.006407654845154845,0.8757612667478685,0.8529062870699882,0.8641826923076923,0.9081766596269898,22179.03,32143.050000000007,2463.0,3060.0,59845.08
high_friction,0.247,821,0.006407654845154845,0.8757612667478685,0.8529062870699882,0.8641826923076923,0.9081766596269898,22179.03,32143.050000000007,2463.0,3060.0,59845.08
high_friction,0.248,821,0.006407654845154845,0.8757612667478685,0.8529062870699882,0.8641826923076923,0.9081766596269898,22179.03,32143.050000000007,2463.0,3060.0,59845.08
high_friction,0.249,821,0.006407654845154845,0.8757612667478685,0.8529062870699882,0.8641826923076923,0.9081766596269898,22179.03,32143.050000000007,2463.0,3060.0,59845.08
high_friction,0.25,821,0.006407654845154845,0.8757612667478685,0.8529062870699882,0.8641826923076923,0.9081766596269898,22179.03,32143.050000000007,2463.0,3060.0,59845.08
high_friction,0.251,821,0.006407654845154845,0.8757612667478685,0.8529062870699882,0.8641826923076923,0.9081766596269898,22179.03,32143.050000000007,2463.0,3060.0,59845.08
high_friction,0.252,821,0.006407654845154845,0.8757612667478685,0.8529062870699882,0.8641826923076923,0.9081766596269898,22179.03,32143.050000000007,2463.0,3060.0,59845.08
high_friction,0.253,821,0.006407654845154845,0.8757612667478685,0.8529062870699882,0.8641826923076923,0.9081766596269898,22179.03,32143.050000000007,2463.0,3060.0,59845.08
high_friction,0.254,821,0.006407654845154845,0.8757612667478685,0.8529062870699882,0.8641826923076923,0.9081766596269898,22179.03,32143.050000000007,2463.0,3060.0,59845.08
high_friction,0.255,821,0.006407654845154845,0.8757612667478685,0.8529062870699882,0.8641826923076923,0.9081766596269898,22179.03,32143.050000000007,2463.0,3060.0,59845.08
high_friction,0.256,821,0.006407654845154845,0.8757612667478685,0.8529062870699882,0.8641826923076923,0.9081766596269898,22179.03,32143.050000000007,2463.0,3060.0,59845.08
high_friction,0.257,821,0.006407654845154845,0.8757612667478685,0.8529062870699882,0.8641826923076923,0.9081766596269898,22179.03,32143.050000000007,2463.0,3060.0,59845.08
high_friction,0.258,821,0.006407654845154845,0.8757612667478685,0.8529062870699882,0.8641826923076923,0.9081766596269898,22179.03,32143.050000000007,2463.0,3060.0,59845.08
high_friction,0.259,821,0.006407654845154845,0.8757612667478685,0.8529062870699882,0.8641826923076923,0.9081766596269898,22179.03,32143.050000000007,2463.0,3060.0,59845.08
high_friction,0.26,821,0.006407654845154845,0.8757612667478685,0.8529062870699882,0.8641826923076923,0.9081766596269898,22179.03,32143.050000000007,2463.0,3060.0,59845.08
high_friction,0.261,821,0.006407654845154845,0.8757612667478685,0.8529062870699882,0.8641826923076923,0.9081766596269898,22179.03,32143.050000000007,2463.0,3060.0,59845.08
high_friction,0.262,821,0.006407654845154845,0.8757612667478685,0.8529062870699882,0.8641826923076923,0.9081766596269898,22179.03,32143.050000000007,2463.0,3060.0,59845.08
high_friction,0.263,821,0.006407654845154845,0.8757612667478685,0.8529062870699882,0.8641826923076923,0.9081766596269898,22179.03,32143.050000000007,2463.0,3060.0,59845.08
high_friction,0.264,821,0.006407654845154845,0.8757612667478685,0.8529062870699882,0.8641826923076923,0.9081766596269898,22179.03,32143.050000000007,2463.0,3060.0,59845.08
high_friction,0.265,821,0.006407654845154845,0.8757612667478685,0.8529062870699882,0.8641826923076923,0.9081766596269898,22179.03,32143.050000000007,2463.0,3060.0,59845.08
high_friction,0.266,821,0.006407654845154845,0.8757612667478685,0.8529062870699882,0.8641826923076923,0.9081766596269898,22179.03,32143.050000000007,2463.0,3060.0,59845.08
high_friction,0.267,821,0.006407654845154845,0.8757612667478685,0.8529062870699882,0.8641826923076923,0.9081766596269898,22179.03,32143.050000000007,2463.0,3060.0,59845.08
high_friction,0.268,821,0.006407654845154845,0.8757612667478685,0.8529062870699882,0.8641826923076923,0.9081766596269898,22179.03,32143.050000000007,2463.0,3060.0,59845.08
high_friction,0.269,821,0.006407654845154845,0.8757612667478685,0.8529062870699882,0.8641826923076923,0.9081766596269898,22179.03,32143.050000000007,2463.0,3060.0,59845.08
high_friction,0.27,821,0.006407654845154845,0.8757612667478685,0.8529062870699882,0.8641826923076923,0.9081766596269898,22179.03,32143.050000000007,2463.0,3060.0,59845.08
high_friction,0.271,821,0.006407654845154845,0.8757612667478685,0.8529062870699882,0.8641826923076923,0.9081766596269898,22179.03,32143.050000000007,2463.0,3060.0,59845.08
high_friction,0.272,821,0.006407654845154845,0.8757612667478685,0.8529062870699882,0.8641826923076923,0.9081766596269898,22179.03,32143.050000000007,2463.0,3060.0,59845.08
high_friction,0.273,821,0.006407654845154845,0.8757612667478685,0.8529062870699882,0.8641826923076923,0.9081766596269898,22179.03,32143.050000000007,2463.0,3060.0,59845.08
high_friction,0.274,821,0.006407654845154845,0.8757612667478685,0.8529062870699882,0.8641826923076923,0.9081766596269898,22179.03,32143.050000000007,2463.0,3060.0,59845.08
high_friction,0.275,752,0.005869130869130869,0.9228723404255319,0.8232502965599051,0.8702194357366771,0.8871219605077321,27230.259999999995,31385.365500000004,2256.0,1740.0,62611.625499999995
high_friction,0.276,752,0.005869130869130869,0.9228723404255319,0.8232502965599051,0.8702194357366771,0.8871219605077321,27230.259999999995,31385.365500000004,2256.0,1740.0,62611.625499999995
high_friction,0.277,752,0.005869130869130869,0.9228723404255319,0.8232502965599051,0.8702194357366771,0.8871219605077321,27230.259999999995,31385.365500000004,2256.0,1740.0,62611.625499999995
high_friction,0.278,752,0.005869130869130869,0.9228723404255319,0.8232502965599051,0.8702194357366771,0.8871219605077321,27230.259999999995,31385.365500000004,2256.0,1740.0,62611.625499999995
high_friction,0.279,752,0.005869130869130869,0.9228723404255319,0.8232502965599051,0.8702194357366771,0.8871219605077321,27230.259999999995,31385.365500000004,2256.0,1740.0,62611.625499999995
high_friction,0.28,752,0.005869130869130869,0.9228723404255319,0.8232502965599051,0.8702194357366771,0.8871219605077321,27230.259999999995,31385.365500000004,2256.0,1740.0,62611.625499999995
high_friction,0.281,752,0.005869130869130869,0.9228723404255319,0.8232502965599051,0.8702194357366771,0.8871219605077321,27230.259999999995,31385.365500000004,2256.0,1740.0,62611.625499999995
high_friction,0.28200000000000003,752,0.005869130869130869,0.9228723404255319,0.8232502965599051,0.8702194357366771,0.8871219605077321,27230.259999999995,31385.365500000004,2256.0,1740.0,62611.625499999995
high_friction,0.28300000000000003,752,0.005869130869130869,0.9228723404255319,0.8232502965599051,0.8702194357366771,0.8871219605077321,27230.259999999995,31385.365500000004,2256.0,1740.0,62611.625499999995
high_friction,0.28400000000000003,752,0.005869130869130869,0.9228723404255319,0.8232502965599051,0.8702194357366771,0.8871219605077321,27230.259999999995,31385.365500000004,2256.0,1740.0,62611.625499999995
high_friction,0.28500000000000003,752,0.005869130869130869,0.9228723404255319,0.8232502965599051,0.8702194357366771,0.8871219605077321,27230.259999999995,31385.365500000004,2256.0,1740.0,62611.625499999995
high_friction,0.28600000000000003,752,0.005869130869130869,0.9228723404255319,0.8232502965599051,0.8702194357366771,0.8871219605077321,27230.259999999995,31385.365500000004,2256.0,1740.0,62611.625499999995
high_friction,0.28700000000000003,752,0.005869130869130869,0.9228723404255319,0.8232502965599051,0.8702194357366771,0.8871219605077321,27230.259999999995,31385.365500000004,2256.0,1740.0,62611.625499999995
high_friction,0.28800000000000003,752,0.005869130869130869,0.9228723404255319,0.8232502965599051,0.8702194357366771,0.8871219605077321,27230.259999999995,31385.365500000004,2256.0,1740.0,62611.625499999995
high_friction,0.28900000000000003,752,0.005869130869130869,0.9228723404255319,0.8232502965599051,0.8702194357366771,0.8871219605077321,27230.259999999995,31385.365500000004,2256.0,1740.0,62611.625499999995
high_friction,0.29,752,0.005869130869130869,0.9228723404255319,0.8232502965599051,0.8702194357366771,0.8871219605077321,27230.259999999995,31385.365500000004,2256.0,1740.0,62611.625499999995
high_friction,0.291,752,0.005869130869130869,0.9228723404255319,0.8232502965599051,0.8702194357366771,0.8871219605077321,27230.259999999995,31385.365500000004,2256.0,1740.0,62611.625499999995
high_friction,0.292,752,0.005869130869130869,0.9228723404255319,0.8232502965599051,0.8702194357366771,0.8871219605077321,27230.259999999995,31385.365500000004,2256.0,1740.0,62611.625499999995
high_friction,0.293,752,0.005869130869130869,0.9228723404255319,0.8232502965599051,0.8702194357366771,0.8871219605077321,27230.259999999995,31385.365500000004,2256.0,1740.0,62611.625499999995
high_friction,0.294,752,0.005869130869130869,0.9228723404255319,0.8232502965599051,0.8702194357366771,0.8871219605077321,27230.259999999995,31385.365500000004,2256.0,1740.0,62611.625499999995
high_friction,0.295,752,0.005869130869130869,0.9228723404255319,0.8232502965599051,0.8702194357366771,0.8871219605077321,27230.259999999995,31385.365500000004,2256.0,1740.0,62611.625499999995
high_friction,0.296,752,0.005869130869130869,0.9228723404255319,0.8232502965599051,0.8702194357366771,0.8871219605077321,27230.259999999995,31385.365500000004,2256.0,1740.0,62611.625499999995
high_friction,0.297,752,0.005869130869130869,0.9228723404255319,0.8232502965599051,0.8702194357366771,0.8871219605077321,27230.259999999995,31385.365500000004,2256.0,1740.0,62611.625499999995
high_friction,0.298,752,0.005869130869130869,0.9228723404255319,0.8232502965599051,0.8702194357366771,0.8871219605077321,27230.259999999995,31385.365500000004,2256.0,1740.0,62611.625499999995
high_friction,0.299,752,0.005869130869130869,0.9228723404255319,0.8232502965599051,0.8702194357366771,0.8871219605077321,27230.259999999995,31385.365500000004,2256.0,1740.0,62611.625499999995
high_friction,0.3,752,0.005869130869130869,0.9228723404255319,0.8232502965599051,0.8702194357366771,0.8871219605077321,27230.259999999995,31385.365500000004,2256.0,1740.0,62611.625499999995
high_friction,0.301,752,0.005869130869130869,0.9228723404255319,0.8232502965599051,0.8702194357366771,0.8871219605077321,27230.259999999995,31385.365500000004,2256.0,1740.0,62611.625499999995
high_friction,0.302,751,0.005861326173826174,0.9241011984021305,0.8232502965599051,0.8707653701380176,0.8871219605077321,27230.259999999995,31385.365500000004,2253.0,1710.0,62578.625499999995
high_friction,0.303,751,0.005861326173826174,0.9241011984021305,0.8232502965599051,0.8707653701380176,0.8871219605077321,27230.259999999995,31385.365500000004,2253.0,1710.0,62578.625499999995
high_friction,0.304,751,0.005861326173826174,0.9241011984021305,0.8232502965599051,0.8707653701380176,0.8871219605077321,27230.259999999995,31385.365500000004,2253.0,1710.0,62578.625499999995
high_friction,0.305,751,0.005861326173826174,0.9241011984021305,0.8232502965599051,0.8707653701380176,0.8871219605077321,27230.259999999995,31385.365500000004,2253.0,1710.0,62578.625499999995
high_friction,0.306,751,0.005861326173826174,0.9241011984021305,0.8232502965599051,0.8707653701380176,0.8871219605077321,27230.259999999995,31385.365500000004,2253.0,1710.0,62578.625499999995
high_friction,0.307,751,0.005861326173826174,0.9241011984021305,0.8232502965599051,0.8707653701380176,0.8871219605077321,27230.259999999995,31385.365500000004,2253.0,1710.0,62578.625499999995
high_friction,0.308,751,0.005861326173826174,0.9241011984021305,0.8232502965599051,0.8707653701380176,0.8871219605077321,27230.259999999995,31385.365500000004,2253.0,1710.0,62578.625499999995
high_friction,0.309,751,0.005861326173826174,0.9241011984021305,0.8232502965599051,0.8707653701380176,0.8871219605077321,27230.259999999995,31385.365500000004,2253.0,1710.0,62578.625499999995
high_friction,0.31,751,0.005861326173826174,0.9241011984021305,0.8232502965599051,0.8707653701380176,0.8871219605077321,27230.259999999995,31385.365500000004,2253.0,1710.0,62578.625499999995
high_friction,0.311,751,0.005861326173826174,0.9241011984021305,0.8232502965599051,0.8707653701380176,0.8871219605077321,27230.259999999995,31385.365500000004,2253.0,1710.0,62578.625499999995
high_friction,0.312,751,0.005861326173826174,0.9241011984021305,0.8232502965599051,0.8707653701380176,0.8871219605077321,27230.259999999995,31385.365500000004,2253.0,1710.0,62578.625499999995
high_friction,0.313,751,0.005861326173826174,0.9241011984021305,0.8232502965599051,0.8707653701380176,0.8871219605077321,27230.259999999995,31385.365500000004,2253.0,1710.0,62578.625499999995
high_friction,0.314,751,0.005861326173826174,0.9241011984021305,0.8232502965599051,0.8707653701380176,0.8871219605077321,27230.259999999995,31385.365500000004,2253.0,1710.0,62578.625499999995
high_friction,0.315,751,0.005861326173826174,0.9241011984021305,0.8232502965599051,0.8707653701380176,0.8871219605077321,27230.259999999995,31385.365500000004,2253.0,1710.0,62578.625499999995
high_friction,0.316,743,0.005798888611388611,0.9300134589502019,0.8196915776986952,0.8713745271122321,0.8844311138024987,27873.870000000003,31288.824000000004,2229.0,1560.0,62951.694
high_friction,0.317,743,0.005798888611388611,0.9300134589502019,0.8196915776986952,0.8713745271122321,0.8844311138024987,27873.870000000003,31288.824000000004,2229.0,1560.0,62951.694
high_friction,0.318,743,0.005798888611388611,0.9300134589502019,0.8196915776986952,0.8713745271122321,0.8844311138024987,27873.870000000003,31288.824000000004,2229.0,1560.0,62951.694
high_friction,0.319,743,0.005798888611388611,0.9300134589502019,0.8196915776986952,0.8713745271122321,0.8844311138024987,27873.870000000003,31288.824000000004,2229.0,1560.0,62951.694
high_friction,0.32,743,0.005798888611388611,0.9300134589502019,0.8196915776986952,0.8713745271122321,0.8844311138024987,27873.870000000003,31288.824000000004,2229.0,1560.0,62951.694
high_friction,0.321,743,0.005798888611388611,0.9300134589502019,0.8196915776986952,0.8713745271122321,0.8844311138024987,27873.870000000003,31288.824000000004,2229.0,1560.0,62951.694
high_friction,0.322,743,0.005798888611388611,0.9300134589502019,0.8196915776986952,0.8713745271122321,0.8844311138024987,27873.870000000003,31288.824000000004,2229.0,1560.0,62951.694
high_friction,0.323,743,0.005798888611388611,0.9300134589502019,0.8196915776986952,0.8713745271122321,0.8844311138024987,27873.870000000003,31288.824000000004,2229.0,1560.0,62951.694
high_friction,0.324,743,0.005798888611388611,0.9300134589502019,0.8196915776986952,0.8713745271122321,0.8844311138024987,27873.870000000003,31288.824000000004,2229.0,1560.0,62951.694
high_friction,0.325,743,0.005798888611388611,0.9300134589502019,0.8196915776986952,0.8713745271122321,0.8844311138024987,27873.870000000003,31288.824000000004,2229.0,1560.0,62951.694
high_friction,0.326,743,0.005798888611388611,0.9300134589502019,0.8196915776986952,0.8713745271122321,0.8844311138024987,27873.870000000003,31288.824000000004,2229.0,1560.0,62951.694
high_friction,0.327,743,0.005798888611388611,0.9300134589502019,0.8196915776986952,0.8713745271122321,0.8844311138024987,27873.870000000003,31288.824000000004,2229.0,1560.0,62951.694
high_friction,0.328,743,0.005798888611388611,0.9300134589502019,0.8196915776986952,0.8713745271122321,0.8844311138024987,27873.870000000003,31288.824000000004,2229.0,1560.0,62951.694
high_friction,0.329,743,0.005798888611388611,0.9300134589502019,0.8196915776986952,0.8713745271122321,0.8844311138024987,27873.870000000003,31288.824000000004,2229.0,1560.0,62951.694
high_friction,0.33,743,0.005798888611388611,0.9300134589502019,0.8196915776986952,0.8713745271122321,0.8844311138024987,27873.870000000003,31288.824000000004,2229.0,1560.0,62951.694
high_friction,0.331,743,0.005798888611388611,0.9300134589502019,0.8196915776986952,0.8713745271122321,0.8844311138024987,27873.870000000003,31288.824000000004,2229.0,1560.0,62951.694
high_friction,0.332,743,0.005798888611388611,0.9300134589502019,0.8196915776986952,0.8713745271122321,0.8844311138024987,27873.870000000003,31288.824000000004,2229.0,1560.0,62951.694
high_friction,0.333,743,0.005798888611388611,0.9300134589502019,0.8196915776986952,0.8713745271122321,0.8844311138024987,27873.870000000003,31288.824000000004,2229.0,1560.0,62951.694
high_friction,0.334,740,0.005775474525474525,0.9310810810810811,0.8173190984578885,0.8704990524320909,0.8818497234844863,28482.519999999997,31197.526500000007,2220.0,1530.0,63430.046500000004
high_friction,0.335,740,0.005775474525474525,0.9310810810810811,0.8173190984578885,0.8704990524320909,0.8818497234844863,28482.519999999997,31197.526500000007,2220.0,1530.0,63430.046500000004
high_friction,0.336,740,0.005775474525474525,0.9310810810810811,0.8173190984578885,0.8704990524320909,0.8818497234844863,28482.519999999997,31197.526500000007,2220.0,1530.0,63430.046500000004
high_friction,0.337,740,0.005775474525474525,0.9310810810810811,0.8173190984578885,0.8704990524320909,0.8818497234844863,28482.519999999997,31197.526500000007,2220.0,1530.0,63430.046500000004
high_friction,0.338,740,0.005775474525474525,0.9310810810810811,0.8173190984578885,0.8704990524320909,0.8818497234844863,28482.519999999997,31197.526500000007,2220.0,1530.0,63430.046500000004
high_friction,0.339,740,0.005775474525474525,0.9310810810810811,0.8173190984578885,0.8704990524320909,0.8818497234844863,28482.519999999997,31197.526500000007,2220.0,1530.0,63430.046500000004
high_friction,0.34,740,0.005775474525474525,0.9310810810810811,0.8173190984578885,0.8704990524320909,0.8818497234844863,28482.519999999997,31197.526500000007,2220.0,1530.0,63430.046500000004
high_friction,0.341,740,0.005775474525474525,0.9310810810810811,0.8173190984578885,0.8704990524320909,0.8818497234844863,28482.519999999997,31197.526500000007,2220.0,1530.0,63430.046500000004
high_friction,0.342,740,0.005775474525474525,0.9310810810810811,0.8173190984578885,0.8704990524320909,0.8818497234844863,28482.519999999997,31197.526500000007,2220.0,1530.0,63430.046500000004
high_friction,0.343,740,0.005775474525474525,0.9310810810810811,0.8173190984578885,0.8704990524320909,0.8818497234844863,28482.519999999997,31197.526500000007,2220.0,1530.0,63430.046500000004
high_friction,0.34400000000000003,740,0.005775474525474525,0.9310810810810811,0.8173190984578885,0.8704990524320909,0.8818497234844863,28482.519999999997,31197.526500000007,2220.0,1530.0,63430.046500000004
high_friction,0.34500000000000003,740,0.005775474525474525,0.9310810810810811,0.8173190984578885,0.8704990524320909,0.8818497234844863,28482.519999999997,31197.526500000007,2220.0,1530.0,63430.046500000004
high_friction,0.34600000000000003,740,0.005775474525474525,0.9310810810810811,0.8173190984578885,0.8704990524320909,0.8818497234844863,28482.519999999997,31197.526500000007,2220.0,1530.0,63430.046500000004
high_friction,0.34700000000000003,740,0.005775474525474525,0.9310810810810811,0.8173190984578885,0.8704990524320909,0.8818497234844863,28482.519999999997,31197.526500000007,2220.0,1530.0,63430.046500000004
high_friction,0.34800000000000003,740,0.005775474525474525,0.9310810810810811,0.8173190984578885,0.8704990524320909,0.8818497234844863,28482.519999999997,31197.526500000007,2220.0,1530.0,63430.046500000004
high_friction,0.34900000000000003,740,0.005775474525474525,0.9310810810810811,0.8173190984578885,0.8704990524320909,0.8818497234844863,28482.519999999997,31197.526500000007,2220.0,1530.0,63430.046500000004
high_friction,0.35000000000000003,740,0.005775474525474525,0.9310810810810811,0.8173190984578885,0.8704990524320909,0.8818497234844863,28482.519999999997,31197.526500000007,2220.0,1530.0,63430.046500000004
high_friction,0.35100000000000003,740,0.005775474525474525,0.9310810810810811,0.8173190984578885,0.8704990524320909,0.8818497234844863,28482.519999999997,31197.526500000007,2220.0,1530.0,63430.046500000004
high_friction,0.35200000000000004,740,0.005775474525474525,0.9310810810810811,0.8173190984578885,0.8704990524320909,0.8818497234844863,28482.519999999997,31197.526500000007,2220.0,1530.0,63430.046500000004
high_friction,0.353,740,0.005775474525474525,0.9310810810810811,0.8173190984578885,0.8704990524320909,0.8818497234844863,28482.519999999997,31197.526500000007,2220.0,1530.0,63430.046500000004
high_friction,0.354,740,0.005775474525474525,0.9310810810810811,0.8173190984578885,0.8704990524320909,0.8818497234844863,28482.519999999997,31197.526500000007,2220.0,1530.0,63430.046500000004
high_friction,0.355,740,0.005775474525474525,0.9310810810810811,0.8173190984578885,0.8704990524320909,0.8818497234844863,28482.519999999997,31197.526500000007,2220.0,1530.0,63430.046500000004
high_friction,0.356,740,0.005775474525474525,0.9310810810810811,0.8173190984578885,0.8704990524320909,0.8818497234844863,28482.519999999997,31197.526500000007,2220.0,1530.0,63430.046500000004
high_friction,0.357,740,0.005775474525474525,0.9310810810810811,0.8173190984578885,0.8704990524320909,0.8818497234844863,28482.519999999997,31197.526500000007,2220.0,1530.0,63430.046500000004
high_friction,0.358,740,0.005775474525474525,0.9310810810810811,0.8173190984578885,0.8704990524320909,0.8818497234844863,28482.519999999997,31197.526500000007,2220.0,1530.0,63430.046500000004
high_friction,0.359,740,0.005775474525474525,0.9310810810810811,0.8173190984578885,0.8704990524320909,0.8818497234844863,28482.519999999997,31197.526500000007,2220.0,1530.0,63430.046500000004
high_friction,0.36,740,0.005775474525474525,0.9310810810810811,0.8173190984578885,0.8704990524320909,0.8818497234844863,28482.519999999997,31197.526500000007,2220.0,1530.0,63430.046500000004
high_friction,0.361,740,0.005775474525474525,0.9310810810810811,0.8173190984578885,0.8704990524320909,0.8818497234844863,28482.519999999997,31197.526500000007,2220.0,1530.0,63430.046500000004
high_friction,0.362,740,0.005775474525474525,0.9310810810810811,0.8173190984578885,0.8704990524320909,0.8818497234844863,28482.519999999997,31197.526500000007,2220.0,1530.0,63430.046500000004
high_friction,0.363,740,0.005775474525474525,0.9310810810810811,0.8173190984578885,0.8704990524320909,0.8818497234844863,28482.519999999997,31197.526500000007,2220.0,1530.0,63430.046500000004
high_friction,0.364,740,0.005775474525474525,0.9310810810810811,0.8173190984578885,0.8704990524320909,0.8818497234844863,28482.519999999997,31197.526500000007,2220.0,1530.0,63430.046500000004
high_friction,0.365,740,0.005775474525474525,0.9310810810810811,0.8173190984578885,0.8704990524320909,0.8818497234844863,28482.519999999997,31197.526500000007,2220.0,1530.0,63430.046500000004
high_friction,0.366,740,0.005775474525474525,0.9310810810810811,0.8173190984578885,0.8704990524320909,0.8818497234844863,28482.519999999997,31197.526500000007,2220.0,1530.0,63430.046500000004
high_friction,0.367,740,0.005775474525474525,0.9310810810810811,0.8173190984578885,0.8704990524320909,0.8818497234844863,28482.519999999997,31197.526500000007,2220.0,1530.0,63430.046500000004
high_friction,0.368,740,0.005775474525474525,0.9310810810810811,0.8173190984578885,0.8704990524320909,0.8818497234844863,28482.519999999997,31197.526500000007,2220.0,1530.0,63430.046500000004
high_friction,0.369,740,0.005775474525474525,0.9310810810810811,0.8173190984578885,0.8704990524320909,0.8818497234844863,28482.519999999997,31197.526500000007,2220.0,1530.0,63430.046500000004
high_friction,0.37,740,0.005775474525474525,0.9310810810810811,0.8173190984578885,0.8704990524320909,0.8818497234844863,28482.519999999997,31197.526500000007,2220.0,1530.0,63430.046500000004
high_friction,0.371,740,0.005775474525474525,0.9310810810810811,0.8173190984578885,0.8704990524320909,0.8818497234844863,28482.519999999997,31197.526500000007,2220.0,1530.0,63430.046500000004
high_friction,0.372,740,0.005775474525474525,0.9310810810810811,0.8173190984578885,0.8704990524320909,0.8818497234844863,28482.519999999997,31197.526500000007,2220.0,1530.0,63430.046500000004
high_friction,0.373,740,0.005775474525474525,0.9310810810810811,0.8173190984578885,0.8704990524320909,0.8818497234844863,28482.519999999997,31197.526500000007,2220.0,1530.0,63430.046500000004
high_friction,0.374,740,0.005775474525474525,0.9310810810810811,0.8173190984578885,0.8704990524320909,0.8818497234844863,28482.519999999997,31197.526500000007,2220.0,1530.0,63430.046500000004
high_friction,0.375,740,0.005775474525474525,0.9310810810810811,0.8173190984578885,0.8704990524320909,0.8818497234844863,28482.519999999997,31197.526500000007,2220.0,1530.0,63430.046500000004
high_friction,0.376,740,0.005775474525474525,0.9310810810810811,0.8173190984578885,0.8704990524320909,0.8818497234844863,28482.519999999997,31197.526500000007,2220.0,1530.0,63430.046500000004
high_friction,0.377,740,0.005775474525474525,0.9310810810810811,0.8173190984578885,0.8704990524320909,0.8818497234844863,28482.519999999997,31197.526500000007,2220.0,1530.0,63430.046500000004
high_friction,0.378,740,0.005775474525474525,0.9310810810810811,0.8173190984578885,0.8704990524320909,0.8818497234844863,28482.519999999997,31197.526500000007,2220.0,1530.0,63430.046500000004
high_friction,0.379,740,0.005775474525474525,0.9310810810810811,0.8173190984578885,0.8704990524320909,0.8818497234844863,28482.519999999997,31197.526500000007,2220.0,1530.0,63430.046500000004
high_friction,0.38,740,0.005775474525474525,0.9310810810810811,0.8173190984578885,0.8704990524320909,0.8818497234844863,28482.519999999997,31197.526500000007,2220.0,1530.0,63430.046500000004
high_friction,0.381,740,0.005775474525474525,0.9310810810810811,0.8173190984578885,0.8704990524320909,0.8818497234844863,28482.519999999997,31197.526500000007,2220.0,1530.0,63430.046500000004
high_friction,0.382,740,0.005775474525474525,0.9310810810810811,0.8173190984578885,0.8704990524320909,0.8818497234844863,28482.519999999997,31197.526500000007,2220.0,1530.0,63430.046500000004
high_friction,0.383,740,0.005775474525474525,0.9310810810810811,0.8173190984578885,0.8704990524320909,0.8818497234844863,28482.519999999997,31197.526500000007,2220.0,1530.0,63430.046500000004
high_friction,0.384,740,0.005775474525474525,0.9310810810810811,0.8173190984578885,0.8704990524320909,0.8818497234844863,28482.519999999997,31197.526500000007,2220.0,1530.0,63430.046500000004
high_friction,0.385,740,0.005775474525474525,0.9310810810810811,0.8173190984578885,0.8704990524320909,0.8818497234844863,28482.519999999997,31197.526500000007,2220.0,1530.0,63430.046500000004
high_friction,0.386,740,0.005775474525474525,0.9310810810810811,0.8173190984578885,0.8704990524320909,0.8818497234844863,28482.519999999997,31197.526500000007,2220.0,1530.0,63430.046500000004
high_friction,0.387,740,0.005775474525474525,0.9310810810810811,0.8173190984578885,0.8704990524320909,0.8818497234844863,28482.519999999997,31197.526500000007,2220.0,1530.0,63430.046500000004
high_friction,0.388,740,0.005775474525474525,0.9310810810810811,0.8173190984578885,0.8704990524320909,0.8818497234844863,28482.519999999997,31197.526500000007,2220.0,1530.0,63430.046500000004
high_friction,0.389,740,0.005775474525474525,0.9310810810810811,0.8173190984578885,0.8704990524320909,0.8818497234844863,28482.519999999997,31197.526500000007,2220.0,1530.0,63430.046500000004
high_friction,0.39,740,0.005775474525474525,0.9310810810810811,0.8173190984578885,0.8704990524320909,0.8818497234844863,28482.519999999997,31197.526500000007,2220.0,1530.0,63430.046500000004
high_friction,0.391,740,0.005775474525474525,0.9310810810810811,0.8173190984578885,0.8704990524320909,0.8818497234844863,28482.519999999997,31197.526500000007,2220.0,1530.0,63430.046500000004
high_friction,0.392,740,0.005775474525474525,0.9310810810810811,0.8173190984578885,0.8704990524320909,0.8818497234844863,28482.519999999997,31197.526500000007,2220.0,1530.0,63430.046500000004
high_friction,0.393,740,0.005775474525474525,0.9310810810810811,0.8173190984578885,0.8704990524320909,0.8818497234844863,28482.519999999997,31197.526500000007,2220.0,1530.0,63430.046500000004
high_friction,0.394,740,0.005775474525474525,0.9310810810810811,0.8173190984578885,0.8704990524320909,0.8818497234844863,28482.519999999997,31197.526500000007,2220.0,1530.0,63430.046500000004
high_friction,0.395,740,0.005775474525474525,0.9310810810810811,0.8173190984578885,0.8704990524320909,0.8818497234844863,28482.519999999997,31197.526500000007,2220.0,1530.0,63430.046500000004
high_friction,0.396,740,0.005775474525474525,0.9310810810810811,0.8173190984578885,0.8704990524320909,0.8818497234844863,28482.519999999997,31197.526500000007,2220.0,1530.0,63430.046500000004
high_friction,0.397,740,0.005775474525474525,0.9310810810810811,0.8173190984578885,0.8704990524320909,0.8818497234844863,28482.519999999997,31197.526500000007,2220.0,1530.0,63430.046500000004
high_friction,0.398,740,0.005775474525474525,0.9310810810810811,0.8173190984578885,0.8704990524320909,0.8818497234844863,28482.519999999997,31197.526500000007,2220.0,1530.0,63430.046500000004
high_friction,0.399,740,0.005775474525474525,0.9310810810810811,0.8173190984578885,0.8704990524320909,0.8818497234844863,28482.519999999997,31197.526500000007,2220.0,1530.0,63430.046500000004
high_friction,0.4,740,0.005775474525474525,0.9310810810810811,0.8173190984578885,0.8704990524320909,0.8818497234844863,28482.519999999997,31197.526500000007,2220.0,1530.0,63430.046500000004
high_friction,0.401,740,0.005775474525474525,0.9310810810810811,0.8173190984578885,0.8704990524320909,0.8818497234844863,28482.519999999997,31197.526500000007,2220.0,1530.0,63430.046500000004
high_friction,0.402,740,0.005775474525474525,0.9310810810810811,0.8173190984578885,0.8704990524320909,0.8818497234844863,28482.519999999997,31197.526500000007,2220.0,1530.0,63430.046500000004
high_friction,0.403,740,0.005775474525474525,0.9310810810810811,0.8173190984578885,0.8704990524320909,0.8818497234844863,28482.519999999997,31197.526500000007,2220.0,1530.0,63430.046500000004
high_friction,0.404,740,0.005775474525474525,0.9310810810810811,0.8173190984578885,0.8704990524320909,0.8818497234844863,28482.519999999997,31197.526500000007,2220.0,1530.0,63430.046500000004
high_friction,0.405,740,0.005775474525474525,0.9310810810810811,0.8173190984578885,0.8704990524320909,0.8818497234844863,28482.519999999997,31197.526500000007,2220.0,1530.0,63430.046500000004
high_friction,0.406,740,0.005775474525474525,0.9310810810810811,0.8173190984578885,0.8704990524320909,0.8818497234844863,28482.519999999997,31197.526500000007,2220.0,1530.0,63430.046500000004
high_friction,0.40700000000000003,740,0.005775474525474525,0.9310810810810811,0.8173190984578885,0.8704990524320909,0.8818497234844863,28482.519999999997,31197.526500000007,2220.0,1530.0,63430.046500000004
high_friction,0.40800000000000003,740,0.005775474525474525,0.9310810810810811,0.8173190984578885,0.8704990524320909,0.8818497234844863,28482.519999999997,31197.526500000007,2220.0,1530.0,63430.046500000004
high_friction,0.40900000000000003,740,0.005775474525474525,0.9310810810810811,0.8173190984578885,0.8704990524320909,0.8818497234844863,28482.519999999997,31197.526500000007,2220.0,1530.0,63430.046500000004
high_friction,0.41000000000000003,740,0.005775474525474525,0.9310810810810811,0.8173190984578885,0.8704990524320909,0.8818497234844863,28482.519999999997,31197.526500000007,2220.0,1530.0,63430.046500000004
high_friction,0.41100000000000003,740,0.005775474525474525,0.9310810810810811,0.8173190984578885,0.8704990524320909,0.8818497234844863,28482.519999999997,31197.526500000007,2220.0,1530.0,63430.046500000004
high_friction,0.41200000000000003,740,0.005775474525474525,0.9310810810810811,0.8173190984578885,0.8704990524320909,0.8818497234844863,28482.519999999997,31197.526500000007,2220.0,1530.0,63430.046500000004
high_friction,0.41300000000000003,740,0.005775474525474525,0.9310810810810811,0.8173190984578885,0.8704990524320909,0.8818497234844863,28482.519999999997,31197.526500000007,2220.0,1530.0,63430.046500000004
high_friction,0.41400000000000003,740,0.005775474525474525,0.9310810810810811,0.8173190984578885,0.8704990524320909,0.8818497234844863,28482.519999999997,31197.526500000007,2220.0,1530.0,63430.046500000004
high_friction,0.41500000000000004,740,0.005775474525474525,0.9310810810810811,0.8173190984578885,0.8704990524320909,0.8818497234844863,28482.519999999997,31197.526500000007,2220.0,1530.0,63430.046500000004
high_friction,0.41600000000000004,740,0.005775474525474525,0.9310810810810811,0.8173190984578885,0.8704990524320909,0.8818497234844863,28482.519999999997,31197.526500000007,2220.0,1530.0,63430.046500000004
high_friction,0.41700000000000004,740,0.005775474525474525,0.9310810810810811,0.8173190984578885,0.8704990524320909,0.8818497234844863,28482.519999999997,31197.526500000007,2220.0,1530.0,63430.046500000004
high_friction,0.418,740,0.005775474525474525,0.9310810810810811,0.8173190984578885,0.8704990524320909,0.8818497234844863,28482.519999999997,31197.526500000007,2220.0,1530.0,63430.046500000004
high_friction,0.419,740,0.005775474525474525,0.9310810810810811,0.8173190984578885,0.8704990524320909,0.8818497234844863,28482.519999999997,31197.526500000007,2220.0,1530.0,63430.046500000004
high_friction,0.42,740,0.005775474525474525,0.9310810810810811,0.8173190984578885,0.8704990524320909,0.8818497234844863,28482.519999999997,31197.526500000007,2220.0,1530.0,63430.046500000004
high_friction,0.421,740,0.005775474525474525,0.9310810810810811,0.8173190984578885,0.8704990524320909,0.8818497234844863,28482.519999999997,31197.526500000007,2220.0,1530.0,63430.046500000004
high_friction,0.422,740,0.005775474525474525,0.9310810810810811,0.8173190984578885,0.8704990524320909,0.8818497234844863,28482.519999999997,31197.526500000007,2220.0,1530.0,63430.046500000004
high_friction,0.423,740,0.005775474525474525,0.9310810810810811,0.8173190984578885,0.8704990524320909,0.8818497234844863,28482.519999999997,31197.526500000007,2220.0,1530.0,63430.046500000004
high_friction,0.424,740,0.005775474525474525,0.9310810810810811,0.8173190984578885,0.8704990524320909,0.8818497234844863,28482.519999999997,31197.526500000007,2220.0,1530.0,63430.046500000004
high_friction,0.425,740,0.005775474525474525,0.9310810810810811,0.8173190984578885,0.8704990524320909,0.8818497234844863,28482.519999999997,31197.526500000007,2220.0,1530.0,63430.046500000004
high_friction,0.426,740,0.005775474525474525,0.9310810810810811,0.8173190984578885,0.8704990524320909,0.8818497234844863,28482.519999999997,31197.526500000007,2220.0,1530.0,63430.046500000004
high_friction,0.427,740,0.005775474525474525,0.9310810810810811,0.8173190984578885,0.8704990524320909,0.8818497234844863,28482.519999999997,31197.526500000007,2220.0,1530.0,63430.046500000004
high_friction,0.428,740,0.005775474525474525,0.9310810810810811,0.8173190984578885,0.8704990524320909,0.8818497234844863,28482.519999999997,31197.526500000007,2220.0,1530.0,63430.046500000004
high_friction,0.429,740,0.005775474525474525,0.9310810810810811,0.8173190984578885,0.8704990524320909,0.8818497234844863,28482.519999999997,31197.526500000007,2220.0,1530.0,63430.046500000004
high_friction,0.43,740,0.005775474525474525,0.9310810810810811,0.8173190984578885,0.8704990524320909,0.8818497234844863,28482.519999999997,31197.526500000007,2220.0,1530.0,63430.046500000004
high_friction,0.431,740,0.005775474525474525,0.9310810810810811,0.8173190984578885,0.8704990524320909,0.8818497234844863,28482.519999999997,31197.526500000007,2220.0,1530.0,63430.046500000004
high_friction,0.432,740,0.005775474525474525,0.9310810810810811,0.8173190984578885,0.8704990524320909,0.8818497234844863,28482.519999999997,31197.526500000007,2220.0,1530.0,63430.046500000004
high_friction,0.433,740,0.005775474525474525,0.9310810810810811,0.8173190984578885,0.8704990524320909,0.8818497234844863,28482.519999999997,31197.526500000007,2220.0,1530.0,63430.046500000004
high_friction,0.434,740,0.005775474525474525,0.9310810810810811,0.8173190984578885,0.8704990524320909,0.8818497234844863,28482.519999999997,31197.526500000007,2220.0,1530.0,63430.046500000004
high_friction,0.435,740,0.005775474525474525,0.9310810810810811,0.8173190984578885,0.8704990524320909,0.8818497234844863,28482.519999999997,31197.526500000007,2220.0,1530.0,63430.046500000004
high_friction,0.436,740,0.005775474525474525,0.9310810810810811,0.8173190984578885,0.8704990524320909,0.8818497234844863,28482.519999999997,31197.526500000007,2220.0,1530.0,63430.046500000004
high_friction,0.437,740,0.005775474525474525,0.9310810810810811,0.8173190984578885,0.8704990524320909,0.8818497234844863,28482.519999999997,31197.526500000007,2220.0,1530.0,63430.046500000004
high_friction,0.438,740,0.005775474525474525,0.9310810810810811,0.8173190984578885,0.8704990524320909,0.8818497234844863,28482.519999999997,31197.526500000007,2220.0,1530.0,63430.046500000004
high_friction,0.439,740,0.005775474525474525,0.9310810810810811,0.8173190984578885,0.8704990524320909,0.8818497234844863,28482.519999999997,31197.526500000007,2220.0,1530.0,63430.046500000004
high_friction,0.44,740,0.005775474525474525,0.9310810810810811,0.8173190984578885,0.8704990524320909,0.8818497234844863,28482.519999999997,31197.526500000007,2220.0,1530.0,63430.046500000004
high_friction,0.441,740,0.005775474525474525,0.9310810810810811,0.8173190984578885,0.8704990524320909,0.8818497234844863,28482.519999999997,31197.526500000007,2220.0,1530.0,63430.046500000004
high_friction,0.442,740,0.005775474525474525,0.9310810810810811,0.8173190984578885,0.8704990524320909,0.8818497234844863,28482.519999999997,31197.526500000007,2220.0,1530.0,63430.046500000004
high_friction,0.443,740,0.005775474525474525,0.9310810810810811,0.8173190984578885,0.8704990524320909,0.8818497234844863,28482.519999999997,31197.526500000007,2220.0,1530.0,63430.046500000004
high_friction,0.444,740,0.005775474525474525,0.9310810810810811,0.8173190984578885,0.8704990524320909,0.8818497234844863,28482.519999999997,31197.526500000007,2220.0,1530.0,63430.046500000004
high_friction,0.445,740,0.005775474525474525,0.9310810810810811,0.8173190984578885,0.8704990524320909,0.8818497234844863,28482.519999999997,31197.526500000007,2220.0,1530.0,63430.046500000004
high_friction,0.446,740,0.005775474525474525,0.9310810810810811,0.8173190984578885,0.8704990524320909,0.8818497234844863,28482.519999999997,31197.526500000007,2220.0,1530.0,63430.046500000004
high_friction,0.447,740,0.005775474525474525,0.9310810810810811,0.8173190984578885,0.8704990524320909,0.8818497234844863,28482.519999999997,31197.526500000007,2220.0,1530.0,63430.046500000004
high_friction,0.448,740,0.005775474525474525,0.9310810810810811,0.8173190984578885,0.8704990524320909,0.8818497234844863,28482.519999999997,31197.526500000007,2220.0,1530.0,63430.046500000004
high_friction,0.449,740,0.005775474525474525,0.9310810810810811,0.8173190984578885,0.8704990524320909,0.8818497234844863,28482.519999999997,31197.526500000007,2220.0,1530.0,63430.046500000004
high_friction,0.45,740,0.005775474525474525,0.9310810810810811,0.8173190984578885,0.8704990524320909,0.8818497234844863,28482.519999999997,31197.526500000007,2220.0,1530.0,63430.046500000004
high_friction,0.451,740,0.005775474525474525,0.9310810810810811,0.8173190984578885,0.8704990524320909,0.8818497234844863,28482.519999999997,31197.526500000007,2220.0,1530.0,63430.046500000004
high_friction,0.452,740,0.005775474525474525,0.9310810810810811,0.8173190984578885,0.8704990524320909,0.8818497234844863,28482.519999999997,31197.526500000007,2220.0,1530.0,63430.046500000004
high_friction,0.453,740,0.005775474525474525,0.9310810810810811,0.8173190984578885,0.8704990524320909,0.8818497234844863,28482.519999999997,31197.526500000007,2220.0,1530.0,63430.046500000004
high_friction,0.454,740,0.005775474525474525,0.9310810810810811,0.8173190984578885,0.8704990524320909,0.8818497234844863,28482.519999999997,31197.526500000007,2220.0,1530.0,63430.046500000004
high_friction,0.455,740,0.005775474525474525,0.9310810810810811,0.8173190984578885,0.8704990524320909,0.8818497234844863,28482.519999999997,31197.526500000007,2220.0,1530.0,63430.046500000004
high_friction,0.456,740,0.005775474525474525,0.9310810810810811,0.8173190984578885,0.8704990524320909,0.8818497234844863,28482.519999999997,31197.526500000007,2220.0,1530.0,63430.046500000004
high_friction,0.457,740,0.005775474525474525,0.9310810810810811,0.8173190984578885,0.8704990524320909,0.8818497234844863,28482.519999999997,31197.526500000007,2220.0,1530.0,63430.046500000004
high_friction,0.458,740,0.005775474525474525,0.9310810810810811,0.8173190984578885,0.8704990524320909,0.8818497234844863,28482.519999999997,31197.526500000007,2220.0,1530.0,63430.046500000004
high_friction,0.459,740,0.005775474525474525,0.9310810810810811,0.8173190984578885,0.8704990524320909,0.8818497234844863,28482.519999999997,31197.526500000007,2220.0,1530.0,63430.046500000004
high_friction,0.46,740,0.005775474525474525,0.9310810810810811,0.8173190984578885,0.8704990524320909,0.8818497234844863,28482.519999999997,31197.526500000007,2220.0,1530.0,63430.046500000004
high_friction,0.461,740,0.005775474525474525,0.9310810810810811,0.8173190984578885,0.8704990524320909,0.8818497234844863,28482.519999999997,31197.526500000007,2220.0,1530.0,63430.046500000004
high_friction,0.462,740,0.005775474525474525,0.9310810810810811,0.8173190984578885,0.8704990524320909,0.8818497234844863,28482.519999999997,31197.526500000007,2220.0,1530.0,63430.046500000004
high_friction,0.463,740,0.005775474525474525,0.9310810810810811,0.8173190984578885,0.8704990524320909,0.8818497234844863,28482.519999999997,31197.526500000007,2220.0,1530.0,63430.046500000004
high_friction,0.464,740,0.005775474525474525,0.9310810810810811,0.8173190984578885,0.8704990524320909,0.8818497234844863,28482.519999999997,31197.526500000007,2220.0,1530.0,63430.046500000004
high_friction,0.465,740,0.005775474525474525,0.9310810810810811,0.8173190984578885,0.8704990524320909,0.8818497234844863,28482.519999999997,31197.526500000007,2220.0,1530.0,63430.046500000004
high_friction,0.466,740,0.005775474525474525,0.9310810810810811,0.8173190984578885,0.8704990524320909,0.8818497234844863,28482.519999999997,31197.526500000007,2220.0,1530.0,63430.046500000004
high_friction,0.467,740,0.005775474525474525,0.9310810810810811,0.8173190984578885,0.8704990524320909,0.8818497234844863,28482.519999999997,31197.526500000007,2220.0,1530.0,63430.046500000004
high_friction,0.468,740,0.005775474525474525,0.9310810810810811,0.8173190984578885,0.8704990524320909,0.8818497234844863,28482.519999999997,31197.526500000007,2220.0,1530.0,63430.046500000004
high_friction,0.46900000000000003,740,0.005775474525474525,0.9310810810810811,0.8173190984578885,0.8704990524320909,0.8818497234844863,28482.519999999997,31197.526500000007,2220.0,1530.0,63430.046500000004
high_friction,0.47000000000000003,740,0.005775474525474525,0.9310810810810811,0.8173190984578885,0.8704990524320909,0.8818497234844863,28482.519999999997,31197.526500000007,2220.0,1530.0,63430.046500000004
high_friction,0.47100000000000003,740,0.005775474525474525,0.9310810810810811,0.8173190984578885,0.8704990524320909,0.8818497234844863,28482.519999999997,31197.526500000007,2220.0,1530.0,63430.046500000004
high_friction,0.47200000000000003,740,0.005775474525474525,0.9310810810810811,0.8173190984578885,0.8704990524320909,0.8818497234844863,28482.519999999997,31197.526500000007,2220.0,1530.0,63430.046500000004
high_friction,0.47300000000000003,740,0.005775474525474525,0.9310810810810811,0.8173190984578885,0.8704990524320909,0.8818497234844863,28482.519999999997,31197.526500000007,2220.0,1530.0,63430.046500000004
high_friction,0.47400000000000003,740,0.005775474525474525,0.9310810810810811,0.8173190984578885,0.8704990524320909,0.8818497234844863,28482.519999999997,31197.526500000007,2220.0,1530.0,63430.046500000004
high_friction,0.47500000000000003,740,0.005775474525474525,0.9310810810810811,0.8173190984578885,0.8704990524320909,0.8818497234844863,28482.519999999997,31197.526500000007,2220.0,1530.0,63430.046500000004
high_friction,0.47600000000000003,740,0.005775474525474525,0.9310810810810811,0.8173190984578885,0.8704990524320909,0.8818497234844863,28482.519999999997,31197.526500000007,2220.0,1530.0,63430.046500000004
high_friction,0.47700000000000004,740,0.005775474525474525,0.9310810810810811,0.8173190984578885,0.8704990524320909,0.8818497234844863,28482.519999999997,31197.526500000007,2220.0,1530.0,63430.046500000004
high_friction,0.47800000000000004,740,0.005775474525474525,0.9310810810810811,0.8173190984578885,0.8704990524320909,0.8818497234844863,28482.519999999997,31197.526500000007,2220.0,1530.0,63430.046500000004
high_friction,0.47900000000000004,740,0.005775474525474525,0.9310810810810811,0.8173190984578885,0.8704990524320909,0.8818497234844863,28482.519999999997,31197.526500000007,2220.0,1530.0,63430.046500000004
high_friction,0.48000000000000004,740,0.005775474525474525,0.9310810810810811,0.8173190984578885,0.8704990524320909,0.8818497234844863,28482.519999999997,31197.526500000007,2220.0,1530.0,63430.046500000004
high_friction,0.481,740,0.005775474525474525,0.9310810810810811,0.8173190984578885,0.8704990524320909,0.8818497234844863,28482.519999999997,31197.526500000007,2220.0,1530.0,63430.046500000004
high_friction,0.482,740,0.005775474525474525,0.9310810810810811,0.8173190984578885,0.8704990524320909,0.8818497234844863,28482.519999999997,31197.526500000007,2220.0,1530.0,63430.046500000004
high_friction,0.483,740,0.005775474525474525,0.9310810810810811,0.8173190984578885,0.8704990524320909,0.8818497234844863,28482.519999999997,31197.526500000007,2220.0,1530.0,63430.046500000004
high_friction,0.484,740,0.005775474525474525,0.9310810810810811,0.8173190984578885,0.8704990524320909,0.8818497234844863,28482.519999999997,31197.526500000007,2220.0,1530.0,63430.046500000004
high_friction,0.485,740,0.005775474525474525,0.9310810810810811,0.8173190984578885,0.8704990524320909,0.8818497234844863,28482.519999999997,31197.526500000007,2220.0,1530.0,63430.046500000004
high_friction,0.486,740,0.005775474525474525,0.9310810810810811,0.8173190984578885,0.8704990524320909,0.8818497234844863,28482.519999999997,31197.526500000007,2220.0,1530.0,63430.046500000004
high_friction,0.487,740,0.005775474525474525,0.9310810810810811,0.8173190984578885,0.8704990524320909,0.8818497234844863,28482.519999999997,31197.526500000007,2220.0,1530.0,63430.046500000004
high_friction,0.488,740,0.005775474525474525,0.9310810810810811,0.8173190984578885,0.8704990524320909,0.8818497234844863,28482.519999999997,31197.526500000007,2220.0,1530.0,63430.046500000004
high_friction,0.489,740,0.005775474525474525,0.9310810810810811,0.8173190984578885,0.8704990524320909,0.8818497234844863,28482.519999999997,31197.526500000007,2220.0,1530.0,63430.046500000004
high_friction,0.49,740,0.005775474525474525,0.9310810810810811,0.8173190984578885,0.8704990524320909,0.8818497234844863,28482.519999999997,31197.526500000007,2220.0,1530.0,63430.046500000004
high_friction,0.491,740,0.005775474525474525,0.9310810810810811,0.8173190984578885,0.8704990524320909,0.8818497234844863,28482.519999999997,31197.526500000007,2220.0,1530.0,63430.046500000004
high_friction,0.492,740,0.005775474525474525,0.9310810810810811,0.8173190984578885,0.8704990524320909,0.8818497234844863,28482.519999999997,31197.526500000007,2220.0,1530.0,63430.046500000004
high_friction,0.493,739,0.00576766983016983,0.93234100135318,0.8173190984578885,0.8710493046776233,0.8818497234844863,28482.519999999997,31197.526500000007,2217.0,1500.0,63397.046500000004
high_friction,0.494,739,0.00576766983016983,0.93234100135318,0.8173190984578885,0.8710493046776233,0.8818497234844863,28482.519999999997,31197.526500000007,2217.0,1500.0,63397.046500000004
high_friction,0.495,739,0.00576766983016983,0.93234100135318,0.8173190984578885,0.8710493046776233,0.8818497234844863,28482.519999999997,31197.526500000007,2217.0,1500.0,63397.046500000004
high_friction,0.496,739,0.00576766983016983,0.93234100135318,0.8173190984578885,0.8710493046776233,0.8818497234844863,28482.519999999997,31197.526500000007,2217.0,1500.0,63397.046500000004
high_friction,0.497,739,0.00576766983016983,0.93234100135318,0.8173190984578885,0.8710493046776233,0.8818497234844863,28482.519999999997,31197.526500000007,2217.0,1500.0,63397.046500000004
high_friction,0.498,739,0.00576766983016983,0.93234100135318,0.8173190984578885,0.8710493046776233,0.8818497234844863,28482.519999999997,31197.526500000007,2217.0,1500.0,63397.046500000004
high_friction,0.499,739,0.00576766983016983,0.93234100135318,0.8173190984578885,0.8710493046776233,0.8818497234844863,28482.519999999997,31197.526500000007,2217.0,1500.0,63397.046500000004
high_friction,0.5,739,0.00576766983016983,0.93234100135318,0.8173190984578885,0.8710493046776233,0.8818497234844863,28482.519999999997,31197.526500000007,2217.0,1500.0,63397.046500000004
high_friction,0.501,739,0.00576766983016983,0.93234100135318,0.8173190984578885,0.8710493046776233,0.8818497234844863,28482.519999999997,31197.526500000007,2217.0,1500.0,63397.046500000004
high_friction,0.502,739,0.00576766983016983,0.93234100135318,0.8173190984578885,0.8710493046776233,0.8818497234844863,28482.519999999997,31197.526500000007,2217.0,1500.0,63397.046500000004
high_friction,0.503,739,0.00576766983016983,0.93234100135318,0.8173190984578885,0.8710493046776233,0.8818497234844863,28482.519999999997,31197.526500000007,2217.0,1500.0,63397.046500000004
high_friction,0.504,739,0.00576766983016983,0.93234100135318,0.8173190984578885,0.8710493046776233,0.8818497234844863,28482.519999999997,31197.526500000007,2217.0,1500.0,63397.046500000004
high_friction,0.505,739,0.00576766983016983,0.93234100135318,0.8173190984578885,0.8710493046776233,0.8818497234844863,28482.519999999997,31197.526500000007,2217.0,1500.0,63397.046500000004
high_friction,0.506,739,0.00576766983016983,0.93234100135318,0.8173190984578885,0.8710493046776233,0.8818497234844863,28482.519999999997,31197.526500000007,2217.0,1500.0,63397.046500000004
high_friction,0.507,739,0.00576766983016983,0.93234100135318,0.8173190984578885,0.8710493046776233,0.8818497234844863,28482.519999999997,31197.526500000007,2217.0,1500.0,63397.046500000004
high_friction,0.508,739,0.00576766983016983,0.93234100135318,0.8173190984578885,0.8710493046776233,0.8818497234844863,28482.519999999997,31197.526500000007,2217.0,1500.0,63397.046500000004
high_friction,0.509,739,0.00576766983016983,0.93234100135318,0.8173190984578885,0.8710493046776233,0.8818497234844863,28482.519999999997,31197.526500000007,2217.0,1500.0,63397.046500000004
high_friction,0.51,739,0.00576766983016983,0.93234100135318,0.8173190984578885,0.8710493046776233,0.8818497234844863,28482.519999999997,31197.526500000007,2217.0,1500.0,63397.046500000004
high_friction,0.511,739,0.00576766983016983,0.93234100135318,0.8173190984578885,0.8710493046776233,0.8818497234844863,28482.519999999997,31197.526500000007,2217.0,1500.0,63397.046500000004
high_friction,0.512,739,0.00576766983016983,0.93234100135318,0.8173190984578885,0.8710493046776233,0.8818497234844863,28482.519999999997,31197.526500000007,2217.0,1500.0,63397.046500000004
high_friction,0.513,739,0.00576766983016983,0.93234100135318,0.8173190984578885,0.8710493046776233,0.8818497234844863,28482.519999999997,31197.526500000007,2217.0,1500.0,63397.046500000004
high_friction,0.514,739,0.00576766983016983,0.93234100135318,0.8173190984578885,0.8710493046776233,0.8818497234844863,28482.519999999997,31197.526500000007,2217.0,1500.0,63397.046500000004
high_friction,0.515,739,0.00576766983016983,0.93234100135318,0.8173190984578885,0.8710493046776233,0.8818497234844863,28482.519999999997,31197.526500000007,2217.0,1500.0,63397.046500000004
high_friction,0.516,739,0.00576766983016983,0.93234100135318,0.8173190984578885,0.8710493046776233,0.8818497234844863,28482.519999999997,31197.526500000007,2217.0,1500.0,63397.046500000004
high_friction,0.517,739,0.00576766983016983,0.93234100135318,0.8173190984578885,0.8710493046776233,0.8818497234844863,28482.519999999997,31197.526500000007,2217.0,1500.0,63397.046500000004
high_friction,0.518,739,0.00576766983016983,0.93234100135318,0.8173190984578885,0.8710493046776233,0.8818497234844863,28482.519999999997,31197.526500000007,2217.0,1500.0,63397.046500000004
high_friction,0.519,739,0.00576766983016983,0.93234100135318,0.8173190984578885,0.8710493046776233,0.8818497234844863,28482.519999999997,31197.526500000007,2217.0,1500.0,63397.046500000004
high_friction,0.52,739,0.00576766983016983,0.93234100135318,0.8173190984578885,0.8710493046776233,0.8818497234844863,28482.519999999997,31197.526500000007,2217.0,1500.0,63397.046500000004
high_friction,0.521,739,0.00576766983016983,0.93234100135318,0.8173190984578885,0.8710493046776233,0.8818497234844863,28482.519999999997,31197.526500000007,2217.0,1500.0,63397.046500000004
high_friction,0.522,739,0.00576766983016983,0.93234100135318,0.8173190984578885,0.8710493046776233,0.8818497234844863,28482.519999999997,31197.526500000007,2217.0,1500.0,63397.046500000004
high_friction,0.523,739,0.00576766983016983,0.93234100135318,0.8173190984578885,0.8710493046776233,0.8818497234844863,28482.519999999997,31197.526500000007,2217.0,1500.0,63397.046500000004
high_friction,0.524,739,0.00576766983016983,0.93234100135318,0.8173190984578885,0.8710493046776233,0.8818497234844863,28482.519999999997,31197.526500000007,2217.0,1500.0,63397.046500000004
high_friction,0.525,739,0.00576766983016983,0.93234100135318,0.8173190984578885,0.8710493046776233,0.8818497234844863,28482.519999999997,31197.526500000007,2217.0,1500.0,63397.046500000004
high_friction,0.526,739,0.00576766983016983,0.93234100135318,0.8173190984578885,0.8710493046776233,0.8818497234844863,28482.519999999997,31197.526500000007,2217.0,1500.0,63397.046500000004
high_friction,0.527,739,0.00576766983016983,0.93234100135318,0.8173190984578885,0.8710493046776233,0.8818497234844863,28482.519999999997,31197.526500000007,2217.0,1500.0,63397.046500000004
high_friction,0.528,739,0.00576766983016983,0.93234100135318,0.8173190984578885,0.8710493046776233,0.8818497234844863,28482.519999999997,31197.526500000007,2217.0,1500.0,63397.046500000004
high_friction,0.529,739,0.00576766983016983,0.93234100135318,0.8173190984578885,0.8710493046776233,0.8818497234844863,28482.519999999997,31197.526500000007,2217.0,1500.0,63397.046500000004
high_friction,0.53,739,0.00576766983016983,0.93234100135318,0.8173190984578885,0.8710493046776233,0.8818497234844863,28482.519999999997,31197.526500000007,2217.0,1500.0,63397.046500000004
high_friction,0.531,739,0.00576766983016983,0.93234100135318,0.8173190984578885,0.8710493046776233,0.8818497234844863,28482.519999999997,31197.526500000007,2217.0,1500.0,63397.046500000004
high_friction,0.532,739,0.00576766983016983,0.93234100135318,0.8173190984578885,0.8710493046776233,0.8818497234844863,28482.519999999997,31197.526500000007,2217.0,1500.0,63397.046500000004
high_friction,0.533,739,0.00576766983016983,0.93234100135318,0.8173190984578885,0.8710493046776233,0.8818497234844863,28482.519999999997,31197.526500000007,2217.0,1500.0,63397.046500000004
high_friction,0.534,739,0.00576766983016983,0.93234100135318,0.8173190984578885,0.8710493046776233,0.8818497234844863,28482.519999999997,31197.526500000007,2217.0,1500.0,63397.046500000004
high_friction,0.535,739,0.00576766983016983,0.93234100135318,0.8173190984578885,0.8710493046776233,0.8818497234844863,28482.519999999997,31197.526500000007,2217.0,1500.0,63397.046500000004
high_friction,0.536,739,0.00576766983016983,0.93234100135318,0.8173190984578885,0.8710493046776233,0.8818497234844863,28482.519999999997,31197.526500000007,2217.0,1500.0,63397.046500000004
high_friction,0.537,739,0.00576766983016983,0.93234100135318,0.8173190984578885,0.8710493046776233,0.8818497234844863,28482.519999999997,31197.526500000007,2217.0,1500.0,63397.046500000004
high_friction,0.538,739,0.00576766983016983,0.93234100135318,0.8173190984578885,0.8710493046776233,0.8818497234844863,28482.519999999997,31197.526500000007,2217.0,1500.0,63397.046500000004
high_friction,0.539,739,0.00576766983016983,0.93234100135318,0.8173190984578885,0.8710493046776233,0.8818497234844863,28482.519999999997,31197.526500000007,2217.0,1500.0,63397.046500000004
high_friction,0.54,739,0.00576766983016983,0.93234100135318,0.8173190984578885,0.8710493046776233,0.8818497234844863,28482.519999999997,31197.526500000007,2217.0,1500.0,63397.046500000004
high_friction,0.541,739,0.00576766983016983,0.93234100135318,0.8173190984578885,0.8710493046776233,0.8818497234844863,28482.519999999997,31197.526500000007,2217.0,1500.0,63397.046500000004
high_friction,0.542,739,0.00576766983016983,0.93234100135318,0.8173190984578885,0.8710493046776233,0.8818497234844863,28482.519999999997,31197.526500000007,2217.0,1500.0,63397.046500000004
high_friction,0.543,739,0.00576766983016983,0.93234100135318,0.8173190984578885,0.8710493046776233,0.8818497234844863,28482.519999999997,31197.526500000007,2217.0,1500.0,63397.046500000004
high_friction,0.544,739,0.00576766983016983,0.93234100135318,0.8173190984578885,0.8710493046776233,0.8818497234844863,28482.519999999997,31197.526500000007,2217.0,1500.0,63397.046500000004
high_friction,0.545,739,0.00576766983016983,0.93234100135318,0.8173190984578885,0.8710493046776233,0.8818497234844863,28482.519999999997,31197.526500000007,2217.0,1500.0,63397.046500000004
high_friction,0.546,739,0.00576766983016983,0.93234100135318,0.8173190984578885,0.8710493046776233,0.8818497234844863,28482.519999999997,31197.526500000007,2217.0,1500.0,63397.046500000004
high_friction,0.547,739,0.00576766983016983,0.93234100135318,0.8173190984578885,0.8710493046776233,0.8818497234844863,28482.519999999997,31197.526500000007,2217.0,1500.0,63397.046500000004
high_friction,0.548,739,0.00576766983016983,0.93234100135318,0.8173190984578885,0.8710493046776233,0.8818497234844863,28482.519999999997,31197.526500000007,2217.0,1500.0,63397.046500000004
high_friction,0.549,739,0.00576766983016983,0.93234100135318,0.8173190984578885,0.8710493046776233,0.8818497234844863,28482.519999999997,31197.526500000007,2217.0,1500.0,63397.046500000004
high_friction,0.55,739,0.00576766983016983,0.93234100135318,0.8173190984578885,0.8710493046776233,0.8818497234844863,28482.519999999997,31197.526500000007,2217.0,1500.0,63397.046500000004
high_friction,0.551,739,0.00576766983016983,0.93234100135318,0.8173190984578885,0.8710493046776233,0.8818497234844863,28482.519999999997,31197.526500000007,2217.0,1500.0,63397.046500000004
high_friction,0.552,739,0.00576766983016983,0.93234100135318,0.8173190984578885,0.8710493046776233,0.8818497234844863,28482.519999999997,31197.526500000007,2217.0,1500.0,63397.046500000004
high_friction,0.553,739,0.00576766983016983,0.93234100135318,0.8173190984578885,0.8710493046776233,0.8818497234844863,28482.519999999997,31197.526500000007,2217.0,1500.0,63397.046500000004
high_friction,0.554,739,0.00576766983016983,0.93234100135318,0.8173190984578885,0.8710493046776233,0.8818497234844863,28482.519999999997,31197.526500000007,2217.0,1500.0,63397.046500000004
high_friction,0.555,739,0.00576766983016983,0.93234100135318,0.8173190984578885,0.8710493046776233,0.8818497234844863,28482.519999999997,31197.526500000007,2217.0,1500.0,63397.046500000004
high_friction,0.556,739,0.00576766983016983,0.93234100135318,0.8173190984578885,0.8710493046776233,0.8818497234844863,28482.519999999997,31197.526500000007,2217.0,1500.0,63397.046500000004
high_friction,0.557,739,0.00576766983016983,0.93234100135318,0.8173190984578885,0.8710493046776233,0.8818497234844863,28482.519999999997,31197.526500000007,2217.0,1500.0,63397.046500000004
high_friction,0.558,739,0.00576766983016983,0.93234100135318,0.8173190984578885,0.8710493046776233,0.8818497234844863,28482.519999999997,31197.526500000007,2217.0,1500.0,63397.046500000004
high_friction,0.559,739,0.00576766983016983,0.93234100135318,0.8173190984578885,0.8710493046776233,0.8818497234844863,28482.519999999997,31197.526500000007,2217.0,1500.0,63397.046500000004
high_friction,0.56,739,0.00576766983016983,0.93234100135318,0.8173190984578885,0.8710493046776233,0.8818497234844863,28482.519999999997,31197.526500000007,2217.0,1500.0,63397.046500000004
high_friction,0.561,739,0.00576766983016983,0.93234100135318,0.8173190984578885,0.8710493046776233,0.8818497234844863,28482.519999999997,31197.526500000007,2217.0,1500.0,63397.046500000004
high_friction,0.562,739,0.00576766983016983,0.93234100135318,0.8173190984578885,0.8710493046776233,0.8818497234844863,28482.519999999997,31197.526500000007,2217.0,1500.0,63397.046500000004
high_friction,0.5630000000000001,739,0.00576766983016983,0.93234100135318,0.8173190984578885,0.8710493046776233,0.8818497234844863,28482.519999999997,31197.526500000007,2217.0,1500.0,63397.046500000004
high_friction,0.5640000000000001,739,0.00576766983016983,0.93234100135318,0.8173190984578885,0.8710493046776233,0.8818497234844863,28482.519999999997,31197.526500000007,2217.0,1500.0,63397.046500000004
high_friction,0.5650000000000001,739,0.00576766983016983,0.93234100135318,0.8173190984578885,0.8710493046776233,0.8818497234844863,28482.519999999997,31197.526500000007,2217.0,1500.0,63397.046500000004
high_friction,0.5660000000000001,739,0.00576766983016983,0.93234100135318,0.8173190984578885,0.8710493046776233,0.8818497234844863,28482.519999999997,31197.526500000007,2217.0,1500.0,63397.046500000004
high_friction,0.5670000000000001,739,0.00576766983016983,0.93234100135318,0.8173190984578885,0.8710493046776233,0.8818497234844863,28482.519999999997,31197.526500000007,2217.0,1500.0,63397.046500000004
high_friction,0.5680000000000001,739,0.00576766983016983,0.93234100135318,0.8173190984578885,0.8710493046776233,0.8818497234844863,28482.519999999997,31197.526500000007,2217.0,1500.0,63397.046500000004
high_friction,0.5690000000000001,739,0.00576766983016983,0.93234100135318,0.8173190984578885,0.8710493046776233,0.8818497234844863,28482.519999999997,31197.526500000007,2217.0,1500.0,63397.046500000004
high_friction,0.5700000000000001,739,0.00576766983016983,0.93234100135318,0.8173190984578885,0.8710493046776233,0.8818497234844863,28482.519999999997,31197.526500000007,2217.0,1500.0,63397.046500000004
high_friction,0.5710000000000001,739,0.00576766983016983,0.93234100135318,0.8173190984578885,0.8710493046776233,0.8818497234844863,28482.519999999997,31197.526500000007,2217.0,1500.0,63397.046500000004
high_friction,0.5720000000000001,739,0.00576766983016983,0.93234100135318,0.8173190984578885,0.8710493046776233,0.8818497234844863,28482.519999999997,31197.526500000007,2217.0,1500.0,63397.046500000004
high_friction,0.5730000000000001,739,0.00576766983016983,0.93234100135318,0.8173190984578885,0.8710493046776233,0.8818497234844863,28482.519999999997,31197.526500000007,2217.0,1500.0,63397.046500000004
high_friction,0.5740000000000001,739,0.00576766983016983,0.93234100135318,0.8173190984578885,0.8710493046776233,0.8818497234844863,28482.519999999997,31197.526500000007,2217.0,1500.0,63397.046500000004
high_friction,0.5750000000000001,739,0.00576766983016983,0.93234100135318,0.8173190984578885,0.8710493046776233,0.8818497234844863,28482.519999999997,31197.526500000007,2217.0,1500.0,63397.046500000004
high_friction,0.5760000000000001,739,0.00576766983016983,0.93234100135318,0.8173190984578885,0.8710493046776233,0.8818497234844863,28482.519999999997,31197.526500000007,2217.0,1500.0,63397.046500000004
high_friction,0.5770000000000001,739,0.00576766983016983,0.93234100135318,0.8173190984578885,0.8710493046776233,0.8818497234844863,28482.519999999997,31197.526500000007,2217.0,1500.0,63397.046500000004
high_friction,0.578,739,0.00576766983016983,0.93234100135318,0.8173190984578885,0.8710493046776233,0.8818497234844863,28482.519999999997,31197.526500000007,2217.0,1500.0,63397.046500000004
high_friction,0.579,739,0.00576766983016983,0.93234100135318,0.8173190984578885,0.8710493046776233,0.8818497234844863,28482.519999999997,31197.526500000007,2217.0,1500.0,63397.046500000004
high_friction,0.58,739,0.00576766983016983,0.93234100135318,0.8173190984578885,0.8710493046776233,0.8818497234844863,28482.519999999997,31197.526500000007,2217.0,1500.0,63397.046500000004
high_friction,0.581,721,0.005627185314685315,0.9459084604715673,0.8090154211150652,0.8721227621483376,0.8779679027037965,29437.714999999997,31054.247250000004,2163.0,1170.0,63824.96225
high_friction,0.582,720,0.005619380619380619,0.9458333333333333,0.8078291814946619,0.8714011516314779,0.8763527851278591,29816.019999999997,30997.501500000006,2160.0,1170.0,64143.5215
high_friction,0.583,719,0.005611575924075924,0.9471488178025035,0.8078291814946619,0.8719590268886044,0.8763527851278591,29816.019999999997,30997.501500000006,2157.0,1140.0,64110.5215
high_friction,0.584,703,0.005486700799200799,0.9544807965860598,0.7959667852906287,0.8680465717981889,0.8661549229742336,32241.5,30633.679500000006,2109.0,960.0,65944.1795
high_friction,0.585,703,0.005486700799200799,0.9544807965860598,0.7959667852906287,0.8680465717981889,0.8661549229742336,32241.5,30633.679500000006,2109.0,960.0,65944.1795
high_friction,0.586,703,0.005486700799200799,0.9544807965860598,0.7959667852906287,0.8680465717981889,0.8661549229742336,32241.5,30633.679500000006,2109.0,960.0,65944.1795
high_friction,0.587,703,0.005486700799200799,0.9544807965860598,0.7959667852906287,0.8680465717981889,0.8661549229742336,32241.5,30633.679500000006,2109.0,960.0,65944.1795
high_friction,0.588,703,0.005486700799200799,0.9544807965860598,0.7959667852906287,0.8680465717981889,0.8661549229742336,32241.5,30633.679500000006,2109.0,960.0,65944.1795
high_friction,0.589,703,0.005486700799200799,0.9544807965860598,0.7959667852906287,0.8680465717981889,0.8661549229742336,32241.5,30633.679500000006,2109.0,960.0,65944.1795
high_friction,0.59,702,0.005478896103896104,0.9544159544159544,0.7947805456702254,0.8673139158576052,0.8644089488840866,32649.645000000004,30572.457750000005,2106.0,960.0,66288.10275
high_friction,0.591,702,0.005478896103896104,0.9544159544159544,0.7947805456702254,0.8673139158576052,0.8644089488840866,32649.645000000004,30572.457750000005,2106.0,960.0,66288.10275
high_friction,0.592,701,0.005471091408591409,0.9543509272467903,0.7935943060498221,0.866580310880829,0.8627351563698071,33041.33,30513.705000000005,2103.0,960.0,66618.035
high_friction,0.593,701,0.005471091408591409,0.9543509272467903,0.7935943060498221,0.866580310880829,0.8627351563698071,33041.33,30513.705000000005,2103.0,960.0,66618.035
high_friction,0.594,701,0.005471091408591409,0.9543509272467903,0.7935943060498221,0.866580310880829,0.8627351563698071,33041.33,30513.705000000005,2103.0,960.0,66618.035
high_friction,0.595,701,0.005471091408591409,0.9543509272467903,0.7935943060498221,0.866580310880829,0.8627351563698071,33041.33,30513.705000000005,2103.0,960.0,66618.035
high_friction,0.596,701,0.005471091408591409,0.9543509272467903,0.7935943060498221,0.866580310880829,0.8627351563698071,33041.33,30513.705000000005,2103.0,960.0,66618.035
high_friction,0.597,701,0.005471091408591409,0.9543509272467903,0.7935943060498221,0.866580310880829,0.8627351563698071,33041.33,30513.705000000005,2103.0,960.0,66618.035
high_friction,0.598,701,0.005471091408591409,0.9543509272467903,0.7935943060498221,0.866580310880829,0.8627351563698071,33041.33,30513.705000000005,2103.0,960.0,66618.035
high_friction,0.599,701,0.005471091408591409,0.9543509272467903,0.7935943060498221,0.866580310880829,0.8627351563698071,33041.33,30513.705000000005,2103.0,960.0,66618.035
high_friction,0.6,701,0.005471091408591409,0.9543509272467903,0.7935943060498221,0.866580310880829,0.8627351563698071,33041.33,30513.705000000005,2103.0,960.0,66618.035
high_friction,0.601,701,0.005471091408591409,0.9543509272467903,0.7935943060498221,0.866580310880829,0.8627351563698071,33041.33,30513.705000000005,2103.0,960.0,66618.035
high_friction,0.602,701,0.005471091408591409,0.9543509272467903,0.7935943060498221,0.866580310880829,0.8627351563698071,33041.33,30513.705000000005,2103.0,960.0,66618.035
high_friction,0.603,701,0.005471091408591409,0.9543509272467903,0.7935943060498221,0.866580310880829,0.8627351563698071,33041.33,30513.705000000005,2103.0,960.0,66618.035
high_friction,0.604,701,0.005471091408591409,0.9543509272467903,0.7935943060498221,0.866580310880829,0.8627351563698071,33041.33,30513.705000000005,2103.0,960.0,66618.035
high_friction,0.605,701,0.005471091408591409,0.9543509272467903,0.7935943060498221,0.866580310880829,0.8627351563698071,33041.33,30513.705000000005,2103.0,960.0,66618.035
high_friction,0.606,701,0.005471091408591409,0.9543509272467903,0.7935943060498221,0.866580310880829,0.8627351563698071,33041.33,30513.705000000005,2103.0,960.0,66618.035
high_friction,0.607,701,0.005471091408591409,0.9543509272467903,0.7935943060498221,0.866580310880829,0.8627351563698071,33041.33,30513.705000000005,2103.0,960.0,66618.035
high_friction,0.608,701,0.005471091408591409,0.9543509272467903,0.7935943060498221,0.866580310880829,0.8627351563698071,33041.33,30513.705000000005,2103.0,960.0,66618.035
high_friction,0.609,701,0.005471091408591409,0.9543509272467903,0.7935943060498221,0.866580310880829,0.8627351563698071,33041.33,30513.705000000005,2103.0,960.0,66618.035
high_friction,0.61,701,0.005471091408591409,0.9543509272467903,0.7935943060498221,0.866580310880829,0.8627351563698071,33041.33,30513.705000000005,2103.0,960.0,66618.035
high_friction,0.611,701,0.005471091408591409,0.9543509272467903,0.7935943060498221,0.866580310880829,0.8627351563698071,33041.33,30513.705000000005,2103.0,960.0,66618.035
high_friction,0.612,701,0.005471091408591409,0.9543509272467903,0.7935943060498221,0.866580310880829,0.8627351563698071,33041.33,30513.705000000005,2103.0,960.0,66618.035
high_friction,0.613,685,0.005346216283716284,0.9576642335766423,0.7781731909845789,0.8586387434554974,0.8502989856471367,36007.225,30068.820750000003,2055.0,870.0,69001.04575
high_friction,0.614,685,0.005346216283716284,0.9576642335766423,0.7781731909845789,0.8586387434554974,0.8502989856471367,36007.225,30068.820750000003,2055.0,870.0,69001.04575
high_friction,0.615,685,0.005346216283716284,0.9576642335766423,0.7781731909845789,0.8586387434554974,0.8502989856471367,36007.225,30068.820750000003,2055.0,870.0,69001.04575
high_friction,0.616,685,0.005346216283716284,0.9576642335766423,0.7781731909845789,0.8586387434554974,0.8502989856471367,36007.225,30068.820750000003,2055.0,870.0,69001.04575
high_friction,0.617,685,0.005346216283716284,0.9576642335766423,0.7781731909845789,0.8586387434554974,0.8502989856471367,36007.225,30068.820750000003,2055.0,870.0,69001.04575
high_friction,0.618,685,0.005346216283716284,0.9576642335766423,0.7781731909845789,0.8586387434554974,0.8502989856471367,36007.225,30068.820750000003,2055.0,870.0,69001.04575
high_friction,0.619,685,0.005346216283716284,0.9576642335766423,0.7781731909845789,0.8586387434554974,0.8502989856471367,36007.225,30068.820750000003,2055.0,870.0,69001.04575
high_friction,0.62,685,0.005346216283716284,0.9576642335766423,0.7781731909845789,0.8586387434554974,0.8502989856471367,36007.225,30068.820750000003,2055.0,870.0,69001.04575
high_friction,0.621,685,0.005346216283716284,0.9576642335766423,0.7781731909845789,0.8586387434554974,0.8502989856471367,36007.225,30068.820750000003,2055.0,870.0,69001.04575
high_friction,0.622,685,0.005346216283716284,0.9576642335766423,0.7781731909845789,0.8586387434554974,0.8502989856471367,36007.225,30068.820750000003,2055.0,870.0,69001.04575
high_friction,0.623,685,0.005346216283716284,0.9576642335766423,0.7781731909845789,0.8586387434554974,0.8502989856471367,36007.225,30068.820750000003,2055.0,870.0,69001.04575
high_friction,0.624,685,0.005346216283716284,0.9576642335766423,0.7781731909845789,0.8586387434554974,0.8502989856471367,36007.225,30068.820750000003,2055.0,870.0,69001.04575
high_friction,0.625,685,0.005346216283716284,0.9576642335766423,0.7781731909845789,0.8586387434554974,0.8502989856471367,36007.225,30068.820750000003,2055.0,870.0,69001.04575
high_friction,0.626,685,0.005346216283716284,0.9576642335766423,0.7781731909845789,0.8586387434554974,0.8502989856471367,36007.225,30068.820750000003,2055.0,870.0,69001.04575
high_friction,0.627,685,0.005346216283716284,0.9576642335766423,0.7781731909845789,0.8586387434554974,0.8502989856471367,36007.225,30068.820750000003,2055.0,870.0,69001.04575
high_friction,0.628,685,0.005346216283716284,0.9576642335766423,0.7781731909845789,0.8586387434554974,0.8502989856471367,36007.225,30068.820750000003,2055.0,870.0,69001.04575
high_friction,0.629,685,0.005346216283716284,0.9576642335766423,0.7781731909845789,0.8586387434554974,0.8502989856471367,36007.225,30068.820750000003,2055.0,870.0,69001.04575
high_friction,0.63,685,0.005346216283716284,0.9576642335766423,0.7781731909845789,0.8586387434554974,0.8502989856471367,36007.225,30068.820750000003,2055.0,870.0,69001.04575
high_friction,0.631,685,0.005346216283716284,0.9576642335766423,0.7781731909845789,0.8586387434554974,0.8502989856471367,36007.225,30068.820750000003,2055.0,870.0,69001.04575
high_friction,0.632,685,0.005346216283716284,0.9576642335766423,0.7781731909845789,0.8586387434554974,0.8502989856471367,36007.225,30068.820750000003,2055.0,870.0,69001.04575
high_friction,0.633,685,0.005346216283716284,0.9576642335766423,0.7781731909845789,0.8586387434554974,0.8502989856471367,36007.225,30068.820750000003,2055.0,870.0,69001.04575
high_friction,0.634,685,0.005346216283716284,0.9576642335766423,0.7781731909845789,0.8586387434554974,0.8502989856471367,36007.225,30068.820750000003,2055.0,870.0,69001.04575
high_friction,0.635,685,0.005346216283716284,0.9576642335766423,0.7781731909845789,0.8586387434554974,0.8502989856471367,36007.225,30068.820750000003,2055.0,870.0,69001.04575
high_friction,0.636,685,0.005346216283716284,0.9576642335766423,0.7781731909845789,0.8586387434554974,0.8502989856471367,36007.225,30068.820750000003,2055.0,870.0,69001.04575
high_friction,0.637,685,0.005346216283716284,0.9576642335766423,0.7781731909845789,0.8586387434554974,0.8502989856471367,36007.225,30068.820750000003,2055.0,870.0,69001.04575
high_friction,0.638,685,0.005346216283716284,0.9576642335766423,0.7781731909845789,0.8586387434554974,0.8502989856471367,36007.225,30068.820750000003,2055.0,870.0,69001.04575
high_friction,0.639,685,0.005346216283716284,0.9576642335766423,0.7781731909845789,0.8586387434554974,0.8502989856471367,36007.225,30068.820750000003,2055.0,870.0,69001.04575
high_friction,0.64,685,0.005346216283716284,0.9576642335766423,0.7781731909845789,0.8586387434554974,0.8502989856471367,36007.225,30068.820750000003,2055.0,870.0,69001.04575
high_friction,0.641,685,0.005346216283716284,0.9576642335766423,0.7781731909845789,0.8586387434554974,0.8502989856471367,36007.225,30068.820750000003,2055.0,870.0,69001.04575
high_friction,0.642,685,0.005346216283716284,0.9576642335766423,0.7781731909845789,0.8586387434554974,0.8502989856471367,36007.225,30068.820750000003,2055.0,870.0,69001.04575
high_friction,0.643,685,0.005346216283716284,0.9576642335766423,0.7781731909845789,0.8586387434554974,0.8502989856471367,36007.225,30068.820750000003,2055.0,870.0,69001.04575
high_friction,0.644,685,0.005346216283716284,0.9576642335766423,0.7781731909845789,0.8586387434554974,0.8502989856471367,36007.225,30068.820750000003,2055.0,870.0,69001.04575
high_friction,0.645,685,0.005346216283716284,0.9576642335766423,0.7781731909845789,0.8586387434554974,0.8502989856471367,36007.225,30068.820750000003,2055.0,870.0,69001.04575
high_friction,0.646,685,0.005346216283716284,0.9576642335766423,0.7781731909845789,0.8586387434554974,0.8502989856471367,36007.225,30068.820750000003,2055.0,870.0,69001.04575
high_friction,0.647,685,0.005346216283716284,0.9576642335766423,0.7781731909845789,0.8586387434554974,0.8502989856471367,36007.225,30068.820750000003,2055.0,870.0,69001.04575
high_friction,0.648,685,0.005346216283716284,0.9576642335766423,0.7781731909845789,0.8586387434554974,0.8502989856471367,36007.225,30068.820750000003,2055.0,870.0,69001.04575
high_friction,0.649,685,0.005346216283716284,0.9576642335766423,0.7781731909845789,0.8586387434554974,0.8502989856471367,36007.225,30068.820750000003,2055.0,870.0,69001.04575
high_friction,0.65,685,0.005346216283716284,0.9576642335766423,0.7781731909845789,0.8586387434554974,0.8502989856471367,36007.225,30068.820750000003,2055.0,870.0,69001.04575
high_friction,0.651,685,0.005346216283716284,0.9576642335766423,0.7781731909845789,0.8586387434554974,0.8502989856471367,36007.225,30068.820750000003,2055.0,870.0,69001.04575
high_friction,0.652,685,0.005346216283716284,0.9576642335766423,0.7781731909845789,0.8586387434554974,0.8502989856471367,36007.225,30068.820750000003,2055.0,870.0,69001.04575
high_friction,0.653,685,0.005346216283716284,0.9576642335766423,0.7781731909845789,0.8586387434554974,0.8502989856471367,36007.225,30068.820750000003,2055.0,870.0,69001.04575
high_friction,0.654,685,0.005346216283716284,0.9576642335766423,0.7781731909845789,0.8586387434554974,0.8502989856471367,36007.225,30068.820750000003,2055.0,870.0,69001.04575
high_friction,0.655,685,0.005346216283716284,0.9576642335766423,0.7781731909845789,0.8586387434554974,0.8502989856471367,36007.225,30068.820750000003,2055.0,870.0,69001.04575
high_friction,0.656,685,0.005346216283716284,0.9576642335766423,0.7781731909845789,0.8586387434554974,0.8502989856471367,36007.225,30068.820750000003,2055.0,870.0,69001.04575
high_friction,0.657,685,0.005346216283716284,0.9576642335766423,0.7781731909845789,0.8586387434554974,0.8502989856471367,36007.225,30068.820750000003,2055.0,870.0,69001.04575
high_friction,0.658,685,0.005346216283716284,0.9576642335766423,0.7781731909845789,0.8586387434554974,0.8502989856471367,36007.225,30068.820750000003,2055.0,870.0,69001.04575
high_friction,0.659,685,0.005346216283716284,0.9576642335766423,0.7781731909845789,0.8586387434554974,0.8502989856471367,36007.225,30068.820750000003,2055.0,870.0,69001.04575
high_friction,0.66,685,0.005346216283716284,0.9576642335766423,0.7781731909845789,0.8586387434554974,0.8502989856471367,36007.225,30068.820750000003,2055.0,870.0,69001.04575
high_friction,0.661,685,0.005346216283716284,0.9576642335766423,0.7781731909845789,0.8586387434554974,0.8502989856471367,36007.225,30068.820750000003,2055.0,870.0,69001.04575
high_friction,0.662,685,0.005346216283716284,0.9576642335766423,0.7781731909845789,0.8586387434554974,0.8502989856471367,36007.225,30068.820750000003,2055.0,870.0,69001.04575
high_friction,0.663,685,0.005346216283716284,0.9576642335766423,0.7781731909845789,0.8586387434554974,0.8502989856471367,36007.225,30068.820750000003,2055.0,870.0,69001.04575
high_friction,0.664,685,0.005346216283716284,0.9576642335766423,0.7781731909845789,0.8586387434554974,0.8502989856471367,36007.225,30068.820750000003,2055.0,870.0,69001.04575
high_friction,0.665,685,0.005346216283716284,0.9576642335766423,0.7781731909845789,0.8586387434554974,0.8502989856471367,36007.225,30068.820750000003,2055.0,870.0,69001.04575
high_friction,0.666,685,0.005346216283716284,0.9576642335766423,0.7781731909845789,0.8586387434554974,0.8502989856471367,36007.225,30068.820750000003,2055.0,870.0,69001.04575
high_friction,0.667,685,0.005346216283716284,0.9576642335766423,0.7781731909845789,0.8586387434554974,0.8502989856471367,36007.225,30068.820750000003,2055.0,870.0,69001.04575
high_friction,0.668,685,0.005346216283716284,0.9576642335766423,0.7781731909845789,0.8586387434554974,0.8502989856471367,36007.225,30068.820750000003,2055.0,870.0,69001.04575
high_friction,0.669,685,0.005346216283716284,0.9576642335766423,0.7781731909845789,0.8586387434554974,0.8502989856471367,36007.225,30068.820750000003,2055.0,870.0,69001.04575
high_friction,0.67,685,0.005346216283716284,0.9576642335766423,0.7781731909845789,0.8586387434554974,0.8502989856471367,36007.225,30068.820750000003,2055.0,870.0,69001.04575
high_friction,0.671,685,0.005346216283716284,0.9576642335766423,0.7781731909845789,0.8586387434554974,0.8502989856471367,36007.225,30068.820750000003,2055.0,870.0,69001.04575
high_friction,0.672,685,0.005346216283716284,0.9576642335766423,0.7781731909845789,0.8586387434554974,0.8502989856471367,36007.225,30068.820750000003,2055.0,870.0,69001.04575
high_friction,0.673,685,0.005346216283716284,0.9576642335766423,0.7781731909845789,0.8586387434554974,0.8502989856471367,36007.225,30068.820750000003,2055.0,870.0,69001.04575
high_friction,0.674,685,0.005346216283716284,0.9576642335766423,0.7781731909845789,0.8586387434554974,0.8502989856471367,36007.225,30068.820750000003,2055.0,870.0,69001.04575
high_friction,0.675,685,0.005346216283716284,0.9576642335766423,0.7781731909845789,0.8586387434554974,0.8502989856471367,36007.225,30068.820750000003,2055.0,870.0,69001.04575
high_friction,0.676,685,0.005346216283716284,0.9576642335766423,0.7781731909845789,0.8586387434554974,0.8502989856471367,36007.225,30068.820750000003,2055.0,870.0,69001.04575
high_friction,0.677,685,0.005346216283716284,0.9576642335766423,0.7781731909845789,0.8586387434554974,0.8502989856471367,36007.225,30068.820750000003,2055.0,870.0,69001.04575
high_friction,0.678,685,0.005346216283716284,0.9576642335766423,0.7781731909845789,0.8586387434554974,0.8502989856471367,36007.225,30068.820750000003,2055.0,870.0,69001.04575
high_friction,0.679,684,0.005338411588411588,0.9590643274853801,0.7781731909845789,0.8592010478061559,0.8502989856471367,36007.225,30068.820750000003,2052.0,840.0,68968.04575
high_friction,0.68,684,0.005338411588411588,0.9590643274853801,0.7781731909845789,0.8592010478061559,0.8502989856471367,36007.225,30068.820750000003,2052.0,840.0,68968.04575
high_friction,0.681,684,0.005338411588411588,0.9590643274853801,0.7781731909845789,0.8592010478061559,0.8502989856471367,36007.225,30068.820750000003,2052.0,840.0,68968.04575
high_friction,0.682,684,0.005338411588411588,0.9590643274853801,0.7781731909845789,0.8592010478061559,0.8502989856471367,36007.225,30068.820750000003,2052.0,840.0,68968.04575
high_friction,0.683,684,0.005338411588411588,0.9590643274853801,0.7781731909845789,0.8592010478061559,0.8502989856471367,36007.225,30068.820750000003,2052.0,840.0,68968.04575
high_friction,0.684,684,0.005338411588411588,0.9590643274853801,0.7781731909845789,0.8592010478061559,0.8502989856471367,36007.225,30068.820750000003,2052.0,840.0,68968.04575
high_friction,0.685,684,0.005338411588411588,0.9590643274853801,0.7781731909845789,0.8592010478061559,0.8502989856471367,36007.225,30068.820750000003,2052.0,840.0,68968.04575
high_friction,0.686,684,0.005338411588411588,0.9590643274853801,0.7781731909845789,0.8592010478061559,0.8502989856471367,36007.225,30068.820750000003,2052.0,840.0,68968.04575
high_friction,0.687,684,0.005338411588411588,0.9590643274853801,0.7781731909845789,0.8592010478061559,0.8502989856471367,36007.225,30068.820750000003,2052.0,840.0,68968.04575
high_friction,0.6880000000000001,684,0.005338411588411588,0.9590643274853801,0.7781731909845789,0.8592010478061559,0.8502989856471367,36007.225,30068.820750000003,2052.0,840.0,68968.04575
high_friction,0.6890000000000001,684,0.005338411588411588,0.9590643274853801,0.7781731909845789,0.8592010478061559,0.8502989856471367,36007.225,30068.820750000003,2052.0,840.0,68968.04575
high_friction,0.6900000000000001,684,0.005338411588411588,0.9590643274853801,0.7781731909845789,0.8592010478061559,0.8502989856471367,36007.225,30068.820750000003,2052.0,840.0,68968.04575
high_friction,0.6910000000000001,664,0.005182317682317682,0.9668674698795181,0.7615658362989324,0.8520238885202389,0.8344380052573271,39764.100000000006,29505.289500000003,1992.0,660.0,71921.3895
high_friction,0.6920000000000001,664,0.005182317682317682,0.9668674698795181,0.7615658362989324,0.8520238885202389,0.8344380052573271,39764.100000000006,29505.289500000003,1992.0,660.0,71921.3895
high_friction,0.6930000000000001,664,0.005182317682317682,0.9668674698795181,0.7615658362989324,0.8520238885202389,0.8344380052573271,39764.100000000006,29505.289500000003,1992.0,660.0,71921.3895
high_friction,0.6940000000000001,664,0.005182317682317682,0.9668674698795181,0.7615658362989324,0.8520238885202389,0.8344380052573271,39764.100000000006,29505.289500000003,1992.0,660.0,71921.3895
high_friction,0.6950000000000001,664,0.005182317682317682,0.9668674698795181,0.7615658362989324,0.8520238885202389,0.8344380052573271,39764.100000000006,29505.289500000003,1992.0,660.0,71921.3895
high_friction,0.6960000000000001,663,0.005174512987012987,0.9683257918552036,0.7615658362989324,0.852589641434263,0.8344380052573271,39764.100000000006,29505.289500000003,1989.0,630.0,71888.3895
high_friction,0.6970000000000001,663,0.005174512987012987,0.9683257918552036,0.7615658362989324,0.852589641434263,0.8344380052573271,39764.100000000006,29505.289500000003,1989.0,630.0,71888.3895
high_friction,0.6980000000000001,663,0.005174512987012987,0.9683257918552036,0.7615658362989324,0.852589641434263,0.8344380052573271,39764.100000000006,29505.289500000003,1989.0,630.0,71888.3895
high_friction,0.6990000000000001,663,0.005174512987012987,0.9683257918552036,0.7615658362989324,0.852589641434263,0.8344380052573271,39764.100000000006,29505.289500000003,1989.0,630.0,71888.3895
high_friction,0.7000000000000001,663,0.005174512987012987,0.9683257918552036,0.7615658362989324,0.852589641434263,0.8344380052573271,39764.100000000006,29505.289500000003,1989.0,630.0,71888.3895
high_friction,0.7010000000000001,663,0.005174512987012987,0.9683257918552036,0.7615658362989324,0.852589641434263,0.8344380052573271,39764.100000000006,29505.289500000003,1989.0,630.0,71888.3895
high_friction,0.7020000000000001,663,0.005174512987012987,0.9683257918552036,0.7615658362989324,0.852589641434263,0.8344380052573271,39764.100000000006,29505.289500000003,1989.0,630.0,71888.3895
high_friction,0.7030000000000001,663,0.005174512987012987,0.9683257918552036,0.7615658362989324,0.852589641434263,0.8344380052573271,39764.100000000006,29505.289500000003,1989.0,630.0,71888.3895
high_friction,0.7040000000000001,662,0.005166708291708292,0.9697885196374623,0.7615658362989324,0.8531561461794019,0.8344380052573271,39764.100000000006,29505.289500000003,1986.0,600.0,71855.3895
high_friction,0.705,662,0.005166708291708292,0.9697885196374623,0.7615658362989324,0.8531561461794019,0.8344380052573271,39764.100000000006,29505.289500000003,1986.0,600.0,71855.3895
high_friction,0.706,662,0.005166708291708292,0.9697885196374623,0.7615658362989324,0.8531561461794019,0.8344380052573271,39764.100000000006,29505.289500000003,1986.0,600.0,71855.3895
high_friction,0.707,662,0.005166708291708292,0.9697885196374623,0.7615658362989324,0.8531561461794019,0.8344380052573271,39764.100000000006,29505.289500000003,1986.0,600.0,71855.3895
high_friction,0.708,662,0.005166708291708292,0.9697885196374623,0.7615658362989324,0.8531561461794019,0.8344380052573271,39764.100000000006,29505.289500000003,1986.0,600.0,71855.3895
high_friction,0.709,662,0.005166708291708292,0.9697885196374623,0.7615658362989324,0.8531561461794019,0.8344380052573271,39764.100000000006,29505.289500000003,1986.0,600.0,71855.3895
high_friction,0.71,662,0.005166708291708292,0.9697885196374623,0.7615658362989324,0.8531561461794019,0.8344380052573271,39764.100000000006,29505.289500000003,1986.0,600.0,71855.3895
high_friction,0.711,662,0.005166708291708292,0.9697885196374623,0.7615658362989324,0.8531561461794019,0.8344380052573271,39764.100000000006,29505.289500000003,1986.0,600.0,71855.3895
high_friction,0.712,662,0.005166708291708292,0.9697885196374623,0.7615658362989324,0.8531561461794019,0.8344380052573271,39764.100000000006,29505.289500000003,1986.0,600.0,71855.3895
high_friction,0.713,662,0.005166708291708292,0.9697885196374623,0.7615658362989324,0.8531561461794019,0.8344380052573271,39764.100000000006,29505.289500000003,1986.0,600.0,71855.3895
high_friction,0.714,662,0.005166708291708292,0.9697885196374623,0.7615658362989324,0.8531561461794019,0.8344380052573271,39764.100000000006,29505.289500000003,1986.0,600.0,71855.3895
high_friction,0.715,635,0.004955981518481518,0.9779527559055118,0.7366548042704626,0.8403247631935047,0.8026842512562599,47215.100000000006,28387.639500000005,1905.0,420.0,77927.73950000001
high_friction,0.716,635,0.004955981518481518,0.9779527559055118,0.7366548042704626,0.8403247631935047,0.8026842512562599,47215.100000000006,28387.639500000005,1905.0,420.0,77927.73950000001
high_friction,0.717,635,0.004955981518481518,0.9779527559055118,0.7366548042704626,0.8403247631935047,0.8026842512562599,47215.100000000006,28387.639500000005,1905.0,420.0,77927.73950000001
high_friction,0.718,635,0.004955981518481518,0.9779527559055118,0.7366548042704626,0.8403247631935047,0.8026842512562599,47215.100000000006,28387.639500000005,1905.0,420.0,77927.73950000001
high_friction,0.719,635,0.004955981518481518,0.9779527559055118,0.7366548042704626,0.8403247631935047,0.8026842512562599,47215.100000000006,28387.639500000005,1905.0,420.0,77927.73950000001
high_friction,0.72,635,0.004955981518481518,0.9779527559055118,0.7366548042704626,0.8403247631935047,0.8026842512562599,47215.100000000006,28387.639500000005,1905.0,420.0,77927.73950000001
high_friction,0.721,635,0.004955981518481518,0.9779527559055118,0.7366548042704626,0.8403247631935047,0.8026842512562599,47215.100000000006,28387.639500000005,1905.0,420.0,77927.73950000001
high_friction,0.722,635,0.004955981518481518,0.9779527559055118,0.7366548042704626,0.8403247631935047,0.8026842512562599,47215.100000000006,28387.639500000005,1905.0,420.0,77927.73950000001
high_friction,0.723,635,0.004955981518481518,0.9779527559055118,0.7366548042704626,0.8403247631935047,0.8026842512562599,47215.100000000006,28387.639500000005,1905.0,420.0,77927.73950000001
high_friction,0.724,635,0.004955981518481518,0.9779527559055118,0.7366548042704626,0.8403247631935047,0.8026842512562599,47215.100000000006,28387.639500000005,1905.0,420.0,77927.73950000001
high_friction,0.725,635,0.004955981518481518,0.9779527559055118,0.7366548042704626,0.8403247631935047,0.8026842512562599,47215.100000000006,28387.639500000005,1905.0,420.0,77927.73950000001
high_friction,0.726,635,0.004955981518481518,0.9779527559055118,0.7366548042704626,0.8403247631935047,0.8026842512562599,47215.100000000006,28387.639500000005,1905.0,420.0,77927.73950000001
high_friction,0.727,635,0.004955981518481518,0.9779527559055118,0.7366548042704626,0.8403247631935047,0.8026842512562599,47215.100000000006,28387.639500000005,1905.0,420.0,77927.73950000001
high_friction,0.728,635,0.004955981518481518,0.9779527559055118,0.7366548042704626,0.8403247631935047,0.8026842512562599,47215.100000000006,28387.639500000005,1905.0,420.0,77927.73950000001
high_friction,0.729,635,0.004955981518481518,0.9779527559055118,0.7366548042704626,0.8403247631935047,0.8026842512562599,47215.100000000006,28387.639500000005,1905.0,420.0,77927.73950000001
high_friction,0.73,635,0.004955981518481518,0.9779527559055118,0.7366548042704626,0.8403247631935047,0.8026842512562599,47215.100000000006,28387.639500000005,1905.0,420.0,77927.73950000001
high_friction,0.731,635,0.004955981518481518,0.9779527559055118,0.7366548042704626,0.8403247631935047,0.8026842512562599,47215.100000000006,28387.639500000005,1905.0,420.0,77927.73950000001
high_friction,0.732,635,0.004955981518481518,0.9779527559055118,0.7366548042704626,0.8403247631935047,0.8026842512562599,47215.100000000006,28387.639500000005,1905.0,420.0,77927.73950000001
high_friction,0.733,635,0.004955981518481518,0.9779527559055118,0.7366548042704626,0.8403247631935047,0.8026842512562599,47215.100000000006,28387.639500000005,1905.0,420.0,77927.73950000001
high_friction,0.734,635,0.004955981518481518,0.9779527559055118,0.7366548042704626,0.8403247631935047,0.8026842512562599,47215.100000000006,28387.639500000005,1905.0,420.0,77927.73950000001
high_friction,0.735,635,0.004955981518481518,0.9779527559055118,0.7366548042704626,0.8403247631935047,0.8026842512562599,47215.100000000006,28387.639500000005,1905.0,420.0,77927.73950000001
high_friction,0.736,635,0.004955981518481518,0.9779527559055118,0.7366548042704626,0.8403247631935047,0.8026842512562599,47215.100000000006,28387.639500000005,1905.0,420.0,77927.73950000001
high_friction,0.737,635,0.004955981518481518,0.9779527559055118,0.7366548042704626,0.8403247631935047,0.8026842512562599,47215.100000000006,28387.639500000005,1905.0,420.0,77927.73950000001
high_friction,0.738,635,0.004955981518481518,0.9779527559055118,0.7366548042704626,0.8403247631935047,0.8026842512562599,47215.100000000006,28387.639500000005,1905.0,420.0,77927.73950000001
high_friction,0.739,635,0.004955981518481518,0.9779527559055118,0.7366548042704626,0.8403247631935047,0.8026842512562599,47215.100000000006,28387.639500000005,1905.0,420.0,77927.73950000001
high_friction,0.74,621,0.004846715784215784,0.9871175523349437,0.727164887307236,0.837431693989071,0.791008333200679,49957.630000000005,27976.260000000002,1863.0,240.0,80036.89000000001
high_friction,0.741,621,0.004846715784215784,0.9871175523349437,0.727164887307236,0.837431693989071,0.791008333200679,49957.630000000005,27976.260000000002,1863.0,240.0,80036.89000000001
high_friction,0.742,621,0.004846715784215784,0.9871175523349437,0.727164887307236,0.837431693989071,0.791008333200679,49957.630000000005,27976.260000000002,1863.0,240.0,80036.89000000001
high_friction,0.743,621,0.004846715784215784,0.9871175523349437,0.727164887307236,0.837431693989071,0.791008333200679,49957.630000000005,27976.260000000002,1863.0,240.0,80036.89000000001
high_friction,0.744,621,0.004846715784215784,0.9871175523349437,0.727164887307236,0.837431693989071,0.791008333200679,49957.630000000005,27976.260000000002,1863.0,240.0,80036.89000000001
high_friction,0.745,621,0.004846715784215784,0.9871175523349437,0.727164887307236,0.837431693989071,0.791008333200679,49957.630000000005,27976.260000000002,1863.0,240.0,80036.89000000001
high_friction,0.746,621,0.004846715784215784,0.9871175523349437,0.727164887307236,0.837431693989071,0.791008333200679,49957.630000000005,27976.260000000002,1863.0,240.0,80036.89000000001
high_friction,0.747,621,0.004846715784215784,0.9871175523349437,0.727164887307236,0.837431693989071,0.791008333200679,49957.630000000005,27976.260000000002,1863.0,240.0,80036.89000000001
high_friction,0.748,621,0.004846715784215784,0.9871175523349437,0.727164887307236,0.837431693989071,0.791008333200679,49957.630000000005,27976.260000000002,1863.0,240.0,80036.89000000001
high_friction,0.749,621,0.004846715784215784,0.9871175523349437,0.727164887307236,0.837431693989071,0.791008333200679,49957.630000000005,27976.260000000002,1863.0,240.0,80036.89000000001
high_friction,0.75,621,0.004846715784215784,0.9871175523349437,0.727164887307236,0.837431693989071,0.791008333200679,49957.630000000005,27976.260000000002,1863.0,240.0,80036.89000000001
high_friction,0.751,621,0.004846715784215784,0.9871175523349437,0.727164887307236,0.837431693989071,0.791008333200679,49957.630000000005,27976.260000000002,1863.0,240.0,80036.89000000001
high_friction,0.752,621,0.004846715784215784,0.9871175523349437,0.727164887307236,0.837431693989071,0.791008333200679,49957.630000000005,27976.260000000002,1863.0,240.0,80036.89000000001
high_friction,0.753,621,0.004846715784215784,0.9871175523349437,0.727164887307236,0.837431693989071,0.791008333200679,49957.630000000005,27976.260000000002,1863.0,240.0,80036.89000000001
high_friction,0.754,621,0.004846715784215784,0.9871175523349437,0.727164887307236,0.837431693989071,0.791008333200679,49957.630000000005,27976.260000000002,1863.0,240.0,80036.89000000001
high_friction,0.755,621,0.004846715784215784,0.9871175523349437,0.727164887307236,0.837431693989071,0.791008333200679,49957.630000000005,27976.260000000002,1863.0,240.0,80036.89000000001
high_friction,0.756,621,0.004846715784215784,0.9871175523349437,0.727164887307236,0.837431693989071,0.791008333200679,49957.630000000005,27976.260000000002,1863.0,240.0,80036.89000000001
high_friction,0.757,621,0.004846715784215784,0.9871175523349437,0.727164887307236,0.837431693989071,0.791008333200679,49957.630000000005,27976.260000000002,1863.0,240.0,80036.89000000001
high_friction,0.758,621,0.004846715784215784,0.9871175523349437,0.727164887307236,0.837431693989071,0.791008333200679,49957.630000000005,27976.260000000002,1863.0,240.0,80036.89000000001
high_friction,0.759,621,0.004846715784215784,0.9871175523349437,0.727164887307236,0.837431693989071,0.791008333200679,49957.630000000005,27976.260000000002,1863.0,240.0,80036.89000000001
high_friction,0.76,621,0.004846715784215784,0.9871175523349437,0.727164887307236,0.837431693989071,0.791008333200679,49957.630000000005,27976.260000000002,1863.0,240.0,80036.89000000001
high_friction,0.761,621,0.004846715784215784,0.9871175523349437,0.727164887307236,0.837431693989071,0.791008333200679,49957.630000000005,27976.260000000002,1863.0,240.0,80036.89000000001
high_friction,0.762,621,0.004846715784215784,0.9871175523349437,0.727164887307236,0.837431693989071,0.791008333200679,49957.630000000005,27976.260000000002,1863.0,240.0,80036.89000000001
high_friction,0.763,621,0.004846715784215784,0.9871175523349437,0.727164887307236,0.837431693989071,0.791008333200679,49957.630000000005,27976.260000000002,1863.0,240.0,80036.89000000001
high_friction,0.764,621,0.004846715784215784,0.9871175523349437,0.727164887307236,0.837431693989071,0.791008333200679,49957.630000000005,27976.260000000002,1863.0,240.0,80036.89000000001
high_friction,0.765,621,0.004846715784215784,0.9871175523349437,0.727164887307236,0.837431693989071,0.791008333200679,49957.630000000005,27976.260000000002,1863.0,240.0,80036.89000000001
high_friction,0.766,621,0.004846715784215784,0.9871175523349437,0.727164887307236,0.837431693989071,0.791008333200679,49957.630000000005,27976.260000000002,1863.0,240.0,80036.89000000001
high_friction,0.767,621,0.004846715784215784,0.9871175523349437,0.727164887307236,0.837431693989071,0.791008333200679,49957.630000000005,27976.260000000002,1863.0,240.0,80036.89000000001
high_friction,0.768,621,0.004846715784215784,0.9871175523349437,0.727164887307236,0.837431693989071,0.791008333200679,49957.630000000005,27976.260000000002,1863.0,240.0,80036.89000000001
high_friction,0.769,621,0.004846715784215784,0.9871175523349437,0.727164887307236,0.837431693989071,0.791008333200679,49957.630000000005,27976.260000000002,1863.0,240.0,80036.89000000001
high_friction,0.77,621,0.004846715784215784,0.9871175523349437,0.727164887307236,0.837431693989071,0.791008333200679,49957.630000000005,27976.260000000002,1863.0,240.0,80036.89000000001
high_friction,0.771,621,0.004846715784215784,0.9871175523349437,0.727164887307236,0.837431693989071,0.791008333200679,49957.630000000005,27976.260000000002,1863.0,240.0,80036.89000000001
high_friction,0.772,621,0.004846715784215784,0.9871175523349437,0.727164887307236,0.837431693989071,0.791008333200679,49957.630000000005,27976.260000000002,1863.0,240.0,80036.89000000001
high_friction,0.773,621,0.004846715784215784,0.9871175523349437,0.727164887307236,0.837431693989071,0.791008333200679,49957.630000000005,27976.260000000002,1863.0,240.0,80036.89000000001
high_friction,0.774,621,0.004846715784215784,0.9871175523349437,0.727164887307236,0.837431693989071,0.791008333200679,49957.630000000005,27976.260000000002,1863.0,240.0,80036.89000000001
high_friction,0.775,621,0.004846715784215784,0.9871175523349437,0.727164887307236,0.837431693989071,0.791008333200679,49957.630000000005,27976.260000000002,1863.0,240.0,80036.89000000001
high_friction,0.776,621,0.004846715784215784,0.9871175523349437,0.727164887307236,0.837431693989071,0.791008333200679,49957.630000000005,27976.260000000002,1863.0,240.0,80036.89000000001
high_friction,0.777,621,0.004846715784215784,0.9871175523349437,0.727164887307236,0.837431693989071,0.791008333200679,49957.630000000005,27976.260000000002,1863.0,240.0,80036.89000000001
high_friction,0.778,621,0.004846715784215784,0.9871175523349437,0.727164887307236,0.837431693989071,0.791008333200679,49957.630000000005,27976.260000000002,1863.0,240.0,80036.89000000001
high_friction,0.779,621,0.004846715784215784,0.9871175523349437,0.727164887307236,0.837431693989071,0.791008333200679,49957.630000000005,27976.260000000002,1863.0,240.0,80036.89000000001
high_friction,0.78,621,0.004846715784215784,0.9871175523349437,0.727164887307236,0.837431693989071,0.791008333200679,49957.630000000005,27976.260000000002,1863.0,240.0,80036.89000000001
high_friction,0.781,621,0.004846715784215784,0.9871175523349437,0.727164887307236,0.837431693989071,0.791008333200679,49957.630000000005,27976.260000000002,1863.0,240.0,80036.89000000001
high_friction,0.782,621,0.004846715784215784,0.9871175523349437,0.727164887307236,0.837431693989071,0.791008333200679,49957.630000000005,27976.260000000002,1863.0,240.0,80036.89000000001
high_friction,0.783,621,0.004846715784215784,0.9871175523349437,0.727164887307236,0.837431693989071,0.791008333200679,49957.630000000005,27976.260000000002,1863.0,240.0,80036.89000000001
high_friction,0.784,621,0.004846715784215784,0.9871175523349437,0.727164887307236,0.837431693989071,0.791008333200679,49957.630000000005,27976.260000000002,1863.0,240.0,80036.89000000001
high_friction,0.785,621,0.004846715784215784,0.9871175523349437,0.727164887307236,0.837431693989071,0.791008333200679,49957.630000000005,27976.260000000002,1863.0,240.0,80036.89000000001
high_friction,0.786,621,0.004846715784215784,0.9871175523349437,0.727164887307236,0.837431693989071,0.791008333200679,49957.630000000005,27976.260000000002,1863.0,240.0,80036.89000000001
high_friction,0.787,621,0.004846715784215784,0.9871175523349437,0.727164887307236,0.837431693989071,0.791008333200679,49957.630000000005,27976.260000000002,1863.0,240.0,80036.89000000001
high_friction,0.788,621,0.004846715784215784,0.9871175523349437,0.727164887307236,0.837431693989071,0.791008333200679,49957.630000000005,27976.260000000002,1863.0,240.0,80036.89000000001
high_friction,0.789,621,0.004846715784215784,0.9871175523349437,0.727164887307236,0.837431693989071,0.791008333200679,49957.630000000005,27976.260000000002,1863.0,240.0,80036.89000000001
high_friction,0.79,621,0.004846715784215784,0.9871175523349437,0.727164887307236,0.837431693989071,0.791008333200679,49957.630000000005,27976.260000000002,1863.0,240.0,80036.89000000001
high_friction,0.791,621,0.004846715784215784,0.9871175523349437,0.727164887307236,0.837431693989071,0.791008333200679,49957.630000000005,27976.260000000002,1863.0,240.0,80036.89000000001
high_friction,0.792,621,0.004846715784215784,0.9871175523349437,0.727164887307236,0.837431693989071,0.791008333200679,49957.630000000005,27976.260000000002,1863.0,240.0,80036.89000000001
high_friction,0.793,621,0.004846715784215784,0.9871175523349437,0.727164887307236,0.837431693989071,0.791008333200679,49957.630000000005,27976.260000000002,1863.0,240.0,80036.89000000001
high_friction,0.794,621,0.004846715784215784,0.9871175523349437,0.727164887307236,0.837431693989071,0.791008333200679,49957.630000000005,27976.260000000002,1863.0,240.0,80036.89000000001
high_friction,0.795,621,0.004846715784215784,0.9871175523349437,0.727164887307236,0.837431693989071,0.791008333200679,49957.630000000005,27976.260000000002,1863.0,240.0,80036.89000000001
high_friction,0.796,621,0.004846715784215784,0.9871175523349437,0.727164887307236,0.837431693989071,0.791008333200679,49957.630000000005,27976.260000000002,1863.0,240.0,80036.89000000001
high_friction,0.797,621,0.004846715784215784,0.9871175523349437,0.727164887307236,0.837431693989071,0.791008333200679,49957.630000000005,27976.260000000002,1863.0,240.0,80036.89000000001
high_friction,0.798,621,0.004846715784215784,0.9871175523349437,0.727164887307236,0.837431693989071,0.791008333200679,49957.630000000005,27976.260000000002,1863.0,240.0,80036.89000000001
high_friction,0.799,621,0.004846715784215784,0.9871175523349437,0.727164887307236,0.837431693989071,0.791008333200679,49957.630000000005,27976.260000000002,1863.0,240.0,80036.89000000001
high_friction,0.8,621,0.004846715784215784,0.9871175523349437,0.727164887307236,0.837431693989071,0.791008333200679,49957.630000000005,27976.260000000002,1863.0,240.0,80036.89000000001
high_friction,0.801,603,0.004706231268731269,0.9917081260364843,0.7093712930011863,0.8271092669432918,0.7743788996852822,53899.74,27384.943500000005,1809.0,150.0,83243.6835
high_friction,0.802,603,0.004706231268731269,0.9917081260364843,0.7093712930011863,0.8271092669432918,0.7743788996852822,53899.74,27384.943500000005,1809.0,150.0,83243.6835
high_friction,0.803,603,0.004706231268731269,0.9917081260364843,0.7093712930011863,0.8271092669432918,0.7743788996852822,53899.74,27384.943500000005,1809.0,150.0,83243.6835
high_friction,0.804,603,0.004706231268731269,0.9917081260364843,0.7093712930011863,0.8271092669432918,0.7743788996852822,53899.74,27384.943500000005,1809.0,150.0,83243.6835
high_friction,0.805,603,0.004706231268731269,0.9917081260364843,0.7093712930011863,0.8271092669432918,0.7743788996852822,53899.74,27384.943500000005,1809.0,150.0,83243.6835
high_friction,0.806,603,0.004706231268731269,0.9917081260364843,0.7093712930011863,0.8271092669432918,0.7743788996852822,53899.74,27384.943500000005,1809.0,150.0,83243.6835
high_friction,0.807,603,0.004706231268731269,0.9917081260364843,0.7093712930011863,0.8271092669432918,0.7743788996852822,53899.74,27384.943500000005,1809.0,150.0,83243.6835
high_friction,0.808,603,0.004706231268731269,0.9917081260364843,0.7093712930011863,0.8271092669432918,0.7743788996852822,53899.74,27384.943500000005,1809.0,150.0,83243.6835
high_friction,0.809,603,0.004706231268731269,0.9917081260364843,0.7093712930011863,0.8271092669432918,0.7743788996852822,53899.74,27384.943500000005,1809.0,150.0,83243.6835
high_friction,0.81,602,0.004698426573426573,0.9916943521594684,0.708185053380783,0.8262975778546713,0.7719803752064971,54456.69,27301.401000000005,1806.0,150.0,83714.09100000001
high_friction,0.811,602,0.004698426573426573,0.9916943521594684,0.708185053380783,0.8262975778546713,0.7719803752064971,54456.69,27301.401000000005,1806.0,150.0,83714.09100000001
high_friction,0.812,602,0.004698426573426573,0.9916943521594684,0.708185053380783,0.8262975778546713,0.7719803752064971,54456.69,27301.401000000005,1806.0,150.0,83714.09100000001
high_friction,0.8130000000000001,602,0.004698426573426573,0.9916943521594684,0.708185053380783,0.8262975778546713,0.7719803752064971,54456.69,27301.401000000005,1806.0,150.0,83714.09100000001
high_friction,0.8140000000000001,602,0.004698426573426573,0.9916943521594684,0.708185053380783,0.8262975778546713,0.7719803752064971,54456.69,27301.401000000005,1806.0,150.0,83714.09100000001
high_friction,0.8150000000000001,602,0.004698426573426573,0.9916943521594684,0.708185053380783,0.8262975778546713,0.7719803752064971,54456.69,27301.401000000005,1806.0,150.0,83714.09100000001
high_friction,0.8160000000000001,602,0.004698426573426573,0.9916943521594684,0.708185053380783,0.8262975778546713,0.7719803752064971,54456.69,27301.401000000005,1806.0,150.0,83714.09100000001
high_friction,0.8170000000000001,602,0.004698426573426573,0.9916943521594684,0.708185053380783,0.8262975778546713,0.7719803752064971,54456.69,27301.401000000005,1806.0,150.0,83714.09100000001
high_friction,0.8180000000000001,602,0.004698426573426573,0.9916943521594684,0.708185053380783,0.8262975778546713,0.7719803752064971,54456.69,27301.401000000005,1806.0,150.0,83714.09100000001
high_friction,0.8190000000000001,602,0.004698426573426573,0.9916943521594684,0.708185053380783,0.8262975778546713,0.7719803752064971,54456.69,27301.401000000005,1806.0,150.0,83714.09100000001
high_friction,0.8200000000000001,602,0.004698426573426573,0.9916943521594684,0.708185053380783,0.8262975778546713,0.7719803752064971,54456.69,27301.401000000005,1806.0,150.0,83714.09100000001
high_friction,0.8210000000000001,602,0.004698426573426573,0.9916943521594684,0.708185053380783,0.8262975778546713,0.7719803752064971,54456.69,27301.401000000005,1806.0,150.0,83714.09100000001
high_friction,0.8220000000000001,602,0.004698426573426573,0.9916943521594684,0.708185053380783,0.8262975778546713,0.7719803752064971,54456.69,27301.401000000005,1806.0,150.0,83714.09100000001
high_friction,0.8230000000000001,602,0.004698426573426573,0.9916943521594684,0.708185053380783,0.8262975778546713,0.7719803752064971,54456.69,27301.401000000005,1806.0,150.0,83714.09100000001
high_friction,0.8240000000000001,602,0.004698426573426573,0.9916943521594684,0.708185053380783,0.8262975778546713,0.7719803752064971,54456.69,27301.401000000005,1806.0,150.0,83714.09100000001
high_friction,0.8250000000000001,602,0.004698426573426573,0.9916943521594684,0.708185053380783,0.8262975778546713,0.7719803752064971,54456.69,27301.401000000005,1806.0,150.0,83714.09100000001
high_friction,0.8260000000000001,602,0.004698426573426573,0.9916943521594684,0.708185053380783,0.8262975778546713,0.7719803752064971,54456.69,27301.401000000005,1806.0,150.0,83714.09100000001
high_friction,0.8270000000000001,602,0.004698426573426573,0.9916943521594684,0.708185053380783,0.8262975778546713,0.7719803752064971,54456.69,27301.401000000005,1806.0,150.0,83714.09100000001
high_friction,0.8280000000000001,602,0.004698426573426573,0.9916943521594684,0.708185053380783,0.8262975778546713,0.7719803752064971,54456.69,27301.401000000005,1806.0,150.0,83714.09100000001
high_friction,0.8290000000000001,602,0.004698426573426573,0.9916943521594684,0.708185053380783,0.8262975778546713,0.7719803752064971,54456.69,27301.401000000005,1806.0,150.0,83714.09100000001
high_friction,0.8300000000000001,602,0.004698426573426573,0.9916943521594684,0.708185053380783,0.8262975778546713,0.7719803752064971,54456.69,27301.401000000005,1806.0,150.0,83714.09100000001
high_friction,0.8310000000000001,602,0.004698426573426573,0.9916943521594684,0.708185053380783,0.8262975778546713,0.7719803752064971,54456.69,27301.401000000005,1806.0,150.0,83714.09100000001
high_friction,0.8320000000000001,602,0.004698426573426573,0.9916943521594684,0.708185053380783,0.8262975778546713,0.7719803752064971,54456.69,27301.401000000005,1806.0,150.0,83714.09100000001
high_friction,0.8330000000000001,602,0.004698426573426573,0.9916943521594684,0.708185053380783,0.8262975778546713,0.7719803752064971,54456.69,27301.401000000005,1806.0,150.0,83714.09100000001
high_friction,0.834,602,0.004698426573426573,0.9916943521594684,0.708185053380783,0.8262975778546713,0.7719803752064971,54456.69,27301.401000000005,1806.0,150.0,83714.09100000001
high_friction,0.835,602,0.004698426573426573,0.9916943521594684,0.708185053380783,0.8262975778546713,0.7719803752064971,54456.69,27301.401000000005,1806.0,150.0,83714.09100000001
high_friction,0.836,602,0.004698426573426573,0.9916943521594684,0.708185053380783,0.8262975778546713,0.7719803752064971,54456.69,27301.401000000005,1806.0,150.0,83714.09100000001
high_friction,0.837,602,0.004698426573426573,0.9916943521594684,0.708185053380783,0.8262975778546713,0.7719803752064971,54456.69,27301.401000000005,1806.0,150.0,83714.09100000001
high_friction,0.838,602,0.004698426573426573,0.9916943521594684,0.708185053380783,0.8262975778546713,0.7719803752064971,54456.69,27301.401000000005,1806.0,150.0,83714.09100000001
high_friction,0.839,602,0.004698426573426573,0.9916943521594684,0.708185053380783,0.8262975778546713,0.7719803752064971,54456.69,27301.401000000005,1806.0,150.0,83714.09100000001
high_friction,0.84,602,0.004698426573426573,0.9916943521594684,0.708185053380783,0.8262975778546713,0.7719803752064971,54456.69,27301.401000000005,1806.0,150.0,83714.09100000001
high_friction,0.841,602,0.004698426573426573,0.9916943521594684,0.708185053380783,0.8262975778546713,0.7719803752064971,54456.69,27301.401000000005,1806.0,150.0,83714.09100000001
high_friction,0.842,602,0.004698426573426573,0.9916943521594684,0.708185053380783,0.8262975778546713,0.7719803752064971,54456.69,27301.401000000005,1806.0,150.0,83714.09100000001
high_friction,0.843,602,0.004698426573426573,0.9916943521594684,0.708185053380783,0.8262975778546713,0.7719803752064971,54456.69,27301.401000000005,1806.0,150.0,83714.09100000001
high_friction,0.844,602,0.004698426573426573,0.9916943521594684,0.708185053380783,0.8262975778546713,0.7719803752064971,54456.69,27301.401000000005,1806.0,150.0,83714.09100000001
high_friction,0.845,602,0.004698426573426573,0.9916943521594684,0.708185053380783,0.8262975778546713,0.7719803752064971,54456.69,27301.401000000005,1806.0,150.0,83714.09100000001
high_friction,0.846,602,0.004698426573426573,0.9916943521594684,0.708185053380783,0.8262975778546713,0.7719803752064971,54456.69,27301.401000000005,1806.0,150.0,83714.09100000001
high_friction,0.847,593,0.004628184315684316,0.9915682967959528,0.697508896797153,0.8189415041782729,0.7618078818509515,56866.384999999995,26939.946750000006,1779.0,150.0,85735.33175
high_friction,0.848,593,0.004628184315684316,0.9915682967959528,0.697508896797153,0.8189415041782729,0.7618078818509515,56866.384999999995,26939.946750000006,1779.0,150.0,85735.33175
high_friction,0.849,593,0.004628184315684316,0.9915682967959528,0.697508896797153,0.8189415041782729,0.7618078818509515,56866.384999999995,26939.946750000006,1779.0,150.0,85735.33175
high_friction,0.85,593,0.004628184315684316,0.9915682967959528,0.697508896797153,0.8189415041782729,0.7618078818509515,56866.384999999995,26939.946750000006,1779.0,150.0,85735.33175
high_friction,0.851,593,0.004628184315684316,0.9915682967959528,0.697508896797153,0.8189415041782729,0.7618078818509515,56866.384999999995,26939.946750000006,1779.0,150.0,85735.33175
high_friction,0.852,593,0.004628184315684316,0.9915682967959528,0.697508896797153,0.8189415041782729,0.7618078818509515,56866.384999999995,26939.946750000006,1779.0,150.0,85735.33175
high_friction,0.853,593,0.004628184315684316,0.9915682967959528,0.697508896797153,0.8189415041782729,0.7618078818509515,56866.384999999995,26939.946750000006,1779.0,150.0,85735.33175
high_friction,0.854,593,0.004628184315684316,0.9915682967959528,0.697508896797153,0.8189415041782729,0.7618078818509515,56866.384999999995,26939.946750000006,1779.0,150.0,85735.33175
high_friction,0.855,593,0.004628184315684316,0.9915682967959528,0.697508896797153,0.8189415041782729,0.7618078818509515,56866.384999999995,26939.946750000006,1779.0,150.0,85735.33175
high_friction,0.856,593,0.004628184315684316,0.9915682967959528,0.697508896797153,0.8189415041782729,0.7618078818509515,56866.384999999995,26939.946750000006,1779.0,150.0,85735.33175
high_friction,0.857,593,0.004628184315684316,0.9915682967959528,0.697508896797153,0.8189415041782729,0.7618078818509515,56866.384999999995,26939.946750000006,1779.0,150.0,85735.33175
high_friction,0.858,593,0.004628184315684316,0.9915682967959528,0.697508896797153,0.8189415041782729,0.7618078818509515,56866.384999999995,26939.946750000006,1779.0,150.0,85735.33175
high_friction,0.859,593,0.004628184315684316,0.9915682967959528,0.697508896797153,0.8189415041782729,0.7618078818509515,56866.384999999995,26939.946750000006,1779.0,150.0,85735.33175
high_friction,0.86,593,0.004628184315684316,0.9915682967959528,0.697508896797153,0.8189415041782729,0.7618078818509515,56866.384999999995,26939.946750000006,1779.0,150.0,85735.33175
high_friction,0.861,593,0.004628184315684316,0.9915682967959528,0.697508896797153,0.8189415041782729,0.7618078818509515,56866.384999999995,26939.946750000006,1779.0,150.0,85735.33175
high_friction,0.862,593,0.004628184315684316,0.9915682967959528,0.697508896797153,0.8189415041782729,0.7618078818509515,56866.384999999995,26939.946750000006,1779.0,150.0,85735.33175
high_friction,0.863,593,0.004628184315684316,0.9915682967959528,0.697508896797153,0.8189415041782729,0.7618078818509515,56866.384999999995,26939.946750000006,1779.0,150.0,85735.33175
high_friction,0.864,593,0.004628184315684316,0.9915682967959528,0.697508896797153,0.8189415041782729,0.7618078818509515,56866.384999999995,26939.946750000006,1779.0,150.0,85735.33175
high_friction,0.865,593,0.004628184315684316,0.9915682967959528,0.697508896797153,0.8189415041782729,0.7618078818509515,56866.384999999995,26939.946750000006,1779.0,150.0,85735.33175
high_friction,0.866,593,0.004628184315684316,0.9915682967959528,0.697508896797153,0.8189415041782729,0.7618078818509515,56866.384999999995,26939.946750000006,1779.0,150.0,85735.33175
high_friction,0.867,593,0.004628184315684316,0.9915682967959528,0.697508896797153,0.8189415041782729,0.7618078818509515,56866.384999999995,26939.946750000006,1779.0,150.0,85735.33175
high_friction,0.868,593,0.004628184315684316,0.9915682967959528,0.697508896797153,0.8189415041782729,0.7618078818509515,56866.384999999995,26939.946750000006,1779.0,150.0,85735.33175
high_friction,0.869,593,0.004628184315684316,0.9915682967959528,0.697508896797153,0.8189415041782729,0.7618078818509515,56866.384999999995,26939.946750000006,1779.0,150.0,85735.33175
high_friction,0.87,593,0.004628184315684316,0.9915682967959528,0.697508896797153,0.8189415041782729,0.7618078818509515,56866.384999999995,26939.946750000006,1779.0,150.0,85735.33175
high_friction,0.871,593,0.004628184315684316,0.9915682967959528,0.697508896797153,0.8189415041782729,0.7618078818509515,56866.384999999995,26939.946750000006,1779.0,150.0,85735.33175
high_friction,0.872,543,0.00423794955044955,0.996316758747698,0.641755634638197,0.7806637806637806,0.707704260594258,69673.95999999999,25018.810500000003,1629.0,60.0,96381.7705
high_friction,0.873,543,0.00423794955044955,0.996316758747698,0.641755634638197,0.7806637806637806,0.707704260594258,69673.95999999999,25018.810500000003,1629.0,60.0,96381.7705
high_friction,0.874,543,0.00423794955044955,0.996316758747698,0.641755634638197,0.7806637806637806,0.707704260594258,69673.95999999999,25018.810500000003,1629.0,60.0,96381.7705
high_friction,0.875,543,0.00423794955044955,0.996316758747698,0.641755634638197,0.7806637806637806,0.707704260594258,69673.95999999999,25018.810500000003,1629.0,60.0,96381.7705
high_friction,0.876,543,0.00423794955044955,0.996316758747698,0.641755634638197,0.7806637806637806,0.707704260594258,69673.95999999999,25018.810500000003,1629.0,60.0,96381.7705
high_friction,0.877,543,0.00423794955044955,0.996316758747698,0.641755634638197,0.7806637806637806,0.707704260594258,69673.95999999999,25018.810500000003,1629.0,60.0,96381.7705
high_friction,0.878,543,0.00423794955044955,0.996316758747698,0.641755634638197,0.7806637806637806,0.707704260594258,69673.95999999999,25018.810500000003,1629.0,60.0,96381.7705
high_friction,0.879,543,0.00423794955044955,0.996316758747698,0.641755634638197,0.7806637806637806,0.707704260594258,69673.95999999999,25018.810500000003,1629.0,60.0,96381.7705
high_friction,0.88,543,0.00423794955044955,0.996316758747698,0.641755634638197,0.7806637806637806,0.707704260594258,69673.95999999999,25018.810500000003,1629.0,60.0,96381.7705
high_friction,0.881,543,0.00423794955044955,0.996316758747698,0.641755634638197,0.7806637806637806,0.707704260594258,69673.95999999999,25018.810500000003,1629.0,60.0,96381.7705
high_friction,0.882,543,0.00423794955044955,0.996316758747698,0.641755634638197,0.7806637806637806,0.707704260594258,69673.95999999999,25018.810500000003,1629.0,60.0,96381.7705
high_friction,0.883,543,0.00423794955044955,0.996316758747698,0.641755634638197,0.7806637806637806,0.707704260594258,69673.95999999999,25018.810500000003,1629.0,60.0,96381.7705
high_friction,0.884,543,0.00423794955044955,0.996316758747698,0.641755634638197,0.7806637806637806,0.707704260594258,69673.95999999999,25018.810500000003,1629.0,60.0,96381.7705
high_friction,0.885,543,0.00423794955044955,0.996316758747698,0.641755634638197,0.7806637806637806,0.707704260594258,69673.95999999999,25018.810500000003,1629.0,60.0,96381.7705
high_friction,0.886,543,0.00423794955044955,0.996316758747698,0.641755634638197,0.7806637806637806,0.707704260594258,69673.95999999999,25018.810500000003,1629.0,60.0,96381.7705
high_friction,0.887,543,0.00423794955044955,0.996316758747698,0.641755634638197,0.7806637806637806,0.707704260594258,69673.95999999999,25018.810500000003,1629.0,60.0,96381.7705
high_friction,0.888,543,0.00423794955044955,0.996316758747698,0.641755634638197,0.7806637806637806,0.707704260594258,69673.95999999999,25018.810500000003,1629.0,60.0,96381.7705
high_friction,0.889,543,0.00423794955044955,0.996316758747698,0.641755634638197,0.7806637806637806,0.707704260594258,69673.95999999999,25018.810500000003,1629.0,60.0,96381.7705
high_friction,0.89,543,0.00423794955044955,0.996316758747698,0.641755634638197,0.7806637806637806,0.707704260594258,69673.95999999999,25018.810500000003,1629.0,60.0,96381.7705
high_friction,0.891,543,0.00423794955044955,0.996316758747698,0.641755634638197,0.7806637806637806,0.707704260594258,69673.95999999999,25018.810500000003,1629.0,60.0,96381.7705
high_friction,0.892,543,0.00423794955044955,0.996316758747698,0.641755634638197,0.7806637806637806,0.707704260594258,69673.95999999999,25018.810500000003,1629.0,60.0,96381.7705
high_friction,0.893,543,0.00423794955044955,0.996316758747698,0.641755634638197,0.7806637806637806,0.707704260594258,69673.95999999999,25018.810500000003,1629.0,60.0,96381.7705
high_friction,0.894,543,0.00423794955044955,0.996316758747698,0.641755634638197,0.7806637806637806,0.707704260594258,69673.95999999999,25018.810500000003,1629.0,60.0,96381.7705
high_friction,0.895,543,0.00423794955044955,0.996316758747698,0.641755634638197,0.7806637806637806,0.707704260594258,69673.95999999999,25018.810500000003,1629.0,60.0,96381.7705
high_friction,0.896,543,0.00423794955044955,0.996316758747698,0.641755634638197,0.7806637806637806,0.707704260594258,69673.95999999999,25018.810500000003,1629.0,60.0,96381.7705
high_friction,0.897,543,0.00423794955044955,0.996316758747698,0.641755634638197,0.7806637806637806,0.707704260594258,69673.95999999999,25018.810500000003,1629.0,60.0,96381.7705
high_friction,0.898,542,0.004230144855144855,0.996309963099631,0.6405693950177936,0.779783393501805,0.7070868800864496,69824.745,24996.192750000006,1626.0,60.0,96506.93775
high_friction,0.899,542,0.004230144855144855,0.996309963099631,0.6405693950177936,0.779783393501805,0.7070868800864496,69824.745,24996.192750000006,1626.0,60.0,96506.93775
high_friction,0.9,542,0.004230144855144855,0.996309963099631,0.6405693950177936,0.779783393501805,0.7070868800864496,69824.745,24996.192750000006,1626.0,60.0,96506.93775
high_friction,0.901,542,0.004230144855144855,0.996309963099631,0.6405693950177936,0.779783393501805,0.7070868800864496,69824.745,24996.192750000006,1626.0,60.0,96506.93775
high_friction,0.902,542,0.004230144855144855,0.996309963099631,0.6405693950177936,0.779783393501805,0.7070868800864496,69824.745,24996.192750000006,1626.0,60.0,96506.93775
high_friction,0.903,542,0.004230144855144855,0.996309963099631,0.6405693950177936,0.779783393501805,0.7070868800864496,69824.745,24996.192750000006,1626.0,60.0,96506.93775
high_friction,0.904,542,0.004230144855144855,0.996309963099631,0.6405693950177936,0.779783393501805,0.7070868800864496,69824.745,24996.192750000006,1626.0,60.0,96506.93775
high_friction,0.905,542,0.004230144855144855,0.996309963099631,0.6405693950177936,0.779783393501805,0.7070868800864496,69824.745,24996.192750000006,1626.0,60.0,96506.93775
high_friction,0.906,542,0.004230144855144855,0.996309963099631,0.6405693950177936,0.779783393501805,0.7070868800864496,69824.745,24996.192750000006,1626.0,60.0,96506.93775
high_friction,0.907,542,0.004230144855144855,0.996309963099631,0.6405693950177936,0.779783393501805,0.7070868800864496,69824.745,24996.192750000006,1626.0,60.0,96506.93775
high_friction,0.908,542,0.004230144855144855,0.996309963099631,0.6405693950177936,0.779783393501805,0.7070868800864496,69824.745,24996.192750000006,1626.0,60.0,96506.93775
high_friction,0.909,542,0.004230144855144855,0.996309963099631,0.6405693950177936,0.779783393501805,0.7070868800864496,69824.745,24996.192750000006,1626.0,60.0,96506.93775
high_friction,0.91,542,0.004230144855144855,0.996309963099631,0.6405693950177936,0.779783393501805,0.7070868800864496,69824.745,24996.192750000006,1626.0,60.0,96506.93775
high_friction,0.911,542,0.004230144855144855,0.996309963099631,0.6405693950177936,0.779783393501805,0.7070868800864496,69824.745,24996.192750000006,1626.0,60.0,96506.93775
high_friction,0.912,542,0.004230144855144855,0.996309963099631,0.6405693950177936,0.779783393501805,0.7070868800864496,69824.745,24996.192750000006,1626.0,60.0,96506.93775
high_friction,0.913,541,0.00422234015984016,0.9963031423290203,0.6393831553973903,0.7789017341040463,0.7054545283918511,70206.98,24938.857500000002,1623.0,60.0,96828.8375
high_friction,0.914,541,0.00422234015984016,0.9963031423290203,0.6393831553973903,0.7789017341040463,0.7054545283918511,70206.98,24938.857500000002,1623.0,60.0,96828.8375
high_friction,0.915,541,0.00422234015984016,0.9963031423290203,0.6393831553973903,0.7789017341040463,0.7054545283918511,70206.98,24938.857500000002,1623.0,60.0,96828.8375
high_friction,0.916,541,0.00422234015984016,0.9963031423290203,0.6393831553973903,0.7789017341040463,0.7054545283918511,70206.98,24938.857500000002,1623.0,60.0,96828.8375
high_friction,0.917,541,0.00422234015984016,0.9963031423290203,0.6393831553973903,0.7789017341040463,0.7054545283918511,70206.98,24938.857500000002,1623.0,60.0,96828.8375
high_friction,0.918,541,0.00422234015984016,0.9963031423290203,0.6393831553973903,0.7789017341040463,0.7054545283918511,70206.98,24938.857500000002,1623.0,60.0,96828.8375
high_friction,0.919,541,0.00422234015984016,0.9963031423290203,0.6393831553973903,0.7789017341040463,0.7054545283918511,70206.98,24938.857500000002,1623.0,60.0,96828.8375
high_friction,0.92,541,0.00422234015984016,0.9963031423290203,0.6393831553973903,0.7789017341040463,0.7054545283918511,70206.98,24938.857500000002,1623.0,60.0,96828.8375
high_friction,0.921,541,0.00422234015984016,0.9963031423290203,0.6393831553973903,0.7789017341040463,0.7054545283918511,70206.98,24938.857500000002,1623.0,60.0,96828.8375
high_friction,0.922,541,0.00422234015984016,0.9963031423290203,0.6393831553973903,0.7789017341040463,0.7054545283918511,70206.98,24938.857500000002,1623.0,60.0,96828.8375
high_friction,0.923,541,0.00422234015984016,0.9963031423290203,0.6393831553973903,0.7789017341040463,0.7054545283918511,70206.98,24938.857500000002,1623.0,60.0,96828.8375
high_friction,0.924,541,0.00422234015984016,0.9963031423290203,0.6393831553973903,0.7789017341040463,0.7054545283918511,70206.98,24938.857500000002,1623.0,60.0,96828.8375
high_friction,0.925,541,0.00422234015984016,0.9963031423290203,0.6393831553973903,0.7789017341040463,0.7054545283918511,70206.98,24938.857500000002,1623.0,60.0,96828.8375
high_friction,0.926,541,0.00422234015984016,0.9963031423290203,0.6393831553973903,0.7789017341040463,0.7054545283918511,70206.98,24938.857500000002,1623.0,60.0,96828.8375
high_friction,0.927,541,0.00422234015984016,0.9963031423290203,0.6393831553973903,0.7789017341040463,0.7054545283918511,70206.98,24938.857500000002,1623.0,60.0,96828.8375
high_friction,0.928,541,0.00422234015984016,0.9963031423290203,0.6393831553973903,0.7789017341040463,0.7054545283918511,70206.98,24938.857500000002,1623.0,60.0,96828.8375
high_friction,0.929,541,0.00422234015984016,0.9963031423290203,0.6393831553973903,0.7789017341040463,0.7054545283918511,70206.98,24938.857500000002,1623.0,60.0,96828.8375
high_friction,0.93,541,0.00422234015984016,0.9963031423290203,0.6393831553973903,0.7789017341040463,0.7054545283918511,70206.98,24938.857500000002,1623.0,60.0,96828.8375
high_friction,0.931,541,0.00422234015984016,0.9963031423290203,0.6393831553973903,0.7789017341040463,0.7054545283918511,70206.98,24938.857500000002,1623.0,60.0,96828.8375
high_friction,0.932,541,0.00422234015984016,0.9963031423290203,0.6393831553973903,0.7789017341040463,0.7054545283918511,70206.98,24938.857500000002,1623.0,60.0,96828.8375
high_friction,0.933,541,0.00422234015984016,0.9963031423290203,0.6393831553973903,0.7789017341040463,0.7054545283918511,70206.98,24938.857500000002,1623.0,60.0,96828.8375
high_friction,0.934,541,0.00422234015984016,0.9963031423290203,0.6393831553973903,0.7789017341040463,0.7054545283918511,70206.98,24938.857500000002,1623.0,60.0,96828.8375
high_friction,0.935,541,0.00422234015984016,0.9963031423290203,0.6393831553973903,0.7789017341040463,0.7054545283918511,70206.98,24938.857500000002,1623.0,60.0,96828.8375
high_friction,0.936,541,0.00422234015984016,0.9963031423290203,0.6393831553973903,0.7789017341040463,0.7054545283918511,70206.98,24938.857500000002,1623.0,60.0,96828.8375
high_friction,0.937,541,0.00422234015984016,0.9963031423290203,0.6393831553973903,0.7789017341040463,0.7054545283918511,70206.98,24938.857500000002,1623.0,60.0,96828.8375
high_friction,0.9380000000000001,541,0.00422234015984016,0.9963031423290203,0.6393831553973903,0.7789017341040463,0.7054545283918511,70206.98,24938.857500000002,1623.0,60.0,96828.8375
high_friction,0.9390000000000001,541,0.00422234015984016,0.9963031423290203,0.6393831553973903,0.7789017341040463,0.7054545283918511,70206.98,24938.857500000002,1623.0,60.0,96828.8375
high_friction,0.9400000000000001,541,0.00422234015984016,0.9963031423290203,0.6393831553973903,0.7789017341040463,0.7054545283918511,70206.98,24938.857500000002,1623.0,60.0,96828.8375
high_friction,0.9410000000000001,541,0.00422234015984016,0.9963031423290203,0.6393831553973903,0.7789017341040463,0.7054545283918511,70206.98,24938.857500000002,1623.0,60.0,96828.8375
high_friction,0.9420000000000001,541,0.00422234015984016,0.9963031423290203,0.6393831553973903,0.7789017341040463,0.7054545283918511,70206.98,24938.857500000002,1623.0,60.0,96828.8375
high_friction,0.9430000000000001,541,0.00422234015984016,0.9963031423290203,0.6393831553973903,0.7789017341040463,0.7054545283918511,70206.98,24938.857500000002,1623.0,60.0,96828.8375
high_friction,0.9440000000000001,541,0.00422234015984016,0.9963031423290203,0.6393831553973903,0.7789017341040463,0.7054545283918511,70206.98,24938.857500000002,1623.0,60.0,96828.8375
high_friction,0.9450000000000001,541,0.00422234015984016,0.9963031423290203,0.6393831553973903,0.7789017341040463,0.7054545283918511,70206.98,24938.857500000002,1623.0,60.0,96828.8375
high_friction,0.9460000000000001,541,0.00422234015984016,0.9963031423290203,0.6393831553973903,0.7789017341040463,0.7054545283918511,70206.98,24938.857500000002,1623.0,60.0,96828.8375
high_friction,0.9470000000000001,541,0.00422234015984016,0.9963031423290203,0.6393831553973903,0.7789017341040463,0.7054545283918511,70206.98,24938.857500000002,1623.0,60.0,96828.8375
high_friction,0.9480000000000001,541,0.00422234015984016,0.9963031423290203,0.6393831553973903,0.7789017341040463,0.7054545283918511,70206.98,24938.857500000002,1623.0,60.0,96828.8375
high_friction,0.9490000000000001,541,0.00422234015984016,0.9963031423290203,0.6393831553973903,0.7789017341040463,0.7054545283918511,70206.98,24938.857500000002,1623.0,60.0,96828.8375
high_friction,0.9500000000000001,541,0.00422234015984016,0.9963031423290203,0.6393831553973903,0.7789017341040463,0.7054545283918511,70206.98,24938.857500000002,1623.0,60.0,96828.8375
high_friction,0.9510000000000001,541,0.00422234015984016,0.9963031423290203,0.6393831553973903,0.7789017341040463,0.7054545283918511,70206.98,24938.857500000002,1623.0,60.0,96828.8375
high_friction,0.9520000000000001,541,0.00422234015984016,0.9963031423290203,0.6393831553973903,0.7789017341040463,0.7054545283918511,70206.98,24938.857500000002,1623.0,60.0,96828.8375
high_friction,0.9530000000000001,541,0.00422234015984016,0.9963031423290203,0.6393831553973903,0.7789017341040463,0.7054545283918511,70206.98,24938.857500000002,1623.0,60.0,96828.8375
high_friction,0.9540000000000001,541,0.00422234015984016,0.9963031423290203,0.6393831553973903,0.7789017341040463,0.7054545283918511,70206.98,24938.857500000002,1623.0,60.0,96828.8375
high_friction,0.9550000000000001,541,0.00422234015984016,0.9963031423290203,0.6393831553973903,0.7789017341040463,0.7054545283918511,70206.98,24938.857500000002,1623.0,60.0,96828.8375
high_friction,0.9560000000000001,541,0.00422234015984016,0.9963031423290203,0.6393831553973903,0.7789017341040463,0.7054545283918511,70206.98,24938.857500000002,1623.0,60.0,96828.8375
high_friction,0.9570000000000001,541,0.00422234015984016,0.9963031423290203,0.6393831553973903,0.7789017341040463,0.7054545283918511,70206.98,24938.857500000002,1623.0,60.0,96828.8375
high_friction,0.9580000000000001,541,0.00422234015984016,0.9963031423290203,0.6393831553973903,0.7789017341040463,0.7054545283918511,70206.98,24938.857500000002,1623.0,60.0,96828.8375
high_friction,0.9590000000000001,541,0.00422234015984016,0.9963031423290203,0.6393831553973903,0.7789017341040463,0.7054545283918511,70206.98,24938.857500000002,1623.0,60.0,96828.8375
high_friction,0.9600000000000001,541,0.00422234015984016,0.9963031423290203,0.6393831553973903,0.7789017341040463,0.7054545283918511,70206.98,24938.857500000002,1623.0,60.0,96828.8375
high_friction,0.961,541,0.00422234015984016,0.9963031423290203,0.6393831553973903,0.7789017341040463,0.7054545283918511,70206.98,24938.857500000002,1623.0,60.0,96828.8375
high_friction,0.962,541,0.00422234015984016,0.9963031423290203,0.6393831553973903,0.7789017341040463,0.7054545283918511,70206.98,24938.857500000002,1623.0,60.0,96828.8375
high_friction,0.963,541,0.00422234015984016,0.9963031423290203,0.6393831553973903,0.7789017341040463,0.7054545283918511,70206.98,24938.857500000002,1623.0,60.0,96828.8375
high_friction,0.964,541,0.00422234015984016,0.9963031423290203,0.6393831553973903,0.7789017341040463,0.7054545283918511,70206.98,24938.857500000002,1623.0,60.0,96828.8375
high_friction,0.965,541,0.00422234015984016,0.9963031423290203,0.6393831553973903,0.7789017341040463,0.7054545283918511,70206.98,24938.857500000002,1623.0,60.0,96828.8375
high_friction,0.966,541,0.00422234015984016,0.9963031423290203,0.6393831553973903,0.7789017341040463,0.7054545283918511,70206.98,24938.857500000002,1623.0,60.0,96828.8375
high_friction,0.967,541,0.00422234015984016,0.9963031423290203,0.6393831553973903,0.7789017341040463,0.7054545283918511,70206.98,24938.857500000002,1623.0,60.0,96828.8375
high_friction,0.968,541,0.00422234015984016,0.9963031423290203,0.6393831553973903,0.7789017341040463,0.7054545283918511,70206.98,24938.857500000002,1623.0,60.0,96828.8375
high_friction,0.969,541,0.00422234015984016,0.9963031423290203,0.6393831553973903,0.7789017341040463,0.7054545283918511,70206.98,24938.857500000002,1623.0,60.0,96828.8375
high_friction,0.97,541,0.00422234015984016,0.9963031423290203,0.6393831553973903,0.7789017341040463,0.7054545283918511,70206.98,24938.857500000002,1623.0,60.0,96828.8375
high_friction,0.971,541,0.00422234015984016,0.9963031423290203,0.6393831553973903,0.7789017341040463,0.7054545283918511,70206.98,24938.857500000002,1623.0,60.0,96828.8375
high_friction,0.972,541,0.00422234015984016,0.9963031423290203,0.6393831553973903,0.7789017341040463,0.7054545283918511,70206.98,24938.857500000002,1623.0,60.0,96828.8375
high_friction,0.973,541,0.00422234015984016,0.9963031423290203,0.6393831553973903,0.7789017341040463,0.7054545283918511,70206.98,24938.857500000002,1623.0,60.0,96828.8375
high_friction,0.974,541,0.00422234015984016,0.9963031423290203,0.6393831553973903,0.7789017341040463,0.7054545283918511,70206.98,24938.857500000002,1623.0,60.0,96828.8375
high_friction,0.975,541,0.00422234015984016,0.9963031423290203,0.6393831553973903,0.7789017341040463,0.7054545283918511,70206.98,24938.857500000002,1623.0,60.0,96828.8375
high_friction,0.976,541,0.00422234015984016,0.9963031423290203,0.6393831553973903,0.7789017341040463,0.7054545283918511,70206.98,24938.857500000002,1623.0,60.0,96828.8375
high_friction,0.977,541,0.00422234015984016,0.9963031423290203,0.6393831553973903,0.7789017341040463,0.7054545283918511,70206.98,24938.857500000002,1623.0,60.0,96828.8375
high_friction,0.978,541,0.00422234015984016,0.9963031423290203,0.6393831553973903,0.7789017341040463,0.7054545283918511,70206.98,24938.857500000002,1623.0,60.0,96828.8375
high_friction,0.979,541,0.00422234015984016,0.9963031423290203,0.6393831553973903,0.7789017341040463,0.7054545283918511,70206.98,24938.857500000002,1623.0,60.0,96828.8375
high_friction,0.98,437,0.003410651848151848,1.0,0.5183867141162515,0.6828125,0.5803313406219184,99759.57500000001,20505.96825,1311.0,0.0,121576.54325000002
high_friction,0.981,437,0.003410651848151848,1.0,0.5183867141162515,0.6828125,0.5803313406219184,99759.57500000001,20505.96825,1311.0,0.0,121576.54325000002
high_friction,0.982,437,0.003410651848151848,1.0,0.5183867141162515,0.6828125,0.5803313406219184,99759.57500000001,20505.96825,1311.0,0.0,121576.54325000002
high_friction,0.983,437,0.003410651848151848,1.0,0.5183867141162515,0.6828125,0.5803313406219184,99759.57500000001,20505.96825,1311.0,0.0,121576.54325000002
high_friction,0.984,437,0.003410651848151848,1.0,0.5183867141162515,0.6828125,0.5803313406219184,99759.57500000001,20505.96825,1311.0,0.0,121576.54325000002
high_friction,0.985,436,0.003402847152847153,1.0,0.5172004744958482,0.6817826426896012,0.5803096554522548,99774.52,20503.726500000004,1308.0,0.0,121586.24650000001
high_friction,0.986,436,0.003402847152847153,1.0,0.5172004744958482,0.6817826426896012,0.5803096554522548,99774.52,20503.726500000004,1308.0,0.0,121586.24650000001
high_friction,0.987,379,0.0029579795204795205,1.0,0.44958481613285883,0.6202945990180033,0.5142249669931547,115414.20999999999,18157.773000000005,1137.0,0.0,134708.983
high_friction,0.988,379,0.0029579795204795205,1.0,0.44958481613285883,0.6202945990180033,0.5142249669931547,115414.20999999999,18157.773000000005,1137.0,0.0,134708.983
high_friction,0.989,379,0.0029579795204795205,1.0,0.44958481613285883,0.6202945990180033,0.5142249669931547,115414.20999999999,18157.773000000005,1137.0,0.0,134708.983
high_friction,0.99,379,0.0029579795204795205,1.0,0.44958481613285883,0.6202945990180033,0.5142249669931547,115414.20999999999,18157.773000000005,1137.0,0.0,134708.983
high_friction,0.991,379,0.0029579795204795205,1.0,0.44958481613285883,0.6202945990180033,0.5142249669931547,115414.20999999999,18157.773000000005,1137.0,0.0,134708.983
high_friction,0.992,379,0.0029579795204795205,1.0,0.44958481613285883,0.6202945990180033,0.5142249669931547,115414.20999999999,18157.773000000005,1137.0,0.0,134708.983
high_friction,0.993,379,0.0029579795204795205,1.0,0.44958481613285883,0.6202945990180033,0.5142249669931547,115414.20999999999,18157.773000000005,1137.0,0.0,134708.983
high_friction,0.994,379,0.0029579795204795205,1.0,0.44958481613285883,0.6202945990180033,0.5142249669931547,115414.20999999999,18157.773000000005,1137.0,0.0,134708.983
high_friction,0.995,379,0.0029579795204795205,1.0,0.44958481613285883,0.6202945990180033,0.5142249669931547,115414.20999999999,18157.773000000005,1137.0,0.0,134708.983
high_friction,0.996,379,0.0029579795204795205,1.0,0.44958481613285883,0.6202945990180033,0.5142249669931547,115414.20999999999,18157.773000000005,1137.0,0.0,134708.983
high_friction,0.997,379,0.0029579795204795205,1.0,0.44958481613285883,0.6202945990180033,0.5142249669931547,115414.20999999999,18157.773000000005,1137.0,0.0,134708.983
high_friction,0.998,379,0.0029579795204795205,1.0,0.44958481613285883,0.6202945990180033,0.5142249669931547,115414.20999999999,18157.773000000005,1137.0,0.0,134708.983
high_friction,0.999,379,0.0029579795204795205,1.0,0.44958481613285883,0.6202945990180033,0.5142249669931547,115414.20999999999,18157.773000000005,1137.0,0.0,134708.983
